id,serial,status,order_date,receive_date,warranty_date,expiry_date,install_date,remove_date,detector_id,sensor_type_id
1,S014170194D4,OP,,2023-04-30,2025-05-30,2025-05-30,,,1,1
2,S014170048D4,OP,,2023-04-30,2025-05-30,2025-05-30,,,2,1
3,S014170602C2,OP,,2022-02-28,2024-03-28,2024-03-28,,,3,1
4,S014170196D4,OP,,2023-04-30,2025-05-30,2025-05-30,,,4,1
5,S014170042D4,OP,,2023-04-30,2025-05-30,2025-05-30,,,6,1
6,S014170038D4,OP,,2023-04-30,2025-05-30,2025-05-30,,,7,1
7,S014170219D4,DC,,2023-04-30,2025-05-30,2025-05-30,,2026-05-18,8,1
8,S014170251D4,OP,,2023-04-30,2025-05-30,2025-05-30,,,9,1
9,S014170183D4,OP,,2023-04-30,2025-05-30,2025-05-30,,,10,1
10,S014170435D5,OP,,2023-05-31,2025-06-30,2025-06-30,,,11,1
11,S014170197D5,OP,,2023-05-31,2025-06-30,2025-06-30,,,12,1
12,S014170163D4,OP,,2023-04-30,2025-05-30,2025-05-30,,,13,1
13,S014170292D4,OP,,2023-04-30,2025-05-30,2025-05-30,,,14,1
14,S014170068D4,OP,,2023-04-30,2025-05-30,2025-05-30,,,15,1
15,S014170116D4,OP,,2023-04-30,2025-05-30,2025-05-30,,,16,1
16,S014170200D4,OP,,2023-04-30,2025-05-30,2025-05-30,,,17,1
17,S014170302D4,DC,,2023-04-30,2025-05-30,2025-05-30,,2026-05-19,18,1
18,S014170307D4,OP,,2023-04-30,2025-05-30,2025-05-30,,,19,1
19,S014170226D4,OP,,2023-04-30,2025-05-30,2025-05-30,,,20,1
20,S014170079D4,OP,,2023-04-30,2025-05-30,2025-05-30,,,21,1
21,S014170300D4,OP,,2023-04-30,2025-05-30,2025-05-30,,,22,1
22,S014170233D4,OP,,2023-04-30,2025-05-30,2025-05-30,,,23,1
23,S014170158D4,OP,,2023-04-30,2025-05-30,2025-05-30,,,24,1
24,S014170063D4,OP,,2023-04-30,2025-05-30,2025-05-30,,,25,1
25,S014170056D4,OP,,2023-04-30,2025-05-30,2025-05-30,,,26,1
26,S014170156D5,OP,,2023-05-31,2025-06-30,2025-06-30,,,27,1
27,S014170374D5,OP,,2023-05-31,2025-06-30,2025-06-30,,,28,1
28,S014170036D4,OP,,2023-04-30,2025-05-30,2025-05-30,,,29,1
29,S014170229D4,OP,,2023-04-30,2025-05-30,2025-05-30,,,30,1
30,S014170190D5,OP,,2023-05-31,2025-06-30,2025-06-30,,,32,1
31,S014170167D4,OP,,2023-04-30,2025-05-30,2025-05-30,,,33,1
32,S014170154D5,OP,,2023-05-31,2025-06-30,2025-06-30,,,34,1
33,S014170363D4,OP,,2023-04-30,2025-05-30,2025-05-30,,,35,1
34,S014170189D4,OP,,2023-04-30,2025-05-30,2025-05-30,,,36,1
35,S014170041D4,OP,,2023-04-30,2025-05-30,2025-05-30,,,37,1
36,S014170092D4,OP,,2023-04-30,2025-05-30,2025-05-30,,,38,1
37,S014170341D4,OP,,2023-04-30,2025-05-30,2025-05-30,,,39,1
38,S014170122D4,OP,,2023-04-30,2025-05-30,2025-05-30,,,40,1
39,S014170145D4,OP,,2023-04-30,2025-05-30,2025-05-30,,,41,1
40,S014170026D4,OP,,2023-04-30,2025-05-30,2025-05-30,,,42,1
41,S014170108D4,OP,,2023-04-30,2025-05-30,2025-05-30,,,43,1
42,S014170293D4,OP,,2023-04-30,2025-05-30,2025-05-30,,,44,1
43,S014170186D4,OP,,2023-04-30,2025-05-30,2025-05-30,,,45,1
44,S014170202D4,OP,,2023-04-30,2025-05-30,2025-05-30,,,46,1
45,S014170275D4,OP,,2023-04-30,2025-05-30,2025-05-30,,,47,1
46,S014170139D4,OP,,2023-04-30,2025-05-30,2025-05-30,,,48,1
47,S014170491D5,OP,,2023-05-31,2025-06-30,2025-06-30,,,49,1
48,S014170176D4,OP,,2023-04-30,2025-05-30,2025-05-30,,,50,1
49,S014170492D5,DC,,2023-05-31,2025-06-30,2025-06-30,,2026-05-19,51,1
50,S014170498D5,OP,,2023-05-31,2025-06-30,2025-06-30,,,52,1
51,S014170407D5,OP,,2023-05-31,2025-06-30,2025-06-30,,,53,1
52,S014170271D4,OP,,2023-04-30,2025-05-30,2025-05-30,,,54,1
53,S014170053D4,OP,,2023-04-30,2025-05-30,2025-05-30,,,55,1
54,S014170294D4,OP,,2023-04-30,2025-05-30,2025-05-30,,,56,1
55,S014170140D4,OP,,2023-04-30,2025-05-30,2025-05-30,,,57,1
56,S014170182D4,OP,,2023-04-30,2025-05-30,2025-05-30,,,58,1
57,S014170157D4,OP,,2023-04-30,2025-05-30,2025-05-30,,,59,1
58,S014170115D4,OP,,2023-04-30,2025-05-30,2025-05-30,,,60,1
59,S014170234D4,OP,,2023-04-30,2025-05-30,2025-05-30,,,62,1
60,S014170489D5,OP,,2023-05-31,2025-06-30,2025-06-30,,,63,1
61,S014170476D5,OP,,2023-05-31,2025-06-30,2025-06-30,,,65,1
62,S014170295D4,OP,,2023-04-30,2025-05-30,2025-05-30,,,66,1
63,S014170642E7,OP,,2024-07-31,2026-08-31,2026-08-31,,,68,1
64,S014170124D4,OP,,2023-04-30,2025-05-30,2025-05-30,,,69,1
65,S014170142D4,OP,,2023-04-30,2025-05-30,2025-05-30,,,70,1
66,S014170490D5,OP,,2023-05-31,2025-06-30,2025-06-30,,,71,1
67,S014170162D4,OP,,2023-04-30,2025-05-30,2025-05-30,,,72,1
68,S014170081D4,OP,,2023-04-30,2025-05-30,2025-05-30,,,73,1
69,S014170003D4,OP,,2023-04-30,2025-05-30,2025-05-30,,,74,1
70,S014170285D4,OP,,2023-04-30,2025-05-30,2025-05-30,,,75,1
71,S014170284D4,OP,,2023-04-30,2025-05-30,2025-05-30,,,76,1
72,S014170255D4,OP,,2023-04-30,2025-05-30,2025-05-30,,,77,1
73,S014170199D4,OP,,2023-04-30,2025-05-30,2025-05-30,,,78,1
74,S014170178D4,OP,,2023-04-30,2025-05-30,2025-05-30,,,79,1
75,S014170445D5,OP,,2023-05-31,2025-06-30,2025-06-30,,,80,1
76,S014170460D5,OP,,2023-05-31,2025-06-30,2025-06-30,,,81,1
77,S014170432D5,OP,,2023-05-31,2025-06-30,2025-06-30,,,82,1
78,S014170256D4,OP,,2023-04-30,2025-05-30,2025-05-30,,,83,1
79,S014170434D5,OP,,2023-05-31,2025-06-30,2025-06-30,,,84,1
80,S014170120F8,OP,,2025-08-31,2027-09-30,2027-09-30,,,85,1
81,S014170073D4,OP,,2023-04-30,2025-05-30,2025-05-30,,,86,1
82,S014170249D4,OP,,2023-04-30,2025-05-30,2025-05-30,,,87,1
83,S014170082D4,OP,,2023-04-30,2025-05-30,2025-05-30,,,88,1
84,S014170303D4,OP,,2023-04-30,2025-05-30,2025-05-30,,,89,1
85,S014170243D4,OP,,2023-04-30,2025-05-30,2025-05-30,,,90,1
86,S014170481D5,OP,,2023-05-31,2025-06-30,2025-06-30,,,91,1
87,S014170114F8,OP,,2025-08-31,2027-09-30,2027-09-30,,,92,1
88,S014170329AB,OP,,2020-11-30,2022-12-30,2022-12-30,,,93,1
89,S014170084D4,DC,,2023-04-30,2025-05-30,2025-05-30,,2026-05-19,94,1
90,S014170291D4,OP,,2023-04-30,2025-05-30,2025-05-30,,,95,1
91,S014170044D4,OP,,2023-04-30,2025-05-30,2025-05-30,,,96,1
92,S014170272D4,OP,,2023-04-30,2025-05-30,2025-05-30,,,97,1
93,S014170465D5,OP,,2023-05-31,2025-06-30,2025-06-30,,,98,1
94,S014170260D4,OP,,2023-04-30,2025-05-30,2025-05-30,,,99,1
95,S014170245D4,OP,,2023-04-30,2025-05-30,2025-05-30,,,100,1
96,S014170131D4,OP,,2023-04-30,2025-05-30,2025-05-30,,,101,1
97,S014170013F8,OP,,2025-08-31,2027-09-30,2027-09-30,,,102,1
98,S014170103D4,OP,,2023-04-30,2025-05-30,2025-05-30,,,103,1
99,S014170002D4,OP,,2023-04-30,2025-05-30,2025-05-30,,,104,1
100,S014170259D4,OP,,2023-04-30,2025-05-30,2025-05-30,,,105,1
101,S014170076D4,OP,,2023-04-30,2025-05-30,2025-05-30,,,106,1
102,S014170102D4,OP,,2023-04-30,2025-05-30,2025-05-30,,,107,1
103,S014170197D4,OP,,2023-04-30,2025-05-30,2025-05-30,,,108,1
104,S014170037D4,OP,,2023-04-30,2025-05-30,2025-05-30,,,109,1
105,S014170029D4,OP,,2023-04-30,2025-05-30,2025-05-30,,,110,1
106,S014170276D4,OP,,2023-04-30,2025-05-30,2025-05-30,,,111,1
107,S014170143D4,DC,,2023-04-30,2025-05-30,2025-05-30,,2026-05-19,112,1
108,S014170059D4,DC,,2023-04-30,2025-05-30,2025-05-30,,2026-05-19,113,1
109,S014170385D4,OP,,2023-04-30,2025-05-30,2025-05-30,,,114,1
110,S014170296D4,OP,,2023-04-30,2025-05-30,2025-05-30,,,115,1
111,S014170035D4,OP,,2023-04-30,2025-05-30,2025-05-30,,,116,1
112,S014170211D4,OP,,2023-04-30,2025-05-30,2025-05-30,,,117,1
113,S014170135D4,OP,,2023-04-30,2025-05-30,2025-05-30,,,118,1
114,S014170052D4,OP,,2023-04-30,2025-05-30,2025-05-30,,,119,1
115,S014170001D4,OP,,2023-04-30,2025-05-30,2025-05-30,,,121,1
116,S014170045D4,OP,,2023-04-30,2025-05-30,2025-05-30,,,122,1
117,S014170168D4,OP,,2023-04-30,2025-05-30,2025-05-30,,,123,1
118,S014170021D4,OP,,2023-04-30,2025-05-30,2025-05-30,,,124,1
119,S014170087D4,OP,,2023-04-30,2025-05-30,2025-05-30,,,125,1
120,S014170071D4,OP,,2023-04-30,2025-05-30,2025-05-30,,,126,1
121,S014170242D4,OP,,2023-04-30,2025-05-30,2025-05-30,,,127,1
122,S014170030D4,OP,,2023-04-30,2025-05-30,2025-05-30,,,128,1
123,S014170033D4,OP,,2023-04-30,2025-05-30,2025-05-30,,,129,1
124,S014170128F8,OP,,2025-08-31,2027-09-30,2027-09-30,,,130,1
125,S014170216D4,OP,,2023-04-30,2025-05-30,2025-05-30,,,131,1
126,S014170053F8,OP,,2025-08-31,2027-09-30,2027-09-30,,,132,1
127,S014170049D4,OP,,2023-04-30,2025-05-30,2025-05-30,,,133,1
128,S014170258D4,OP,,2023-04-30,2025-05-30,2025-05-30,,,134,1
129,S014170209D4,OP,,2023-04-30,2025-05-30,2025-05-30,,,135,1
130,S014170052F8,OP,,2025-08-31,2027-09-30,2027-09-30,,,136,1
131,S014170022D4,OP,,2023-04-30,2025-05-30,2025-05-30,,,137,1
132,S014170192D4,OP,,2023-04-30,2025-05-30,2025-05-30,,,139,1
133,S014170178D5,OP,,2023-05-31,2025-06-30,2025-06-30,,,140,1
134,S014170149D4,DC,,2023-04-30,2025-05-30,2025-05-30,,2026-05-19,141,1
135,S014170195D4,OP,,2023-04-30,2025-05-30,2025-05-30,,,142,1
136,S014170205D4,OP,,2023-04-30,2025-05-30,2025-05-30,,,143,1
137,S014170161D4,OP,,2023-04-30,2025-05-30,2025-05-30,,,144,1
138,S014170019D4,OP,,2023-04-30,2025-05-30,2025-05-30,,,145,1
139,S014170152D4,OP,,2023-04-30,2025-05-30,2025-05-30,,,146,1
140,S014170107D4,OP,,2023-04-30,2025-05-30,2025-05-30,,,147,1
141,S014170184D4,OP,,2023-04-30,2025-05-30,2025-05-30,,,148,1
142,S014170200D5,OP,,2023-05-31,2025-06-30,2025-06-30,,,150,1
143,S014170100D4,OP,,2023-04-30,2025-05-30,2025-05-30,,,151,1
144,S014170177D5,OP,,2023-05-31,2025-06-30,2025-06-30,,,152,1
145,S014170142D5,OP,,2023-05-31,2025-06-30,2025-06-30,,,153,1
146,S014170148D5,OP,,2023-05-31,2025-06-30,2025-06-30,,,154,1
147,S014170139D5,OP,,2023-05-31,2025-06-30,2025-06-30,,,155,1
148,S014170095D4,DC,,2023-04-30,2025-05-30,2025-05-30,,2026-05-19,156,1
149,S014170198D4,OP,,2023-04-30,2025-05-30,2025-05-30,,,157,1
150,S014170066D4,OP,,2023-04-30,2025-05-30,2025-05-30,,,160,1
151,S014170181D4,OP,,2023-04-30,2025-05-30,2025-05-30,,,162,1
152,S014170062D4,OP,,2023-04-30,2025-05-30,2025-05-30,,,163,1
153,S014170386D5,OP,,2023-05-31,2025-06-30,2025-06-30,,,164,1
154,S014170499D5,OP,,2023-05-31,2025-06-30,2025-06-30,,,165,1
155,S014170133F8,OP,,2025-08-31,2027-09-30,2027-09-30,,,166,1
156,S014170194D5,OP,,2023-05-31,2025-06-30,2025-06-30,,,167,1
157,S014170134F8,OP,,2025-08-31,2027-09-30,2027-09-30,,,168,1
158,S014170169D4,OP,,2023-04-30,2025-05-30,2025-05-30,,,170,1
159,S014170299D4,OP,,2023-04-30,2025-05-30,2025-05-30,,,171,1
160,S014170404D4,OP,,2023-04-30,2025-05-30,2025-05-30,,,172,1
161,S014170089D4,OP,,2023-04-30,2025-05-30,2025-05-30,,,173,1
162,S014170351D5,OP,,2023-05-31,2025-06-30,2025-06-30,,,174,1
163,S014170238D4,OP,,2023-04-30,2025-05-30,2025-05-30,,,175,1
164,S014170153D5,OP,,2023-05-31,2025-06-30,2025-06-30,,,176,1
165,S014170179D5,OP,,2023-05-31,2025-06-30,2025-06-30,,,177,1
166,S014170230D5,OP,,2023-05-31,2025-06-30,2025-06-30,,,178,1
167,S014170065D4,OP,,2023-04-30,2025-05-30,2025-05-30,,,179,1
168,S014170273D4,OP,,2023-04-30,2025-05-30,2025-05-30,,,180,1
169,S014170160D4,OP,,2023-04-30,2025-05-30,2025-05-30,,,181,1
170,S014170031F8,OP,,2025-08-31,2027-09-30,2027-09-30,,,182,1
171,S014170208D4,OP,,2023-04-30,2025-05-30,2025-05-30,,,183,1
172,S014170111D4,OP,,2023-04-30,2025-05-30,2025-05-30,,,184,1
173,S014170236D5,OP,,2023-05-31,2025-06-30,2025-06-30,,,185,1
174,S014170250D4,OP,,2023-04-30,2025-05-30,2025-05-30,,,186,1
175,S014170436D5,OP,,2023-05-31,2025-06-30,2025-06-30,,,187,1
176,S014170034D4,OP,,2023-04-30,2025-05-30,2025-05-30,,,188,1
177,S014170202F2,OP,,2025-02-28,2027-03-28,2027-03-28,,,189,1
178,S014170461D5,OP,,2023-05-31,2025-06-30,2025-06-30,,,190,1
179,S014170232D4,OP,,2023-04-30,2025-05-30,2025-05-30,,,191,1
180,S014170504D5,OP,,2023-05-31,2025-06-30,2025-06-30,,,192,1
181,S014170616C2,OP,,2022-02-28,2024-03-28,2024-03-28,,,193,1
182,S014170447D5,OP,,2023-05-31,2025-06-30,2025-06-30,,,195,1
183,S014170091D4,OP,,2023-04-30,2025-05-30,2025-05-30,,,196,1
184,S014170098D4,OP,,2023-04-30,2025-05-30,2025-05-30,,,197,1
185,S014170023D4,OP,,2023-04-30,2025-05-30,2025-05-30,,,198,1
186,S014170298D4,OP,,2023-04-30,2025-05-30,2025-05-30,,,199,1
187,S014170212D4,OP,,2023-04-30,2025-05-30,2025-05-30,,,200,1
188,S014170384D5,OP,,2023-05-31,2025-06-30,2025-06-30,,,201,1
189,S014170228D4,OP,,2023-04-30,2025-05-30,2025-05-30,,,202,1
190,S014170143D5,OP,,2023-05-31,2025-06-30,2025-06-30,,,204,1
191,S014170265D4,OP,,2023-04-30,2025-05-30,2025-05-30,,,205,1
192,S014170016D4,OP,,2023-04-30,2025-05-30,2025-05-30,,,206,1
193,S014170300D5,OP,,2023-05-31,2025-06-30,2025-06-30,,,207,1
194,S014170442D5,OP,,2023-05-31,2025-06-30,2025-06-30,,,208,1
195,S014170405D5,OP,,2023-05-31,2025-06-30,2025-06-30,,,209,1
196,S014170651C2,OP,,2022-02-28,2024-03-28,2024-03-28,,,210,1
197,S014170070AB,OP,,2020-11-30,2022-12-30,2022-12-30,,,211,1
198,S014170270D4,OP,,2023-04-30,2025-05-30,2025-05-30,,,212,1
199,S014170124D5,OP,,2023-05-31,2025-06-30,2025-06-30,,,213,1
200,S014170165D4,OP,,2023-04-30,2025-05-30,2025-05-30,,,214,1
201,S014170027F8,OP,,2025-08-31,2027-09-30,2027-09-30,,,215,1
202,S014170046D4,OP,,2023-04-30,2025-05-30,2025-05-30,,,216,1
203,S014170496D5,OP,,2023-05-31,2025-06-30,2025-06-30,,,217,1
204,S014170027D4,OP,,2023-04-30,2025-05-30,2025-05-30,,,218,1
205,S014170405D4,OP,,2023-04-30,2025-05-30,2025-05-30,,,219,1
206,S014170247D4,OP,,2023-04-30,2025-05-30,2025-05-30,,,220,1
207,S014170022F8,OP,,2025-08-31,2027-09-30,2027-09-30,,,221,1
208,S014170463D5,OP,,2023-05-31,2025-06-30,2025-06-30,,,222,1
209,S014170131F8,OP,,2025-08-31,2027-09-30,2027-09-30,,,224,1
210,S014170226D5,OP,,2023-05-31,2025-06-30,2025-06-30,,,225,1
211,S014170101D4,OP,,2023-04-30,2025-05-30,2025-05-30,,,227,1
212,S014170133D5,OP,,2023-05-31,2025-06-30,2025-06-30,,,228,1
213,S014170477D5,OP,,2023-05-31,2025-06-30,2025-06-30,,,229,1
214,S014170129D5,OP,,2023-05-31,2025-06-30,2025-06-30,,,230,1
215,S014170240D4,OP,,2023-04-30,2025-05-30,2025-05-30,,,231,1
216,S014170170D4,OP,,2023-04-30,2025-05-30,2025-05-30,,,232,1
217,S014170403D5,OP,,2023-05-31,2025-06-30,2025-06-30,,,233,1
218,S014170137D4,OP,,2023-04-30,2025-05-30,2025-05-30,,,234,1
219,S014170268D4,OP,,2023-04-30,2025-05-30,2025-05-30,,,235,1
220,S014170232D5,OP,,2023-05-31,2025-06-30,2025-06-30,,,237,1
221,S014170054D4,OP,,2023-04-30,2025-05-30,2025-05-30,,,238,1
222,S014170123D4,OP,,2023-04-30,2025-05-30,2025-05-30,,,239,1
223,S014170487D5,OP,,2023-05-31,2025-06-30,2025-06-30,,,240,1
224,S014170128D5,OP,,2023-05-31,2025-06-30,2025-06-30,,,241,1
225,S014170353D5,OP,,2023-05-31,2025-06-30,2025-06-30,,,242,1
226,S014170146D5,OP,,2023-05-31,2025-06-30,2025-06-30,,,243,1
227,S014170090D4,OP,,2023-04-30,2025-05-30,2025-05-30,,,244,1
228,S014170155D4,OP,,2023-04-30,2025-05-30,2025-05-30,,,245,1
229,S014170251D5,OP,,2023-05-31,2025-06-30,2025-06-30,,,246,1
230,S014170077D4,OP,,2023-04-30,2025-05-30,2025-05-30,,,247,1
231,S014170233D5,OP,,2023-05-31,2025-06-30,2025-06-30,,,248,1
232,S014170193D4,OP,,2023-04-30,2025-05-30,2025-05-30,,,249,1
233,S014170478D5,OP,,2023-05-31,2025-06-30,2025-06-30,,,251,1
234,S014170008F8,OP,,2025-08-31,2027-09-30,2027-09-30,,,252,1
235,S014170241D4,OP,,2023-04-30,2025-05-30,2025-05-30,,,254,1
236,S014170263D4,OP,,2023-04-30,2025-05-30,2025-05-30,,,255,1
237,S014170224D4,OP,,2023-04-30,2025-05-30,2025-05-30,,,256,1
238,S014170407D4,OP,,2023-04-30,2025-05-30,2025-05-30,,,257,1
239,S014170141D5,OP,,2023-05-31,2025-06-30,2025-06-30,,,258,1
240,S014170127F8,OP,,2025-08-31,2027-09-30,2027-09-30,,,259,1
241,S014170028D4,OP,,2023-04-30,2025-05-30,2025-05-30,,,261,1
242,S014170193F2,OP,,2025-02-28,2027-03-28,2027-03-28,,,262,1
243,S014170173D4,OP,,2023-04-30,2025-05-30,2025-05-30,,,264,1
244,S014170282D4,OP,,2023-04-30,2025-05-30,2025-05-30,,,265,1
245,S014170480D5,OP,,2023-05-31,2025-06-30,2025-06-30,,,266,1
246,S014170281D4,OP,,2023-04-30,2025-05-30,2025-05-30,,,268,1
247,S014170109D4,OP,,2023-04-30,2025-05-30,2025-05-30,,,269,1
248,S014170075D4,OP,,2023-04-30,2025-05-30,2025-05-30,,,270,1
249,S014170184D5,OP,,2023-05-31,2025-06-30,2025-06-30,,,271,1
250,S014170174D4,OP,,2023-04-30,2025-05-30,2025-05-30,,,272,1
251,S014170067D4,OP,,2023-04-30,2025-05-30,2025-05-30,,,273,1
252,S014170495D5,OP,,2023-05-31,2025-06-30,2025-06-30,,,274,1
253,S014170083D4,OP,,2023-04-30,2025-05-30,2025-05-30,,,276,1
254,S014170006F8,OP,,2025-08-31,2027-09-30,2027-09-30,,,277,1
255,S014170088D4,OP,,2023-04-30,2025-05-30,2025-05-30,,,278,1
256,S014170493D5,OP,,2023-05-31,2025-06-30,2025-06-30,,,279,1
257,S014170060D4,OP,,2023-04-30,2025-05-30,2025-05-30,,,280,1
258,S014170254D4,OP,,2023-04-30,2025-05-30,2025-05-30,,,281,1
259,S014170248D4,OP,,2023-04-30,2025-05-30,2025-05-30,,,284,1
260,S014170172D4,OP,,2023-04-30,2025-05-30,2025-05-30,,,286,1
261,S014170150D4,OP,,2023-04-30,2025-05-30,2025-05-30,,,287,1
262,S014170187D4,OP,,2023-04-30,2025-05-30,2025-05-30,,,288,1
263,S014170227D5,OP,,2023-05-31,2025-06-30,2025-06-30,,,289,1
264,S014170128D4,OP,,2023-04-30,2025-05-30,2025-05-30,,,290,1
265,S014170112D4,OP,,2023-04-30,2025-05-30,2025-05-30,,,291,1
266,S014170129D4,OP,,2023-04-30,2025-05-30,2025-05-30,,,292,1
267,S014170125D5,OP,,2023-05-31,2025-06-30,2025-06-30,,,293,1
268,S014170286D4,OP,,2023-04-30,2025-05-30,2025-05-30,,,294,1
269,S014170297D4,OP,,2023-04-30,2025-05-30,2025-05-30,,,295,1
270,S014170231D4,OP,,2023-04-30,2025-05-30,2025-05-30,,,296,1
271,S014170456D5,OP,,2023-05-31,2025-06-30,2025-06-30,,,297,1
272,S014170141D4,OP,,2023-04-30,2025-05-30,2025-05-30,,,298,1
273,S014170004D4,OP,,2023-04-30,2025-05-30,2025-05-30,,,299,1
274,S014170236D4,OP,,2023-04-30,2025-05-30,2025-05-30,,,300,1
275,S014170204D4,OP,,2023-04-30,2025-05-30,2025-05-30,,,301,1
276,S014170210D4,OP,,2023-04-30,2025-05-30,2025-05-30,,,302,1
277,S014170029F8,OP,,2025-08-31,2027-09-30,2027-09-30,,,303,1
278,S014170372D5,OP,,2023-05-31,2025-06-30,2025-06-30,,,304,1
279,S014170039D4,OP,,2023-04-30,2025-05-30,2025-05-30,,,305,1
280,S014170277D4,OP,,2023-04-30,2025-05-30,2025-05-30,,,306,1
281,S014170223D5,OP,,2023-05-31,2025-06-30,2025-06-30,,,307,1
282,S014170278D4,OP,,2023-04-30,2025-05-30,2025-05-30,,,308,1
283,S014170135D5,DC,,2023-05-31,2025-06-30,2025-06-30,,2026-05-19,309,1
284,S014170130D5,OP,,2023-05-31,2025-06-30,2025-06-30,,,311,1
285,S014170385D5,OP,,2023-05-31,2025-06-30,2025-06-30,,,312,1
286,S014170191D4,OP,,2023-04-30,2025-05-30,2025-05-30,,,313,1
287,S014170441D5,OP,,2023-05-31,2025-06-30,2025-06-30,,,315,1
288,S014170406D5,OP,,2023-05-31,2025-06-30,2025-06-30,,,316,1
289,S014170130D4,OP,,2023-04-30,2025-05-30,2025-05-30,,,317,1
290,S014170203D5,OP,,2023-05-31,2025-06-30,2025-06-30,,,318,1
291,S014170321D5,OP,,2023-05-31,2025-06-30,2025-06-30,,,319,1
292,S014170134D4,OP,,2023-04-30,2025-05-30,2025-05-30,,,320,1
293,S014170114D4,OP,,2023-04-30,2025-05-30,2025-05-30,,,321,1
294,S014170235D4,OP,,2023-04-30,2025-05-30,2025-05-30,,,322,1
295,S014170279D4,OP,,2023-04-30,2025-05-30,2025-05-30,,,323,1
296,S014170136D4,OP,,2023-04-30,2025-05-30,2025-05-30,,,324,1
297,S014170215D4,OP,,2023-04-30,2025-05-30,2025-05-30,,,325,1
298,S014170382D4,OP,,2023-04-30,2025-05-30,2025-05-30,,,326,1
299,S014170225D4,OP,,2023-04-30,2025-05-30,2025-05-30,,,327,1
300,S014170267D4,OP,,2023-04-30,2025-05-30,2025-05-30,,,328,1
301,S014170051F8,OP,,2025-08-31,2027-09-30,2027-09-30,,,329,1
302,S014170147D4,OP,,2023-04-30,2025-05-30,2025-05-30,,,331,1
303,S014170214D4,OP,,2023-04-30,2025-05-30,2025-05-30,,,332,1
304,S014170055D4,OP,,2023-04-30,2025-05-30,2025-05-30,,,333,1
305,S014170185D4,OP,,2023-04-30,2025-05-30,2025-05-30,,,334,1
306,S014170078D4,OP,,2023-04-30,2025-05-30,2025-05-30,,,335,1
307,S014170066C2,OP,,2022-02-28,2024-03-28,2024-03-28,,,336,1
308,S014170218D4,OP,,2023-04-30,2025-05-30,2025-05-30,,,337,1
309,S014170156D4,OP,,2023-04-30,2025-05-30,2025-05-30,,,338,1
310,S014170495E7,OP,,2024-07-31,2026-08-31,2026-08-31,,,339,1
311,S014170171D4,OP,,2023-04-30,2025-05-30,2025-05-30,,,340,1
312,S014170227D4,OP,,2023-04-30,2025-05-30,2025-05-30,,,342,1
313,S014170151D4,OP,,2023-04-30,2025-05-30,2025-05-30,,,343,1
314,S014170117D4,OP,,2023-04-30,2025-05-30,2025-05-30,,,344,1
315,S014170190D4,OP,,2023-04-30,2025-05-30,2025-05-30,,,345,1
316,S014170264D4,OP,,2023-04-30,2025-05-30,2025-05-30,,,346,1
317,S014170121D5,OP,,2023-05-31,2025-06-30,2025-06-30,,,347,1
318,S014170207D4,OP,,2023-04-30,2025-05-30,2025-05-30,,,348,1
319,S014170132D4,OP,,2023-04-30,2025-05-30,2025-05-30,,,349,1
320,S014170164D4,OP,,2023-04-30,2025-05-30,2025-05-30,,,350,1
321,S014170437D5,OP,,2023-05-31,2025-06-30,2025-06-30,,,351,1
322,S014170261D4,OP,,2023-04-30,2025-05-30,2025-05-30,,,352,1
323,S014170450D5,OP,,2023-05-31,2025-06-30,2025-06-30,,,353,1
324,S014170370D5,OP,,2023-05-31,2025-06-30,2025-06-30,,,354,1
325,S014170408D5,OP,,2023-05-31,2025-06-30,2025-06-30,,,355,1
326,S014170166D4,OP,,2023-04-30,2025-05-30,2025-05-30,,,356,1
327,S014170464D5,OP,,2023-05-31,2025-06-30,2025-06-30,,,357,1
328,S014170104D4,OP,,2023-04-30,2025-05-30,2025-05-30,,,358,1
329,S014170253D4,OP,,2023-04-30,2025-05-30,2025-05-30,,,359,1
330,S014170266D4,OP,,2023-04-30,2025-05-30,2025-05-30,,,360,1
331,S014170119D4,OP,,2023-04-30,2025-05-30,2025-05-30,,,361,1
332,S014170188D4,OP,,2023-04-30,2025-05-30,2025-05-30,,,362,1
333,S014170239D4,OP,,2023-04-30,2025-05-30,2025-05-30,,,363,1
334,S014170120D5,OP,,2023-05-31,2025-06-30,2025-06-30,,,364,1
335,S014170138D4,OP,,2023-04-30,2025-05-30,2025-05-30,,,365,1
336,S014170406D4,OP,,2023-04-30,2025-05-30,2025-05-30,,,366,1
337,S014170378D5,OP,,2023-05-31,2025-06-30,2025-06-30,,,367,1
338,S014170157D5,OP,,2023-05-31,2025-06-30,2025-06-30,,,368,1
339,S014170281D5,OP,,2023-05-31,2025-06-30,2025-06-30,,,369,1
340,S014170126D5,OP,,2023-05-31,2025-06-30,2025-06-30,,,370,1
341,S014170137D5,OP,,2023-05-31,2025-06-30,2025-06-30,,,371,1
342,S014170354D5,OP,,2023-05-31,2025-06-30,2025-06-30,,,372,1
343,S014170352D5,OP,,2023-05-31,2025-06-30,2025-06-30,,,373,1
344,S014170224D5,OP,,2023-05-31,2025-06-30,2025-06-30,,,374,1
345,S014170298D5,OP,,2023-05-31,2025-06-30,2025-06-30,,,375,1
346,S014170138D5,OP,,2023-05-31,2025-06-30,2025-06-30,,,376,1
347,S014170123D5,OP,,2023-05-31,2025-06-30,2025-06-30,,,377,1
348,S014170225D5,OP,,2023-05-31,2025-06-30,2025-06-30,,,378,1
349,S014170371D5,OP,,2023-05-31,2025-06-30,2025-06-30,,,380,1
350,S014170252D4,OP,,2023-04-30,2025-05-30,2025-05-30,,,381,1
351,S014170086D4,OP,,2023-04-30,2025-05-30,2025-05-30,,,382,1
352,S014170180D5,OP,,2023-05-31,2025-06-30,2025-06-30,,,383,1
353,S014170369D5,OP,,2023-05-31,2025-06-30,2025-06-30,,,384,1
354,S014170186D5,OP,,2023-05-31,2025-06-30,2025-06-30,,,385,1
355,S014170290D4,OP,,2023-04-30,2025-05-30,2025-05-30,,,386,1
356,S014170099D4,OP,,2023-04-30,2025-05-30,2025-05-30,,,387,1
357,S014170155D5,OP,,2023-05-31,2025-06-30,2025-06-30,,,388,1
358,S014170192D5,OP,,2023-05-31,2025-06-30,2025-06-30,,,389,1
359,S014170131D5,DC,,2023-05-31,2025-06-30,2025-06-30,,2026-05-19,390,1
360,S014170220D5,OP,,2023-05-31,2025-06-30,2025-06-30,,,391,1
361,S014170127D5,OP,,2023-05-31,2025-06-30,2025-06-30,,,392,1
362,S014170404D5,OP,,2023-05-31,2025-06-30,2025-06-30,,,393,1
363,S014170238D5,OP,,2023-05-31,2025-06-30,2025-06-30,,,394,1
364,S014170320D5,OP,,2023-05-31,2025-06-30,2025-06-30,,,395,1
365,S014170222D5,OP,,2023-05-31,2025-06-30,2025-06-30,,,396,1
366,S014170312D5,OP,,2023-05-31,2025-06-30,2025-06-30,,,397,1
367,S014170145D5,OP,,2023-05-31,2025-06-30,2025-06-30,,,398,1
368,S014170185D5,DC,,2023-05-31,2025-06-30,2025-06-30,,2026-05-19,399,1
369,S014170299D5,OP,,2023-05-31,2025-06-30,2025-06-30,,,400,1
370,S014170458D5,OP,,2023-05-31,2025-06-30,2025-06-30,,,401,1
371,S014170380E7,OP,,2024-07-31,2026-08-31,2026-08-31,,,402,1
372,S014170491E7,OP,,2024-07-31,2026-08-31,2026-08-31,,,403,1
373,S014170058D4,OP,,2023-04-30,2025-05-30,2025-05-30,,,404,1
374,S014170438D5,DC,,2023-05-31,2025-06-30,2025-06-30,,2026-05-19,405,1
375,S014170378E7,OP,,2024-07-31,2026-08-31,2026-08-31,,,406,1
376,S014170342BB,OP,,2021-11-30,2023-12-30,2023-12-30,,,407,1
377,S014170367D5,OP,,2023-05-31,2025-06-30,2025-06-30,,,408,1
378,S014170093D4,OP,,2023-04-30,2025-05-30,2025-05-30,,,409,1
379,S014170448D5,OP,,2023-05-31,2025-06-30,2025-06-30,,,410,1
380,S014170453E7,OP,,2024-07-31,2026-08-31,2026-08-31,,,411,1
381,S014170534E7,OP,,2024-07-31,2026-08-31,2026-08-31,,,412,1
382,S014170417E7,OP,,2024-07-31,2026-08-31,2026-08-31,,,413,1
383,S014170057EA,OP,,2024-10-31,2026-11-30,2026-11-30,,,414,1
384,S014170018EA,OP,,2024-10-31,2026-11-30,2026-11-30,,,415,1
385,S014170038EA,OP,,2024-10-31,2026-11-30,2026-11-30,,,416,1
386,S014170002EA,OP,,2024-10-31,2026-11-30,2026-11-30,,,417,1
387,S014170017EA,OP,,2024-10-31,2026-11-30,2026-11-30,,,418,1
388,S014170037EA,OP,,2024-10-31,2026-11-30,2026-11-30,,,419,1
389,S014170017E8,OP,,2024-08-31,2026-09-30,2026-09-30,,,420,1
390,S014170012EA,OP,,2024-10-31,2026-11-30,2026-11-30,,,421,1
391,S014170003EA,OP,,2024-10-31,2026-11-30,2026-11-30,,,422,1
392,S014170010EA,OP,,2024-10-31,2026-11-30,2026-11-30,,,423,1
393,S014170001EA,OP,,2024-10-31,2026-11-30,2026-11-30,,,424,1
394,S014170011EA,OP,,2024-10-31,2026-11-30,2026-11-30,,,425,1
395,S014170009EA,OP,,2024-10-31,2026-11-30,2026-11-30,,,426,1
396,S014170039EA,OP,,2024-10-31,2026-11-30,2026-11-30,,,427,1
397,S014170029EA,OP,,2024-10-31,2026-11-30,2026-11-30,,,428,1
398,S014170040EA,OP,,2024-10-31,2026-11-30,2026-11-30,,,429,1
399,S014170294D5,OP,,2023-05-31,2025-06-30,2025-06-30,,,430,1
400,S014170151D5,OP,,2023-05-31,2025-06-30,2025-06-30,,,431,1
401,S014170054F8,OP,,2025-08-31,2027-09-30,2027-09-30,,,432,1
402,S014170037A4,OP,,2020-04-30,2022-05-30,2022-05-30,,,433,1
403,S014170122F8,OP,,2025-08-31,2027-09-30,2027-09-30,,,434,1
404,S014170073EA,OP,,2024-10-31,2026-11-30,2026-11-30,,,435,1
405,S014170053EA,OP,,2024-10-31,2026-11-30,2026-11-30,,,436,1
406,S031404047EA,OP,,2024-10-31,2026-11-30,2026-11-30,,,437,1
407,S014170050EA,OP,,2024-10-31,2026-11-30,2026-11-30,,,438,1
408,S014170375D5,OP,,2023-05-31,2025-06-30,2025-06-30,,,439,1
409,S014170096D4,OP,,2023-04-30,2025-05-30,2025-05-30,,,440,1
410,S014170196D5,OP,,2023-05-31,2025-06-30,2025-06-30,,,441,1
411,S014170169F4,OP,,2025-04-30,2027-05-30,2027-05-30,,,443,1
412,S014170144F4,OP,,2025-04-30,2027-05-30,2027-05-30,,,444,1
413,S014170108F4,OP,,2025-04-30,2027-05-30,2027-05-30,,,445,1
414,S014170103F4,OP,,2025-04-30,2027-05-30,2027-05-30,,,446,1
415,S014170105F4,OP,,2025-04-30,2027-05-30,2027-05-30,,,447,1
416,S014170147F4,OP,,2025-04-30,2027-05-30,2027-05-30,,,448,1
417,S014170116F4,OP,,2025-04-30,2027-05-30,2027-05-30,,,449,1
418,S014170165F4,OP,,2025-04-30,2027-05-30,2027-05-30,,,450,1
419,S014170091F4,OP,,2025-04-30,2027-05-30,2027-05-30,,,451,1
420,S014170102F4,OP,,2025-04-30,2027-05-30,2027-05-30,,,452,1
421,S014170101F4,OP,,2025-04-30,2027-05-30,2027-05-30,,,453,1
422,S014170104F4,OP,,2025-04-30,2027-05-30,2027-05-30,,,454,1
423,S014170201F4,OP,,2025-04-30,2027-05-30,2027-05-30,,,455,1
424,S014170168F4,OP,,2025-04-30,2027-05-30,2027-05-30,,,456,1
425,S014170113F4,OP,,2025-04-30,2027-05-30,2027-05-30,,,457,1
426,S014170146F4,OP,,2025-04-30,2027-05-30,2027-05-30,,,458,1
427,S014170122F4,OP,,2025-04-30,2027-05-30,2027-05-30,,,459,1
428,S014170115F4,OP,,2025-04-30,2027-05-30,2027-05-30,,,460,1
429,S014170114F4,OP,,2025-04-30,2027-05-30,2027-05-30,,,461,1
430,S014170170F4,OP,,2025-04-30,2027-05-30,2027-05-30,,,462,1
431,S014170149F4,OP,,2025-04-30,2027-05-30,2027-05-30,,,463,1
432,S014170148F4,OP,,2025-04-30,2027-05-30,2027-05-30,,,464,1
433,S014170088F4,OP,,2025-04-30,2027-05-30,2027-05-30,,,465,1
434,S014170098F4,OP,,2025-04-30,2027-05-30,2027-05-30,,,466,1
435,S014170166F4,OP,,2025-04-30,2027-05-30,2027-05-30,,,467,1
436,S014170202D5,OP,,2023-05-31,2025-06-30,2025-06-30,,,468,1
437,S014170165F2,OP,,2025-02-28,2027-03-28,2027-03-28,,,469,1
438,S014170236F2,OP,,2025-02-28,2027-03-28,2027-03-28,,,470,1
439,S014170240F2,OP,,2025-02-28,2027-03-28,2027-03-28,,,471,1
440,S014170283F2,OP,,2025-02-28,2027-03-28,2027-03-28,,,472,1
441,S014170237F2,OP,,2025-02-28,2027-03-28,2027-03-28,,,473,1
442,S014170204F2,OP,,2025-02-28,2027-03-28,2027-03-28,,,474,1
443,S014170158F2,OP,,2025-02-28,2027-03-28,2027-03-28,,,475,1
444,S014170194F2,OP,,2025-02-28,2027-03-28,2027-03-28,,,476,1
445,S014170068T6,OP,,1900-06-30,1902-07-30,1902-07-30,,,477,1
446,S014170379E7,OP,,2024-07-31,2026-08-31,2026-08-31,,,478,1
447,S014170048AB,OP,,2020-11-30,2022-12-30,2022-12-30,,,479,1
448,S014170672BC,OP,,2021-12-31,2024-01-31,2024-01-31,,,480,1
449,S014170040D4,OP,,2023-04-30,2025-05-30,2025-05-30,,,481,1
450,S014170249WB,OP,,1900-11-30,1902-12-30,1902-12-30,,,482,1
451,S014170868BC,OP,,2021-12-31,2024-01-31,2024-01-31,,,483,1
452,S014170021A4,OP,,2020-04-30,2022-05-30,2022-05-30,,,485,1
453,S014170898BC,OP,,2021-12-31,2024-01-31,2024-01-31,,,487,1
454,S014170027AC,OP,,2020-12-31,2023-01-31,2023-01-31,,,488,1
455,S014170567W7,OP,,1900-07-31,1902-08-31,1902-08-31,,,489,1
456,S014170566W7,OP,,1900-07-31,1902-08-31,1902-08-31,,,490,1
457,S014170028A4,OP,,2020-04-30,2022-05-30,2022-05-30,,,491,1
458,S014170038A4,OP,,2020-04-30,2022-05-30,2022-05-30,,,492,1
459,S014170022A4,OP,,2020-04-30,2022-05-30,2022-05-30,,,493,1
460,S014170569W7,OP,,1900-07-31,1902-08-31,1902-08-31,,,494,1
461,S014170028AC,OP,,2020-12-31,2023-01-31,2023-01-31,,,495,1
462,S014170030BC,OP,,2021-12-31,2024-01-31,2024-01-31,,,496,1
463,S014170559W7,OP,,1900-07-31,1902-08-31,1902-08-31,,,497,1
464,S014170545BC,OP,,2021-12-31,2024-01-31,2024-01-31,,,498,1
465,S014170019AC,OP,,2020-12-31,2023-01-31,2023-01-31,,,499,1
466,S014170730BC,OP,,2021-12-31,2024-01-31,2024-01-31,,,500,1
467,S014170792BC,OP,,2021-12-31,2024-01-31,2024-01-31,,,501,1
468,S014170731BC,OP,,2021-12-31,2024-01-31,2024-01-31,,,502,1
469,S014170568W7,OP,,1900-07-31,1902-08-31,1902-08-31,,,503,1
470,S014170014AC,OP,,2020-12-31,2023-01-31,2023-01-31,,,504,1
471,S014170677BC,OP,,2021-12-31,2024-01-31,2024-01-31,,,505,1
472,S014170515BC,OP,,2021-12-31,2024-01-31,2024-01-31,,,506,1
473,S014170836BC,OP,,2021-12-31,2024-01-31,2024-01-31,,,507,1
474,S014170023AC,OP,,2020-12-31,2023-01-31,2023-01-31,,,508,1
475,S014170029AC,OP,,2020-12-31,2023-01-31,2023-01-31,,,509,1
476,S014170247W8,OP,,1900-08-31,1902-09-30,1902-09-30,,,510,1
477,S014170026AC,OP,,2020-12-31,2023-01-31,2023-01-31,,,511,1
478,S014170672BB,OP,,2026-11-30,2028-12-30,2028-12-30,,,512,1
479,S014170024A5,OP,,2020-05-31,2022-06-30,2022-06-30,,,513,1
480,S014170556W8,OP,,1900-08-31,1902-09-30,1902-09-30,,,514,1
481,S014170561W8,OP,,1900-08-31,1902-09-30,1902-09-30,,,515,1
482,S014170027A5,OP,,2020-05-31,2022-06-30,2022-06-30,,,516,1
483,S014170023A4,OP,,2020-04-30,2022-05-30,2022-05-30,,,517,1
484,S014170516BC,OP,,2021-12-31,2024-01-31,2024-01-31,,,518,1
485,S014170040A4,OP,,2020-04-30,2022-05-30,2022-05-30,,,519,1
486,S014170011AB,OP,,2020-11-30,2022-12-30,2022-12-30,,,520,1
487,S014170834BC,OP,,2021-12-31,2024-01-31,2024-01-31,,,521,1
488,S014170012AC,OP,,2020-12-31,2023-01-31,2023-01-31,,,522,1
489,S014170017AC,OP,,2020-12-31,2023-01-31,2023-01-31,,,523,1
490,S014170172U7,OP,,1900-07-31,1902-08-31,1902-08-31,,,524,1
491,S014170018AC,OP,,2020-12-31,2023-01-31,2023-01-31,,,525,1
492,S014170126D4,OP,,2023-04-30,2025-05-30,2025-05-30,,,526,1
493,S014170122D5,OP,,2023-05-31,2025-06-30,2025-06-30,,,527,1
494,S014170234D5,OP,,2023-05-31,2025-06-30,2025-06-30,,,528,1
495,S014170230D4,OP,,2023-04-30,2025-05-30,2025-05-30,,,529,1
496,S014170221D5,OP,,2023-05-31,2025-06-30,2025-06-30,,,530,1
497,S014170514D5,OP,,2023-05-31,2025-06-30,2025-06-30,,,531,1
498,S014170181D5,OP,,2023-05-31,2025-06-30,2025-06-30,,,532,1
499,S014170376D5,OP,,2023-05-31,2025-06-30,2025-06-30,,,533,1
500,S014170201D4,OP,,2023-04-30,2025-05-30,2025-05-30,,,534,1
501,S014170368D5,OP,,2023-05-31,2025-06-30,2025-06-30,,,535,1
502,S014170188D5,OP,,2023-05-31,2025-06-30,2025-06-30,,,536,1
503,S014170132D5,OP,,2023-05-31,2025-06-30,2025-06-30,,,537,1
504,S014170228D5,OP,,2023-05-31,2025-06-30,2025-06-30,,,539,1
505,S014170187D5,OP,,2023-05-31,2025-06-30,2025-06-30,,,540,1
506,S014170235D5,OP,,2023-05-31,2025-06-30,2025-06-30,,,541,1
507,S014170195D5,OP,,2023-05-31,2025-06-30,2025-06-30,,,542,1
508,S014170342D4,OP,,2023-04-30,2025-05-30,2025-05-30,,,543,1
509,S014170219D5,OP,,2023-05-31,2025-06-30,2025-06-30,,,544,1
510,S014170183D5,OP,,2023-05-31,2025-06-30,2025-06-30,,,545,1
511,S014170459D5,OP,,2023-05-31,2025-06-30,2025-06-30,,,546,1
512,S014170117D5,OP,,2023-05-31,2025-06-30,2025-06-30,,,547,1
513,S014170020D4,OP,,2023-04-30,2025-05-30,2025-05-30,,,548,1
514,S014170147D5,OP,,2023-05-31,2025-06-30,2025-06-30,,,549,1
515,S014170005EA,OP,,2024-10-31,2026-11-30,2026-11-30,,,550,1
516,S014170035EA,OP,,2024-10-31,2026-11-30,2026-11-30,,,551,1
517,S014170079EA,OP,,2024-10-31,2026-11-30,2026-11-30,,,552,1
518,S014170069EA,OP,,2024-10-31,2026-11-30,2026-11-30,,,553,1
519,S014170056EA,OP,,2024-10-31,2026-11-30,2026-11-30,,,554,1
520,S014170043EA,OP,,2024-10-31,2026-11-30,2026-11-30,,,555,1
521,S014170072EA,OP,,2024-10-31,2026-11-30,2026-11-30,,,556,1
522,S014170063EA,OP,,2024-10-31,2026-11-30,2026-11-30,,,557,1
523,S014170046EA,OP,,2024-10-31,2026-11-30,2026-11-30,,,558,1
524,S014170064EA,OP,,2024-10-31,2026-11-30,2026-11-30,,,559,1
525,S014170052EA,OP,,2024-10-31,2026-11-30,2026-11-30,,,560,1
526,S014170054EA,OP,,2024-10-31,2026-11-30,2026-11-30,,,561,1
527,S014170136D5,OP,,2023-05-31,2025-06-30,2025-06-30,,,562,1
528,S014170503D5,OP,,2023-05-31,2025-06-30,2025-06-30,,,563,1
529,S014170062EA,OP,,2024-10-31,2026-11-30,2026-11-30,,,564,1
530,S014170041EA,OP,,2024-10-31,2026-11-30,2026-11-30,,,565,1
531,S014170058EA,OP,,2024-10-31,2026-11-30,2026-11-30,,,566,1
532,S014170013EA,OP,,2024-10-31,2026-11-30,2026-11-30,,,567,1
533,S014170042EA,OP,,2024-10-31,2026-11-30,2026-11-30,,,568,1
534,S014170071EA,OP,,2024-10-31,2026-11-30,2026-11-30,,,569,1
535,S014170036EA,OP,,2024-10-31,2026-11-30,2026-11-30,,,570,1
536,S014170070EA,OP,,2024-10-31,2026-11-30,2026-11-30,,,572,1
537,S014170022EA,OP,,2024-10-31,2026-11-30,2026-11-30,,,573,1
538,S014170074EA,OP,,2024-10-31,2026-11-30,2026-11-30,,,574,1
539,S014170080EA,OP,,2024-10-31,2026-11-30,2026-11-30,,,575,1
540,S014170044EA,OP,,2024-10-31,2026-11-30,2026-11-30,,,576,1
541,S014170007EA,OP,,2024-10-31,2026-11-30,2026-11-30,,,577,1
542,S014170061EA,OP,,2024-10-31,2026-11-30,2026-11-30,,,578,1
543,S014170049EA,OP,,2024-10-31,2026-11-30,2026-11-30,,,579,1
544,S014170004EA,OP,,2024-10-31,2026-11-30,2026-11-30,,,580,1
545,S014170026F8,OP,,2025-08-31,2027-09-30,2027-09-30,,,581,1
546,S014170125F8,OP,,2025-08-31,2027-09-30,2027-09-30,,,582,1
547,S014170010F8,DC,,2025-08-31,2027-09-30,2027-09-30,,2026-05-11,583,1
548,S014170231D5,OP,,2023-05-31,2025-06-30,2025-06-30,,,584,1
549,S014170018E8,OP,,2024-08-31,2026-09-30,2026-09-30,,,585,1
550,S014170051EA,OP,,2024-10-31,2026-11-30,2026-11-30,,,586,1
551,S022040201E9,OP,,2024-09-30,2026-10-30,2026-10-30,,,1,2
552,S022040046E7,OP,,2024-07-31,2026-08-31,2026-08-31,,,2,2
553,S022040418E9,OP,,2024-09-30,2026-10-30,2026-10-30,,,3,2
554,S022040296E9,OP,,2024-09-30,2026-10-30,2026-10-30,,,4,2
555,S022040235E9,OP,,2024-09-30,2026-10-30,2026-10-30,,,6,2
556,S022040351E9,OP,,2024-09-30,2026-10-30,2026-10-30,,,7,2
557,S022040526E9,OP,,2024-09-30,2026-10-30,2026-10-30,,,8,2
558,S022040334E9,OP,,2024-09-30,2026-10-30,2026-10-30,,,9,2
559,S022040063E7,OP,,2024-07-31,2026-08-31,2026-08-31,,,10,2
560,S022040067E5,OP,,2024-05-31,2026-06-30,2026-06-30,,,11,2
561,S022040076E7,OP,,2024-07-31,2026-08-31,2026-08-31,,,12,2
562,S022040402E9,OP,,2024-09-30,2026-10-30,2026-10-30,,,13,2
563,S022040490E9,OP,,2024-09-30,2026-10-30,2026-10-30,,,14,2
564,S022040433E9,OP,,2024-09-30,2026-10-30,2026-10-30,,,15,2
565,S022040146E9,OP,,2024-09-30,2026-10-30,2026-10-30,,,16,2
566,S022040175E9,OP,,2024-09-30,2026-10-30,2026-10-30,,,17,2
567,S0220404195E9,OP,,2024-09-30,2026-10-30,2026-10-30,,,18,2
568,S022040124E9,OP,,2024-09-30,2026-10-30,2026-10-30,,,19,2
569,S022040285E9,OP,,2024-09-30,2026-10-30,2026-10-30,,,20,2
570,S022040158E9,OP,,2024-09-30,2026-10-30,2026-10-30,,,21,2
571,S022040157E9,OP,,2024-09-30,2026-10-30,2026-10-30,,,22,2
572,S022040274E9,OP,,2024-09-30,2026-10-30,2026-10-30,,,23,2
573,S022040159E9,OP,,2024-09-30,2026-10-30,2026-10-30,,,24,2
574,S022040495E9,OP,,2024-09-30,2026-10-30,2026-10-30,,,25,2
575,S022040054E7,OP,,2024-07-31,2026-08-31,2026-08-31,,,26,2
576,SO22040310D5,OP,,2023-05-31,2025-06-30,2025-06-30,,,27,2
577,S022040538E9,OP,,2024-09-30,2026-10-30,2026-10-30,,,28,2
578,S022040518E9,OP,,2024-09-30,2026-10-30,2026-10-30,,,29,2
579,S022040502E9,OP,,2024-09-30,2026-10-30,2026-10-30,,,30,2
580,S022040489E9,OP,,2024-09-30,2026-10-30,2026-10-30,,,32,2
581,S022040267E9,OP,,2024-09-30,2026-10-30,2026-10-30,,,33,2
582,S022040153E9,OP,,2024-09-30,2026-10-30,2026-10-30,,,34,2
583,S022040127E9,OP,,2024-09-30,2026-10-30,2026-10-30,,,35,2
584,S022040286E9,OP,,2024-09-30,2026-10-30,2026-10-30,,,36,2
585,S022040217E9,OP,,2024-09-30,2026-10-30,2026-10-30,,,37,2
586,S022040203E9,OP,,2024-09-30,2026-10-30,2026-10-30,,,38,2
587,S022040190E9,OP,,2024-09-30,2026-10-30,2026-10-30,,,39,2
588,S022040293E9,OP,,2024-09-30,2026-10-30,2026-10-30,,,40,2
589,S022040219E9,OP,,2024-09-30,2026-10-30,2026-10-30,,,41,2
590,S022040060E7,OP,,2024-07-31,2026-08-31,2026-08-31,,,42,2
591,S022040039E7,OP,,2024-07-31,2026-08-31,2026-08-31,,,43,2
592,S022040301E9,OP,,2024-09-30,2026-10-30,2026-10-30,,,44,2
593,S022040277E9,OP,,2024-09-30,2026-10-30,2026-10-30,,,45,2
594,S022040390E9,OP,,2024-09-30,2026-10-30,2026-10-30,,,46,2
595,S022040052E7,OP,,2024-07-31,2026-08-31,2026-08-31,,,47,2
596,S022040016E7,OP,,2024-07-31,2026-08-31,2026-08-31,,,48,2
597,S022040419E9,OP,,2024-09-30,2026-10-30,2026-10-30,,,49,2
598,S022040598E9,OP,,2024-09-30,2026-10-30,2026-10-30,,,50,2
599,S022040416E9,OP,,2024-09-30,2026-10-30,2026-10-30,,,51,2
600,S022040408E9,OP,,2024-09-30,2026-10-30,2026-10-30,,,52,2
601,S022040343E9,OP,,2024-09-30,2026-10-30,2026-10-30,,,53,2
602,S022040499E9,DC,,2024-09-30,2026-10-30,2026-10-30,,2026-04-22,54,2
603,S022040026E7,OP,,2024-07-31,2026-08-31,2026-08-31,,,55,2
604,S022040209E9,OP,,2024-09-30,2026-10-30,2026-10-30,,,56,2
605,S022040118F6,OP,,2025-06-30,2027-07-30,2027-07-30,,,57,2
606,S022040276E9,OP,,2024-09-30,2026-10-30,2026-10-30,,,58,2
607,S022040272E9,OP,,2024-09-30,2026-10-30,2026-10-30,,,59,2
608,S022040239E9,OP,,2024-09-30,2026-10-30,2026-10-30,,,60,2
609,S022040218E9,OP,,2024-09-30,2026-10-30,2026-10-30,,,62,2
610,S022040297E9,OP,,2024-09-30,2026-10-30,2026-10-30,,,63,2
611,S022040131F6,OP,,2025-06-30,2027-07-30,2027-07-30,,,65,2
612,S022040323E9,OP,,2024-09-30,2026-10-30,2026-10-30,,,66,2
613,S022040440E9,OP,,2024-09-30,2026-10-30,2026-10-30,,,68,2
614,S022040556E9,OP,,2024-09-30,2026-10-30,2026-10-30,,,69,2
615,S022040303E9,OP,,2024-09-30,2026-10-30,2026-10-30,,,70,2
616,S022040134E9,OP,,2024-09-30,2026-10-30,2026-10-30,,,71,2
617,S022040185E9,OP,,2024-09-30,2026-10-30,2026-10-30,,,72,2
618,S022040142E9,OP,,2024-09-30,2026-10-30,2026-10-30,,,73,2
619,S022040216E9,OP,,2024-09-30,2026-10-30,2026-10-30,,,74,2
620,S022040503E9,OP,,2024-09-30,2026-10-30,2026-10-30,,,75,2
621,S022040506E9,OP,,2024-09-30,2026-10-30,2026-10-30,,,76,2
622,S022040019E7,OP,,2024-07-31,2026-08-31,2026-08-31,,,77,2
623,S022040396E9,OP,,2024-09-30,2026-10-30,2026-10-30,,,78,2
624,S022040261E9,OP,,2024-09-30,2026-10-30,2026-10-30,,,79,2
625,S022040366E9,OP,,2024-09-30,2026-10-30,2026-10-30,,,80,2
626,S022040257E9,OP,,2024-09-30,2026-10-30,2026-10-30,,,81,2
627,S022040473E9,OP,,2024-09-30,2026-10-30,2026-10-30,,,82,2
628,S022040344E9,OP,,2024-09-30,2026-10-30,2026-10-30,,,83,2
629,S022040104E9,OP,,2024-09-30,2026-10-30,2026-10-30,,,84,2
630,S022040254E9,OP,,2024-09-30,2026-10-30,2026-10-30,,,86,2
631,S022040544E9,OP,,2024-09-30,2026-10-30,2026-10-30,,,87,2
632,S022040125E9,OP,,2024-09-30,2026-10-30,2026-10-30,,,88,2
633,S022040263E9,OP,,2024-09-30,2026-10-30,2026-10-30,,,89,2
634,S022040227E9,OP,,2024-09-30,2026-10-30,2026-10-30,,,90,2
635,S022040534E9,OP,,2024-09-30,2026-10-30,2026-10-30,,,91,2
636,S022040152F9,OP,,2025-09-30,2027-10-30,2027-10-30,,,92,2
637,S022040126E9,OP,,2024-09-30,2026-10-30,2026-10-30,,,93,2
638,S022040577E9,OP,,2024-09-30,2026-10-30,2026-10-30,,,94,2
639,S022040226E9,OP,,2024-09-30,2026-10-30,2026-10-30,,,95,2
640,S022040193E9,OP,,2024-09-30,2026-10-30,2026-10-30,,,96,2
641,S022040237E9,OP,,2024-09-30,2026-10-30,2026-10-30,,,97,2
642,S022040298E9,OP,,2024-09-30,2026-10-30,2026-10-30,,,98,2
643,S022040305E9,OP,,2024-09-30,2026-10-30,2026-10-30,,,99,2
644,S022040527E9,OP,,2024-09-30,2026-10-30,2026-10-30,,,100,2
645,S022040002E6,OP,,2024-06-30,2026-07-30,2026-07-30,,,101,2
646,S022040302E9,OP,,2024-09-30,2026-10-30,2026-10-30,,,102,2
647,S022040236E9,OP,,2024-09-30,2026-10-30,2026-10-30,,,103,2
648,S022040412E9,OP,,2024-09-30,2026-10-30,2026-10-30,,,104,2
649,S022040476E9,OP,,2024-09-30,2026-10-30,2026-10-30,,,105,2
650,S022040595E9,OP,,2024-09-30,2026-10-30,2026-10-30,,,106,2
651,S022040310E9,OP,,2024-09-30,2026-10-30,2026-10-30,,,107,2
652,S022040590E9,OP,,2024-09-30,2026-10-30,2026-10-30,,,108,2
653,S022040436E9,OP,,2024-09-30,2026-10-30,2026-10-30,,,109,2
654,S022040592E9,OP,,2024-09-30,2026-10-30,2026-10-30,,,110,2
655,S022040574E9,OP,,2024-09-30,2026-10-30,2026-10-30,,,111,2
656,S022040430E9,OP,,2024-09-30,2026-10-30,2026-10-30,,,112,2
657,S022040001E7,OP,,2024-07-31,2026-08-31,2026-08-31,,,113,2
658,S022040508E9,OP,,2024-09-30,2026-10-30,2026-10-30,,,114,2
659,S022040136E9,OP,,2024-09-30,2026-10-30,2026-10-30,,,115,2
660,S022040363E9,OP,,2024-09-30,2026-10-30,2026-10-30,,,116,2
661,S022040531E9,OP,,2024-09-30,2026-10-30,2026-10-30,,,117,2
662,S022040177E9,OP,,2024-09-30,2026-10-30,2026-10-30,,,118,2
663,S022040029E7,OP,,2024-07-31,2026-08-31,2026-08-31,,,119,2
664,S022040287E9,OP,,2024-09-30,2026-10-30,2026-10-30,,,121,2
665,S022040156E9,OP,,2024-09-30,2026-10-30,2026-10-30,,,122,2
666,S022040107E9,OP,,2024-09-30,2026-10-30,2026-10-30,,,123,2
667,S022040369E9,OP,,2024-09-30,2026-10-30,2026-10-30,,,124,2
668,S022040266E9,OP,,2024-09-30,2026-10-30,2026-10-30,,,125,2
669,S022040469E9,OP,,2024-09-30,2026-10-30,2026-10-30,,,126,2
670,S022040204E9,OP,,2024-09-30,2026-10-30,2026-10-30,,,127,2
671,S022040471E9,OP,,2024-09-30,2026-10-30,2026-10-30,,,128,2
672,S022040139E9,OP,,2024-09-30,2026-10-30,2026-10-30,,,129,2
673,S022040159F9,OP,,2025-09-30,2027-10-30,2027-10-30,,,130,2
674,S022040199E9,OP,,2024-09-30,2026-10-30,2026-10-30,,,131,2
675,S022040165F9,OP,,2025-09-30,2027-10-30,2027-10-30,,,132,2
676,S022040455E9,OP,,2024-09-30,2026-10-30,2026-10-30,,,133,2
677,S022040111E9,OP,,2024-09-30,2026-10-30,2026-10-30,,,134,2
678,S022040186E9,OP,,2024-09-30,2026-10-30,2026-10-30,,,135,2
679,S022040317F9,OP,,2025-09-30,2027-10-30,2027-10-30,,,136,2
680,S022040234E9,OP,,2024-09-30,2026-10-30,2026-10-30,,,137,2
681,S022040283F6,OP,,2025-06-30,2027-07-30,2027-07-30,,,139,2
682,S022040356E9,OP,,2024-09-30,2026-10-30,2026-10-30,,,140,2
683,S022040605E9,OP,,2024-09-30,2026-10-30,2026-10-30,,,141,2
684,S022040242E9,OP,,2024-09-30,2026-10-30,2026-10-30,,,142,2
685,S022040491E9,OP,,2024-09-30,2026-10-30,2026-10-30,,,143,2
686,S022040497E9,OP,,2024-09-30,2026-10-30,2026-10-30,,,144,2
687,S022040437E9,OP,,2024-09-30,2026-10-30,2026-10-30,,,145,2
688,S022040184E9,OP,,2024-09-30,2026-10-30,2026-10-30,,,146,2
689,S022040524E9,OP,,2024-09-30,2026-10-30,2026-10-30,,,147,2
690,S022040194E9,OP,,2024-09-30,2026-10-30,2026-10-30,,,148,2
691,S022040249E9,OP,,2024-09-30,2026-10-30,2026-10-30,,,150,2
692,S022040233E9,OP,,2024-09-30,2026-10-30,2026-10-30,,,151,2
693,S022040168E9,OP,,2024-09-30,2026-10-30,2026-10-30,,,152,2
694,S022040007E6,OP,,2024-06-30,2026-07-30,2026-07-30,,,153,2
695,S022040021E7,OP,,2024-07-31,2026-08-31,2026-08-31,,,154,2
696,S022040566E9,OP,,2024-09-30,2026-10-30,2026-10-30,,,155,2
697,S022040205E9,OP,,2024-09-30,2026-10-30,2026-10-30,,,156,2
698,S022040220E9,OP,,2024-09-30,2026-10-30,2026-10-30,,,157,2
699,S022040160E9,OP,,2024-09-30,2026-10-30,2026-10-30,,,160,2
700,S022040009E7,OP,,2024-07-31,2026-08-31,2026-08-31,,,162,2
701,S022040027E7,OP,,2024-07-31,2026-08-31,2026-08-31,,,163,2
702,S022040130E9,OP,,2024-09-30,2026-10-30,2026-10-30,,,164,2
703,S022040316E9,OP,,2024-09-30,2026-10-30,2026-10-30,,,165,2
704,S022040158F9,OP,,2025-09-30,2027-10-30,2027-10-30,,,166,2
705,S022040129E9,OP,,2024-09-30,2026-10-30,2026-10-30,,,167,2
706,S022040160F9,OP,,2025-09-30,2027-10-30,2027-10-30,,,168,2
707,S022040459E9,OP,,2024-09-30,2026-10-30,2026-10-30,,,170,2
708,S022040304E9,OP,,2024-09-30,2026-10-30,2026-10-30,,,171,2
709,S022040014E7,OP,,2024-07-31,2026-08-31,2026-08-31,,,172,2
710,S022040448E9,OP,,2024-09-30,2026-10-30,2026-10-30,,,173,2
711,S022040396D5,OP,,2023-05-31,2025-06-30,2025-06-30,,,174,2
712,S022040123E9,OP,,2024-09-30,2026-10-30,2026-10-30,,,175,2
713,S022040225E9,OP,,2024-09-30,2026-10-30,2026-10-30,,,176,2
714,S022040372E9,OP,,2024-09-30,2026-10-30,2026-10-30,,,177,2
715,S022040321E9,OP,,2024-09-30,2026-10-30,2026-10-30,,,178,2
716,S022040266D4,DC,,2023-04-30,2025-05-30,2025-05-30,,2026-04-22,179,2
717,S022040458E9,OP,,2024-09-30,2026-10-30,2026-10-30,,,180,2
718,S022040101E9,OP,,2024-09-30,2026-10-30,2026-10-30,,,181,2
719,S022040404E9,OP,,2024-09-30,2026-10-30,2026-10-30,,,182,2
720,S022040379E9,OP,,2024-09-30,2026-10-30,2026-10-30,,,183,2
721,S022040245E9,OP,,2024-09-30,2026-10-30,2026-10-30,,,184,2
722,S022040182E9,OP,,2024-09-30,2026-10-30,2026-10-30,,,185,2
723,S022040290E9,OP,,2024-09-30,2026-10-30,2026-10-30,,,186,2
724,S022040118E9,OP,,2024-09-30,2026-10-30,2026-10-30,,,188,2
725,S022040552E9,OP,,2024-09-30,2026-10-30,2026-10-30,,,189,2
726,S022040006E7,OP,,2024-07-31,2026-08-31,2026-08-31,,,190,2
727,S022040102E9,OP,,2024-09-30,2026-10-30,2026-10-30,,,191,2
728,S022040480E9,OP,,2024-09-30,2026-10-30,2026-10-30,,,192,2
729,S022040248E9,OP,,2024-09-30,2026-10-30,2026-10-30,,,195,2
730,S022040462E9,OP,,2024-09-30,2026-10-30,2026-10-30,,,196,2
731,S022040161E9,OP,,2024-09-30,2026-10-30,2026-10-30,,,197,2
732,S022040335E9,OP,,2024-09-30,2026-10-30,2026-10-30,,,198,2
733,S022040174E9,OP,,2024-09-30,2026-10-30,2026-10-30,,,199,2
734,S022040467E9,OP,,2024-09-30,2026-10-30,2026-10-30,,,200,2
735,S022040322E9,OP,,2024-09-30,2026-10-30,2026-10-30,,,201,2
736,S022040064E7,OP,,2024-07-31,2026-08-31,2026-08-31,,,202,2
737,S022040049E7,OP,,2024-07-31,2026-08-31,2026-08-31,,,203,2
738,S022040583E9,OP,,2024-09-30,2026-10-30,2026-10-30,,,204,2
739,S022040306E9,OP,,2024-09-30,2026-10-30,2026-10-30,,,205,2
740,S022040051E7,OP,,2024-07-31,2026-08-31,2026-08-31,,,206,2
741,S022040442E9,OP,,2024-09-30,2026-10-30,2026-10-30,,,207,2
742,S022040251E9,OP,,2024-09-30,2026-10-30,2026-10-30,,,208,2
743,S022040607E9,OP,,2024-09-30,2026-10-30,2026-10-30,,,209,2
744,S022040357E9,OP,,2024-09-30,2026-10-30,2026-10-30,,,210,2
745,S022040151E9,OP,,2024-09-30,2026-10-30,2026-10-30,,,211,2
746,S022040164E9,OP,,2024-09-30,2026-10-30,2026-10-30,,,212,2
747,S022040409E9,OP,,2024-09-30,2026-10-30,2026-10-30,,,213,2
748,S022040180E9,OP,,2024-09-30,2026-10-30,2026-10-30,,,214,2
749,S022040244E9,OP,,2024-09-30,2026-10-30,2026-10-30,,,215,2
750,S022040535E9,OP,,2024-09-30,2026-10-30,2026-10-30,,,216,2
751,S022040411E9,OP,,2024-09-30,2026-10-30,2026-10-30,,,217,2
752,S022040189E9,OP,,2024-09-30,2026-10-30,2026-10-30,,,218,2
753,S022040573E9,OP,,2024-09-30,2026-10-30,2026-10-30,,,219,2
754,S022040106E9,OP,,2024-09-30,2026-10-30,2026-10-30,,,220,2
755,S022040268E9,OP,,2024-09-30,2026-10-30,2026-10-30,,,221,2
756,S022040173E9,OP,,2024-09-30,2026-10-30,2026-10-30,,,222,2
757,S022040146E6,OP,,2024-06-30,2026-07-30,2026-07-30,,,224,2
758,S022040307E9,OP,,2024-09-30,2026-10-30,2026-10-30,,,225,2
759,S022040200E9,OP,,2024-09-30,2026-10-30,2026-10-30,,,227,2
760,S022040109E9,OP,,2024-09-30,2026-10-30,2026-10-30,,,228,2
761,S022040492E9,OP,,2024-09-30,2026-10-30,2026-10-30,,,229,2
762,S022040141E9,OP,,2024-09-30,2026-10-30,2026-10-30,,,230,2
763,S022040166E9,OP,,2024-09-30,2026-10-30,2026-10-30,,,231,2
764,S022040585E9,OP,,2024-09-30,2026-10-30,2026-10-30,,,232,2
765,S022040380E9,OP,,2024-09-30,2026-10-30,2026-10-30,,,233,2
766,S022040057E7,OP,,2024-07-31,2026-08-31,2026-08-31,,,234,2
767,S022040066E7,OP,,2024-07-31,2026-08-31,2026-08-31,,,235,2
768,S022040033E7,OP,,2024-07-31,2026-08-31,2026-08-31,,,237,2
769,S022040525E9,OP,,2024-09-30,2026-10-30,2026-10-30,,,238,2
770,S022040314E9,OP,,2024-09-30,2026-10-30,2026-10-30,,,240,2
771,S022040223E9,OP,,2024-09-30,2026-10-30,2026-10-30,,,241,2
772,S022040046F7,OP,,2025-07-31,2027-08-31,2027-08-31,,,242,2
773,S022040504E9,OP,,2024-09-30,2026-10-30,2026-10-30,,,243,2
774,S022040395E9,OP,,2024-09-30,2026-10-30,2026-10-30,,,244,2
775,S022040148E9,OP,,2024-09-30,2026-10-30,2026-10-30,,,245,2
776,S022040013E7,OP,,2024-07-31,2026-08-31,2026-08-31,,,246,2
777,S022040429E9,OP,,2024-09-30,2026-10-30,2026-10-30,,,247,2
778,S022040528E9,OP,,2024-09-30,2026-10-30,2026-10-30,,,248,2
779,S022040313E9,OP,,2024-09-30,2026-10-30,2026-10-30,,,249,2
780,S022040079f6,OP,,2025-06-30,2027-07-30,2027-07-30,,,251,2
781,S022040111F6,OP,,2025-06-30,2027-07-30,2027-07-30,,,252,2
782,S022040431E9,OP,,2024-09-30,2026-10-30,2026-10-30,,,254,2
783,S022040569E9,OP,,2024-09-30,2026-10-30,2026-10-30,,,255,2
784,S022404601E9,OP,,2024-09-30,2026-10-30,2026-10-30,,,256,2
785,S022040119E9,OP,,2024-09-30,2026-10-30,2026-10-30,,,257,2
786,S022040289E9,OP,,2024-09-30,2026-10-30,2026-10-30,,,258,2
787,S022040456E9,OP,,2024-09-30,2026-10-30,2026-10-30,,,259,2
788,S022040028E7,OP,,2024-07-31,2026-08-31,2026-08-31,,,261,2
789,S022040037E7,OP,,2024-07-31,2026-08-31,2026-08-31,,,262,2
790,S022040214E9,OP,,2024-09-30,2026-10-30,2026-10-30,,,264,2
791,S022040017E7,OP,,2024-07-31,2026-08-31,2026-08-31,,,265,2
792,S022040561E9,OP,,2024-09-30,2026-10-30,2026-10-30,,,266,2
793,S022040299E9,OP,,2024-09-30,2026-10-30,2026-10-30,,,268,2
794,S022040120E9,OP,,2024-09-30,2026-10-30,2026-10-30,,,269,2
795,S022040042E7,OP,,2024-07-31,2026-08-31,2026-08-31,,,270,2
796,S022040144E9,OP,,2024-09-30,2026-10-30,2026-10-30,,,271,2
797,S022040034E7,OP,,2024-07-31,2026-08-31,2026-08-31,,,272,2
798,S022040308E9,OP,,2024-09-30,2026-10-30,2026-10-30,,,273,2
799,S022040589E9,OP,,2024-09-30,2026-10-30,2026-10-30,,,274,2
800,S022040202E9,OP,,2024-09-30,2026-10-30,2026-10-30,,,276,2
801,S022040166F9,OP,,2025-09-30,2027-10-30,2027-10-30,,,277,2
802,S022040260E9,OP,,2024-09-30,2026-10-30,2026-10-30,,,278,2
803,S022040256E9,OP,,2024-09-30,2026-10-30,2026-10-30,,,279,2
804,S022040258E9,OP,,2024-09-30,2026-10-30,2026-10-30,,,280,2
805,S022040198E9,OP,,2024-09-30,2026-10-30,2026-10-30,,,281,2
806,S022040560E9,OP,,2024-09-30,2026-10-30,2026-10-30,,,284,2
807,S022040179E9,OP,,2024-09-30,2026-10-30,2026-10-30,,,286,2
808,S022040047E7,OP,,2024-07-31,2026-08-31,2026-08-31,,,287,2
809,S022040077E7,OP,,2024-07-31,2026-08-31,2026-08-31,,,288,2
810,S022040143E9,OP,,2024-09-30,2026-10-30,2026-10-30,,,289,2
811,S022040428E9,OP,,2024-09-30,2026-10-30,2026-10-30,,,290,2
812,S022040434EB,OP,,2024-11-30,2026-12-30,2026-12-30,,,291,2
813,S022040403E9,OP,,2024-09-30,2026-10-30,2026-10-30,,,292,2
814,S022040264E9,OP,,2024-09-30,2026-10-30,2026-10-30,,,293,2
815,S022040529E9,OP,,2024-09-30,2026-10-30,2026-10-30,,,295,2
816,S022040170E9,OP,,2024-09-30,2026-10-30,2026-10-30,,,296,2
817,S022040564E9,OP,,2024-09-30,2026-10-30,2026-10-30,,,297,2
818,S022040602E9,OP,,2024-09-30,2026-10-30,2026-10-30,,,298,2
819,S022040486E9,OP,,2024-09-30,2026-10-30,2026-10-30,,,299,2
820,S022040044E7,OP,,2024-07-31,2026-08-31,2026-08-31,,,300,2
821,S022040361E9,OP,,2024-09-30,2026-10-30,2026-10-30,,,301,2
822,S022040477E9,OP,,2024-09-30,2026-10-30,2026-10-30,,,302,2
823,S022040163F9,OP,,2025-09-30,2027-10-30,2027-10-30,,,303,2
824,S022040328E9,OP,,2024-09-30,2026-10-30,2026-10-30,,,304,2
825,S022040516E9,OP,,2024-09-30,2026-10-30,2026-10-30,,,305,2
826,S022040485E9,OP,,2024-09-30,2026-10-30,2026-10-30,,,306,2
827,S022040167E9,OP,,2024-09-30,2026-10-30,2026-10-30,,,307,2
828,S022040147F6,OP,,2025-06-30,2027-07-30,2027-07-30,,,308,2
829,S022040510E9,OP,,2024-09-30,2026-10-30,2026-10-30,,,309,2
830,S022040586E9,OP,,2024-09-30,2026-10-30,2026-10-30,,,311,2
831,S022040466E9,OP,,2024-09-30,2026-10-30,2026-10-30,,,312,2
832,S022040128E9,OP,,2024-09-30,2026-10-30,2026-10-30,,,313,2
833,S022040002E7,OP,,2024-07-31,2026-08-31,2026-08-31,,,315,2
834,S022040517E9,OP,,2024-09-30,2026-10-30,2026-10-30,,,316,2
835,S022040151F9,OP,,2025-09-30,2027-10-30,2027-10-30,,,317,2
836,S022040360E9,OP,,2024-09-30,2026-10-30,2026-10-30,,,318,2
837,S022040398E9,OP,,2024-09-30,2026-10-30,2026-10-30,,,319,2
838,S022040295E9,OP,,2024-09-30,2026-10-30,2026-10-30,,,320,2
839,S022040346E9,OP,,2024-09-30,2026-10-30,2026-10-30,,,321,2
840,S022040221E9,OP,,2024-09-30,2026-10-30,2026-10-30,,,322,2
841,S022040452E9,OP,,2024-09-30,2026-10-30,2026-10-30,,,323,2
842,S022040008E7,OP,,2024-07-31,2026-08-31,2026-08-31,,,324,2
843,S022040498E9,OP,,2024-09-30,2026-10-30,2026-10-30,,,325,2
844,S022040345E9,OP,,2024-09-30,2026-10-30,2026-10-30,,,326,2
845,S022040110E9,OP,,2024-09-30,2026-10-30,2026-10-30,,,327,2
846,S022040385E9,OP,,2024-09-30,2026-10-30,2026-10-30,,,328,2
847,S022040003F7,OP,,2025-07-31,2027-08-31,2027-08-31,,,329,2
848,S022040397E9,OP,,2024-09-30,2026-10-30,2026-10-30,,,331,2
849,S022040415E9,OP,,2024-09-30,2026-10-30,2026-10-30,,,332,2
850,S022040021D4,OP,,2023-04-30,2025-05-30,2025-05-30,,,333,2
851,S022040340E9,OP,,2024-09-30,2026-10-30,2026-10-30,,,334,2
852,S022040250E9,OP,,2024-09-30,2026-10-30,2026-10-30,,,335,2
853,S022040041E7,OP,,2024-07-31,2026-08-31,2026-08-31,,,336,2
854,S022040563E9,OP,,2024-09-30,2026-10-30,2026-10-30,,,337,2
855,S022040309E9,OP,,2024-09-30,2026-10-30,2026-10-30,,,338,2
856,S022040308E7,OP,,2024-07-31,2026-08-31,2026-08-31,,,339,2
857,S022040424E9,OP,,2024-09-30,2026-10-30,2026-10-30,,,340,2
858,S022040549E9,OP,,2024-09-30,2026-10-30,2026-10-30,,,341,2
859,S022040259E9,OP,,2024-09-30,2026-10-30,2026-10-30,,,342,2
860,S022040271F6,OP,,2025-06-30,2027-07-30,2027-07-30,,,343,2
861,S022040331E9,OP,,2024-09-30,2026-10-30,2026-10-30,,,344,2
862,S022040224E9,OP,,2024-09-30,2026-10-30,2026-10-30,,,345,2
863,S022040145E9,OP,,2024-09-30,2026-10-30,2026-10-30,,,346,2
864,S022040472E9,OP,,2024-09-30,2026-10-30,2026-10-30,,,347,2
865,S022040464E9,OP,,2024-09-30,2026-10-30,2026-10-30,,,348,2
866,S022040207E9,OP,,2024-09-30,2026-10-30,2026-10-30,,,349,2
867,S022040320E9,OP,,2024-09-30,2026-10-30,2026-10-30,,,350,2
868,S022040162E9,OP,,2024-09-30,2026-10-30,2026-10-30,,,351,2
869,S022040292E9,OP,,2024-09-30,2026-10-30,2026-10-30,,,352,2
870,S022040488E9,OP,,2024-09-30,2026-10-30,2026-10-30,,,353,2
871,S022040009F7,OP,,2025-07-31,2027-08-31,2027-08-31,,,354,2
872,S022040463E9,OP,,2024-09-30,2026-10-30,2026-10-30,,,355,2
873,S022040253E9,OP,,2024-09-30,2026-10-30,2026-10-30,,,356,2
874,S022040027E6,OP,,2024-06-30,2026-07-30,2026-07-30,,,357,2
875,S022040511E9,OP,,2024-09-30,2026-10-30,2026-10-30,,,358,2
876,S022040371E9,OP,,2024-09-30,2026-10-30,2026-10-30,,,359,2
877,S022040443E9,OP,,2024-09-30,2026-10-30,2026-10-30,,,360,2
878,S022040169E9,OP,,2024-09-30,2026-10-30,2026-10-30,,,361,2
879,S022040315E9,OP,,2024-09-30,2026-10-30,2026-10-30,,,362,2
880,S022040133E9,OP,,2024-09-30,2026-10-30,2026-10-30,,,363,2
881,S022040103E9,OP,,2024-09-30,2026-10-30,2026-10-30,,,364,2
882,S022040040E7,OP,,2024-07-31,2026-08-31,2026-08-31,,,365,2
883,S022040229E9,OP,,2024-09-30,2026-10-30,2026-10-30,,,366,2
884,S022040138E9,OP,,2024-09-30,2026-10-30,2026-10-30,,,367,2
885,S022040542E9,OP,,2024-09-30,2026-10-30,2026-10-30,,,368,2
886,S022040401E9,OP,,2024-09-30,2026-10-30,2026-10-30,,,369,2
887,S022040373E9,OP,,2024-09-30,2026-10-30,2026-10-30,,,370,2
888,S022040241E9,OP,,2024-09-30,2026-10-30,2026-10-30,,,371,2
889,S022040211E9,OP,,2024-09-30,2026-10-30,2026-10-30,,,372,2
890,S022040388E9,OP,,2024-09-30,2026-10-30,2026-10-30,,,373,2
891,S022040288E9,OP,,2024-09-30,2026-10-30,2026-10-30,,,374,2
892,S022040359E9,OP,,2024-09-30,2026-10-30,2026-10-30,,,375,2
893,S022040284E9,OP,,2024-09-30,2026-10-30,2026-10-30,,,376,2
894,S022040450E9,OP,,2024-09-30,2026-10-30,2026-10-30,,,377,2
895,S022040417E9,OP,,2024-09-30,2026-10-30,2026-10-30,,,378,2
896,S022040281E9,OP,,2024-09-30,2026-10-30,2026-10-30,,,380,2
897,S022040422E9,OP,,2024-09-30,2026-10-30,2026-10-30,,,381,2
898,S022040025E7,OP,,2024-07-31,2026-08-31,2026-08-31,,,382,2
899,S022040576E9,OP,,2024-09-30,2026-10-30,2026-10-30,,,383,2
900,S022040451E9,OP,,2024-09-30,2026-10-30,2026-10-30,,,384,2
901,S022040233F6,OP,,2025-06-30,2027-07-30,2027-07-30,,,385,2
902,S022040550E9,OP,,2024-09-30,2026-10-30,2026-10-30,,,386,2
903,S022040213E9,OP,,2024-09-30,2026-10-30,2026-10-30,,,387,2
904,S022040354E9,OP,,2024-09-30,2026-10-30,2026-10-30,,,388,2
905,S022040568E9,OP,,2024-09-30,2026-10-30,2026-10-30,,,389,2
906,S022040265E9,OP,,2024-09-30,2026-10-30,2026-10-30,,,390,2
907,S022040294E9,OP,,2024-09-30,2026-10-30,2026-10-30,,,391,2
908,S022040339E9,OP,,2024-09-30,2026-10-30,2026-10-30,,,392,2
909,S022040137E9,OP,,2024-09-30,2026-10-30,2026-10-30,,,393,2
910,S022040117E9,OP,,2024-09-30,2026-10-30,2026-10-30,,,394,2
911,S022040131E9,OP,,2024-09-30,2026-10-30,2026-10-30,,,395,2
912,S022040172E9,OP,,2024-09-30,2026-10-30,2026-10-30,,,396,2
913,S022040291E9,OP,,2024-09-30,2026-10-30,2026-10-30,,,397,2
914,S022040140E9,OP,,2024-09-30,2026-10-30,2026-10-30,,,398,2
915,S022040132E9,OP,,2024-09-30,2026-10-30,2026-10-30,,,399,2
916,S022040208E9,OP,,2024-09-30,2026-10-30,2026-10-30,,,400,2
917,S022040432E9,OP,,2024-09-30,2026-10-30,2026-10-30,,,401,2
918,S022040396E7,OP,,2024-07-31,2026-08-31,2026-08-31,,,402,2
919,S022040405E7,OP,,2024-07-31,2026-08-31,2026-08-31,,,403,2
920,S022040039E6,OP,,2024-06-30,2026-07-30,2026-07-30,,,404,2
921,S022040029E6,OP,,2024-06-30,2026-07-30,2026-07-30,,,405,2
922,S022040594E7,OP,,2024-07-31,2026-08-31,2026-08-31,,,406,2
923,S022040335D5,OP,,2023-05-31,2025-06-30,2025-06-30,,,407,2
924,S022040088D8,OP,,2023-08-31,2025-09-30,2025-09-30,,,408,2
925,S0220405554E9,OP,,2024-09-30,2026-10-30,2026-10-30,,,409,2
926,S022040028E6,OP,,2024-06-30,2026-07-30,2026-07-30,,,411,2
927,S022040199E7,OP,,2024-07-31,2026-08-31,2026-08-31,,,412,2
928,S022040600E7,OP,,2024-07-31,2026-08-31,2026-08-31,,,413,2
929,S022040682E9,OP,,2024-09-30,2026-10-30,2026-10-30,,,414,2
930,S022040095EA,OP,,2024-10-31,2026-11-30,2026-11-30,,,415,2
931,S022040679E9,OP,,2024-09-30,2026-10-30,2026-10-30,,,416,2
932,S022040643E9,OP,,2024-09-30,2026-10-30,2026-10-30,,,417,2
933,S022040091EA,OP,,2024-10-31,2026-11-30,2026-11-30,,,418,2
934,S022040650E9,OP,,2024-09-30,2026-10-30,2026-10-30,,,419,2
935,S022040646E9,OP,,2024-09-30,2026-10-30,2026-10-30,,,420,2
936,S022040656E9,OP,,2024-09-30,2026-10-30,2026-10-30,,,421,2
937,S022040635E9,OP,,2024-09-30,2026-10-30,2026-10-30,,,422,2
938,S022040092EA,OP,,2024-10-31,2026-11-30,2026-11-30,,,423,2
939,S022040645E9,OP,,2024-09-30,2026-10-30,2026-10-30,,,424,2
940,S022040089EA,OP,,2024-10-31,2026-11-30,2026-11-30,,,425,2
941,S022040081EA,OP,,2024-10-31,2026-11-30,2026-11-30,,,426,2
942,S022040616E9,OP,,2024-09-30,2026-10-30,2026-10-30,,,427,2
943,S022040640E9,OP,,2024-09-30,2026-10-30,2026-10-30,,,428,2
944,S022040662E9,OP,,2024-09-30,2026-10-30,2026-10-30,,,429,2
945,S022040441E9,OP,,2024-09-30,2026-10-30,2026-10-30,,,430,2
946,S022040349E9,OP,,2024-09-30,2026-10-30,2026-10-30,,,431,2
947,S022040059E6,OP,,2024-06-30,2026-07-30,2026-07-30,,,432,2
948,S022040038E6,OP,,2024-06-30,2026-07-30,2026-07-30,,,433,2
949,S022040393E9,OP,,2024-09-30,2026-10-30,2026-10-30,,,434,2
950,S022040042EA,DC,,2024-10-31,2026-11-30,2026-11-30,,2026-05-19,435,2
951,S022040045EA,DC,,2024-10-31,2026-11-30,2026-11-30,,2026-05-19,436,2
952,S022040063EA,OP,,2024-10-31,2026-11-30,2026-11-30,,,437,2
953,S022040065EA,OP,,2024-10-31,2026-11-30,2026-11-30,,,438,2
954,S022040246E9,OP,,2024-09-30,2026-10-30,2026-10-30,,,439,2
955,S022040228E9,OP,,2024-09-30,2026-10-30,2026-10-30,,,440,2
956,S022040231E9,OP,,2024-09-30,2026-10-30,2026-10-30,,,441,2
957,S022040262E9,OP,,2024-09-30,2026-10-30,2026-10-30,,,442,2
958,S022040013F4,OP,,2025-04-30,2027-05-30,2027-05-30,,,443,2
959,S022040079F4,OP,,2025-04-30,2027-05-30,2027-05-30,,,444,2
960,S022040010F4,OP,,2025-04-30,2027-05-30,2027-05-30,,,445,2
961,S022040036F4,OP,,2025-04-30,2027-05-30,2027-05-30,,,446,2
962,S022040021F4,OP,,2025-04-30,2027-05-30,2027-05-30,,,447,2
963,S022040037F4,OP,,2025-04-30,2027-05-30,2027-05-30,,,448,2
964,S022040050F4,OP,,2025-04-30,2027-05-30,2027-05-30,,,449,2
965,S022040068F4,OP,,2025-04-30,2027-05-30,2027-05-30,,,450,2
966,S022040018F4,OP,,2025-04-30,2027-05-30,2027-05-30,,,451,2
967,S022040118F4,OP,,2025-04-30,2027-05-30,2027-05-30,,,452,2
968,S022040100F4,OP,,2025-04-30,2027-05-30,2027-05-30,,,453,2
969,S022040077F4,OP,,2025-04-30,2027-05-30,2027-05-30,,,454,2
970,S022040080F4,OP,,2025-04-30,2027-05-30,2027-05-30,,,455,2
971,S022040017F4,OP,,2025-04-30,2027-05-30,2027-05-30,,,456,2
972,S022040094F4,OP,,2025-04-30,2027-05-30,2027-05-30,,,457,2
973,S022040061F4,OP,,2025-04-30,2027-05-30,2027-05-30,,,458,2
974,S022040052F4,OP,,2025-04-30,2027-05-30,2027-05-30,,,459,2
975,S022040062F4,OP,,2025-04-30,2027-05-30,2027-05-30,,,460,2
976,S022040002F4,OP,,2025-04-30,2027-05-30,2027-05-30,,,461,2
977,S022040088F4,OP,,2025-04-30,2027-05-30,2027-05-30,,,462,2
978,S022040047F4,OP,,2025-04-30,2027-05-30,2027-05-30,,,463,2
979,S022040012F4,OP,,2025-04-30,2027-05-30,2027-05-30,,,464,2
980,S022040048F4,OP,,2025-04-30,2027-05-30,2027-05-30,,,465,2
981,S022040128F4,OP,,2025-04-30,2027-05-30,2027-05-30,,,466,2
982,S022040003F6,DC,,2025-06-30,2027-07-30,2027-07-30,,2026-04-22,467,2
983,S022040191E9,OP,,2024-09-30,2026-10-30,2026-10-30,,,468,2
984,S022040259F6,OP,,2025-06-30,2027-07-30,2027-07-30,,,469,2
985,S022040061F6,OP,,2025-06-30,2027-07-30,2027-07-30,,,470,2
986,S022040216F6,OP,,2025-06-30,2027-07-30,2027-07-30,,,471,2
987,S022040087F6,OP,,2025-06-30,2027-07-30,2027-07-30,,,472,2
988,S022040251F6,OP,,2025-06-30,2027-07-30,2027-07-30,,,473,2
989,S022040296F6,OP,,2025-06-30,2027-07-30,2027-07-30,,,474,2
990,S022040209F6,OP,,2025-06-30,2027-07-30,2027-07-30,,,475,2
991,S022040240F6,OP,,2025-06-30,2027-07-30,2027-07-30,,,476,2
992,S022040085T6,OP,,1900-06-30,1902-07-30,1902-07-30,,,477,2
993,S022040160E7,OP,,2024-07-31,2026-08-31,2026-08-31,,,478,2
994,S022040012AB,OP,,2020-11-30,2022-12-30,2022-12-30,,,479,2
995,S022040129BC,OP,,2021-12-31,2024-01-31,2024-01-31,,,480,2
996,S022040496E9,OP,,2024-09-30,2026-10-30,2026-10-30,,,481,2
997,S022040225F6,OP,,2025-06-30,2027-07-30,2027-07-30,,,482,2
998,S022040826BC,OP,,2021-12-31,2024-01-31,2024-01-31,,,483,2
999,S022040740A3,OP,,2020-03-31,2022-04-30,2022-04-30,,,485,2
1000,S022040781BC,OP,,2021-12-31,2024-01-31,2024-01-31,,,487,2
1001,S022040094AC,OP,,2020-12-31,2023-01-31,2023-01-31,,,488,2
1002,S022040349CB,OP,,2022-11-30,2024-12-30,2024-12-30,,,489,2
1003,S022040155AB,OP,,2020-11-30,2022-12-30,2022-12-30,,,490,2
1004,S022040628A3,OP,,2020-03-31,2022-04-30,2022-04-30,,,491,2
1005,S022040512A3,OP,,2020-03-31,2022-04-30,2022-04-30,,,492,2
1006,S022040593A3,OP,,2020-03-31,2022-04-30,2022-04-30,,,493,2
1007,S022040620AB,OP,,2020-11-30,2022-12-30,2022-12-30,,,494,2
1008,S022040135AC,OP,,2020-12-31,2023-01-31,2023-01-31,,,495,2
1009,S022040821BC,OP,,2021-12-31,2024-01-31,2024-01-31,,,496,2
1010,S022040032D2,OP,,2023-02-28,2025-03-28,2025-03-28,,,497,2
1011,S022040761BC,OP,,2021-12-31,2024-01-31,2024-01-31,,,498,2
1012,S022040112AC,OP,,2020-12-31,2023-01-31,2023-01-31,,,499,2
1013,S022040802BC,OP,,2021-12-31,2024-01-31,2024-01-31,,,500,2
1014,S022040767BC,OP,,2021-12-31,2024-01-31,2024-01-31,,,501,2
1015,S022040701BC,OP,,2021-12-31,2024-01-31,2024-01-31,,,502,2
1016,S022040733AB,OP,,2020-11-30,2022-12-30,2022-12-30,,,503,2
1017,S022040069AC,OP,,2020-12-31,2023-01-31,2023-01-31,,,504,2
1018,S022040350CB,OP,,2022-11-30,2024-12-30,2024-12-30,,,505,2
1019,S022040775BC,OP,,2021-12-31,2024-01-31,2024-01-31,,,506,2
1020,S022040438BC,OP,,2021-12-31,2024-01-31,2024-01-31,,,507,2
1021,S022040033AC,OP,,2020-12-31,2023-01-31,2023-01-31,,,508,2
1022,S022040071AC,OP,,2020-12-31,2023-01-31,2023-01-31,,,509,2
1023,S022040647W7,OP,,1900-07-31,1902-08-31,1902-08-31,,,510,2
1024,S022040057AC,OP,,2020-12-31,2023-01-31,2023-01-31,,,511,2
1025,S022040830A4,OP,,2020-04-30,2022-05-30,2022-05-30,,,513,2
1026,S022040066AC,OP,,2020-12-31,2023-01-31,2023-01-31,,,514,2
1027,S022040139AB,OP,,2020-11-30,2022-12-30,2022-12-30,,,515,2
1028,S022040719A3,OP,,2020-03-31,2022-04-30,2022-04-30,,,516,2
1029,S022040763A3,OP,,2020-03-31,2022-04-30,2022-04-30,,,517,2
1030,S022040784BC,OP,,2021-12-31,2024-01-31,2024-01-31,,,518,2
1031,S022040461A4,OP,,2020-04-30,2022-05-30,2022-05-30,,,519,2
1032,S022040193AC,OP,,2020-12-31,2023-01-31,2023-01-31,,,520,2
1033,S022040827BC,OP,,2021-12-31,2024-01-31,2024-01-31,,,521,2
1034,S022040102AC,OP,,2020-12-31,2023-01-31,2023-01-31,,,522,2
1035,S022040047AC,OP,,2020-12-31,2023-01-31,2023-01-31,,,523,2
1036,S022041902U6,OP,,1900-06-30,1902-07-30,1902-07-30,,,524,2
1037,S022040038D2,OP,,2023-02-28,2025-03-28,2025-03-28,,,525,2
1038,S022040453E9,OP,,2024-09-30,2026-10-30,2026-10-30,,,526,2
1039,S022040222E9,OP,,2024-09-30,2026-10-30,2026-10-30,,,528,2
1040,S022040149E9,OP,,2024-09-30,2026-10-30,2026-10-30,,,529,2
1041,S022040183E9,OP,,2024-09-30,2026-10-30,2026-10-30,,,530,2
1042,S022040122E9,OP,,2024-09-30,2026-10-30,2026-10-30,,,531,2
1043,S022040604E9,OP,,2024-09-30,2026-10-30,2026-10-30,,,532,2
1044,S022040300E9,OP,,2024-09-30,2026-10-30,2026-10-30,,,533,2
1045,S022040326E9,OP,,2024-09-30,2026-10-30,2026-10-30,,,534,2
1046,S022040113E9,OP,,2024-09-30,2026-10-30,2026-10-30,,,535,2
1047,S022040187E9,OP,,2024-09-30,2026-10-30,2026-10-30,,,536,2
1048,S022040410E9,OP,,2024-09-30,2026-10-30,2026-10-30,,,538,2
1049,S022040275E9,OP,,2024-09-30,2026-10-30,2026-10-30,,,539,2
1050,S022040279E9,OP,,2024-09-30,2026-10-30,2026-10-30,,,541,2
1051,S022040188E9,OP,,2024-09-30,2026-10-30,2026-10-30,,,542,2
1052,S022040176E9,OP,,2024-09-30,2026-10-30,2026-10-30,,,543,2
1053,S022040278E9,OP,,2024-09-30,2026-10-30,2026-10-30,,,544,2
1054,S022040210E9,OP,,2024-09-30,2026-10-30,2026-10-30,,,545,2
1055,S022040178E9,OP,,2024-09-30,2026-10-30,2026-10-30,,,546,2
1056,S022040163E9,OP,,2024-09-30,2026-10-30,2026-10-30,,,547,2
1057,S022040247E9,OP,,2024-09-30,2026-10-30,2026-10-30,,,548,2
1058,S033040494E9,OP,,2024-09-30,2026-10-30,2026-10-30,,,549,2
1059,S022040633E9,OP,,2024-09-30,2026-10-30,2026-10-30,,,550,2
1060,S022040629E9,OP,,2024-09-30,2026-10-30,2026-10-30,,,551,2
1061,S022040074EA,OP,,2024-10-31,2026-11-30,2026-11-30,,,552,2
1062,S022040016EA,OP,,2024-10-31,2026-11-30,2026-11-30,,,553,2
1063,S022040027EA,OP,,2024-10-31,2026-11-30,2026-11-30,,,554,2
1064,S022040078EA,OP,,2024-10-31,2026-11-30,2026-11-30,,,555,2
1065,S022040022EA,OP,,2024-10-31,2026-11-30,2026-11-30,,,556,2
1066,S022040062EA,OP,,2024-10-31,2026-11-30,2026-11-30,,,557,2
1067,S022040068EA,OP,,2024-10-31,2026-11-30,2026-11-30,,,558,2
1068,S022040035EA,OP,,2024-10-31,2026-11-30,2026-11-30,,,559,2
1069,S022040046EB,OP,,2024-11-30,2026-12-30,2026-12-30,,,560,2
1070,S022040017EA,OP,,2024-10-31,2026-11-30,2026-11-30,,,561,2
1071,S022040167F9,OP,,2025-09-30,2027-10-30,2027-10-30,,,562,2
1072,S022040522E9,OP,,2024-09-30,2026-10-30,2026-10-30,,,563,2
1073,S022040067EA,OP,,2024-10-31,2026-11-30,2026-11-30,,,564,2
1074,S022040046EA,DC,,2024-10-31,2026-11-30,2026-11-30,,2026-05-04,565,2
1075,S022040121F6,OP,,2025-06-30,2027-07-30,2027-07-30,,,566,2
1076,S022040089FA,OP,,2025-10-31,2027-11-30,2027-11-30,,,567,2
1077,S022040026EA,OP,,2024-10-31,2026-11-30,2026-11-30,,,568,2
1078,S022040021FA,OP,,2025-10-31,2027-11-30,2027-11-30,,,569,2
1079,S022040667E9,OP,,2024-09-30,2026-10-30,2026-10-30,,,570,2
1080,S022040037EA,OP,,2024-10-31,2026-11-30,2026-11-30,,,572,2
1081,S022040647E9,OP,,2024-09-30,2026-10-30,2026-10-30,,,573,2
1082,S022040093EA,OP,,2024-10-31,2026-11-30,2026-11-30,,,574,2
1083,S022040023EA,OP,,2024-10-31,2026-11-30,2026-11-30,,,575,2
1084,S022040054EA,DC,,2024-10-31,2026-11-30,2026-11-30,,2026-05-19,576,2
1085,S022040669E9,OP,,2024-09-30,2026-10-30,2026-10-30,,,577,2
1086,S022040052EA,OP,,2024-10-31,2026-11-30,2026-11-30,,,578,2
1087,S022040080EA,OP,,2024-10-31,2026-11-30,2026-11-30,,,579,2
1088,S022040665E9,OP,,2024-09-30,2026-10-30,2026-10-30,,,580,2
1089,S022040164F9,OP,,2025-09-30,2027-10-30,2027-10-30,,,581,2
1090,S022040006F7,OP,,2025-07-31,2027-08-31,2027-08-31,,,582,2
1091,S022040156F9,OP,,2025-09-30,2027-10-30,2027-10-30,,,583,2
1092,S022040155F9,OP,,2025-09-30,2027-10-30,2027-10-30,,,584,2
1093,S022040627E9,OP,,2024-09-30,2026-10-30,2026-10-30,,,585,2
1094,S022040066FA,OP,,2025-10-31,2027-11-30,2027-11-30,,,586,2
1095,S032560173D4,OP,,2023-04-30,2025-05-30,2025-05-30,,,1,3
1096,S032560495D4,OP,,2023-04-30,2025-05-30,2025-05-30,,,2,3
1097,S032560493D4,OP,,2023-04-30,2025-05-30,2025-05-30,,,3,3
1098,S032560162D4,OP,,2023-04-30,2025-05-30,2025-05-30,,,4,3
1099,S032560642D4,OP,,2023-04-30,2025-05-30,2025-05-30,,,6,3
1100,S032560634D4,OP,,2023-04-30,2025-05-30,2025-05-30,,,7,3
1101,S032560661D4,DC,,2023-04-30,2025-05-30,2025-05-30,,2026-05-18,8,3
1102,S032560018D4,OP,,2023-04-30,2025-05-30,2025-05-30,,,9,3
1103,S032560386D4,OP,,2023-04-30,2025-05-30,2025-05-30,,,10,3
1104,S032560187D4,OP,,2023-04-30,2025-05-30,2025-05-30,,,11,3
1105,S032560486D4,OP,,2023-04-30,2025-05-30,2025-05-30,,,12,3
1106,S032560613D4,OP,,2023-04-30,2025-05-30,2025-05-30,,,13,3
1107,S032560468C3,OP,,2022-03-31,2024-04-30,2024-04-30,,,14,3
1108,S032560454D4,OP,,2023-04-30,2025-05-30,2025-05-30,,,15,3
1109,S032560449D4,OP,,2023-04-30,2025-05-30,2025-05-30,,,16,3
1110,S032560574D4,OP,,2023-04-30,2025-05-30,2025-05-30,,,17,3
1111,S032560527D4,DC,,2023-04-30,2025-05-30,2025-05-30,,2026-05-19,18,3
1112,S032560435D4,OP,,2023-04-30,2025-05-30,2025-05-30,,,19,3
1113,S032560099D4,OP,,2023-04-30,2025-05-30,2025-05-30,,,20,3
1114,S032560200D4,OP,,2023-04-30,2025-05-30,2025-05-30,,,21,3
1115,S032560326D4,OP,,2023-04-30,2025-05-30,2025-05-30,,,22,3
1116,S032560557D4,OP,,2023-04-30,2025-05-30,2025-05-30,,,23,3
1117,S032560378D4,OP,,2023-04-30,2025-05-30,2025-05-30,,,24,3
1118,S032560503D4,OP,,2023-04-30,2025-05-30,2025-05-30,,,25,3
1119,S032560061D4,OP,,2023-04-30,2025-05-30,2025-05-30,,,26,3
1120,S032560643D4,OP,,2023-04-30,2025-05-30,2025-05-30,,,27,3
1121,S032560075D5,OP,,2023-05-31,2025-06-30,2025-06-30,,,28,3
1122,S032560584D4,OP,,2023-04-30,2025-05-30,2025-05-30,,,29,3
1123,S032560261D4,OP,,2023-04-30,2025-05-30,2025-05-30,,,30,3
1124,S032560185D4,OP,,2023-04-30,2025-05-30,2025-05-30,,,32,3
1125,S032560481D4,OP,,2023-04-30,2025-05-30,2025-05-30,,,33,3
1126,S032560328D4,OP,,2023-04-30,2025-05-30,2025-05-30,,,34,3
1127,S032560329D4,OP,,2023-04-30,2025-05-30,2025-05-30,,,35,3
1128,S032560516D4,OP,,2023-04-30,2025-05-30,2025-05-30,,,36,3
1129,S032560271D4,OP,,2023-04-30,2025-05-30,2025-05-30,,,37,3
1130,S032560241D4,OP,,2023-04-30,2025-05-30,2025-05-30,,,38,3
1131,S032560144D4,OP,,2023-04-30,2025-05-30,2025-05-30,,,39,3
1132,S032560036D4,OP,,2023-04-30,2025-05-30,2025-05-30,,,40,3
1133,S032560170D4,OP,,2023-04-30,2025-05-30,2025-05-30,,,41,3
1134,S032560583D4,OP,,2023-04-30,2025-05-30,2025-05-30,,,42,3
1135,S032560432D4,OP,,2023-04-30,2025-05-30,2025-05-30,,,43,3
1136,S032560390D4,OP,,2023-04-30,2025-05-30,2025-05-30,,,44,3
1137,S032560566D4,OP,,2023-04-30,2025-05-30,2025-05-30,,,45,3
1138,S032560546D4,OP,,2023-04-30,2025-05-30,2025-05-30,,,46,3
1139,S032560357D4,OP,,2023-04-30,2025-05-30,2025-05-30,,,47,3
1140,S032560483D4,OP,,2023-04-30,2025-05-30,2025-05-30,,,48,3
1141,S032560003D4,OP,,2023-04-30,2025-05-30,2025-05-30,,,49,3
1142,S032560573D4,OP,,2023-04-30,2025-05-30,2025-05-30,,,50,3
1143,S032560011D4,DC,,2023-04-30,2025-05-30,2025-05-30,,2026-05-19,51,3
1144,S032560007E3,OP,,2024-03-31,2026-04-30,2026-04-30,,,52,3
1145,S032560501D4,OP,,2023-04-30,2025-05-30,2025-05-30,,,53,3
1146,S032560259D4,OP,,2023-04-30,2025-05-30,2025-05-30,,,54,3
1147,S032560505D4,OP,,2023-04-30,2025-05-30,2025-05-30,,,55,3
1148,S032560245D4,OP,,2023-04-30,2025-05-30,2025-05-30,,,56,3
1149,S032560547D4,OP,,2023-04-30,2025-05-30,2025-05-30,,,57,3
1150,S032560123D4,OP,,2023-04-30,2025-05-30,2025-05-30,,,58,3
1151,S032560494D4,OP,,2023-04-30,2025-05-30,2025-05-30,,,59,3
1152,S032560492D4,OP,,2023-04-30,2025-05-30,2025-05-30,,,60,3
1153,S032560255D4,OP,,2023-04-30,2025-05-30,2025-05-30,,,62,3
1154,S032560387D4,OP,,2023-04-30,2025-05-30,2025-05-30,,,63,3
1155,S032560182D4,OP,,2023-04-30,2025-05-30,2025-05-30,,,65,3
1156,S032560177D4,OP,,2023-04-30,2025-05-30,2025-05-30,,,66,3
1157,S032560308D4,OP,,2023-04-30,2025-05-30,2025-05-30,,,68,3
1158,S032560266D4,OP,,2023-04-30,2025-05-30,2025-05-30,,,69,3
1159,S032560446D4,OP,,2023-04-30,2025-05-30,2025-05-30,,,70,3
1160,S032560023D4,OP,,2023-04-30,2025-05-30,2025-05-30,,,71,3
1161,S032560230D4,OP,,2023-04-30,2025-05-30,2025-05-30,,,72,3
1162,S032560286D4,OP,,2023-04-30,2025-05-30,2025-05-30,,,73,3
1163,S032560614D4,OP,,2023-04-30,2025-05-30,2025-05-30,,,74,3
1164,S032560348D4,OP,,2023-04-30,2025-05-30,2025-05-30,,,75,3
1165,S032560203D4,OP,,2023-04-30,2025-05-30,2025-05-30,,,76,3
1166,S032560651D4,OP,,2023-04-30,2025-05-30,2025-05-30,,,77,3
1167,S032560445D4,OP,,2023-04-30,2025-05-30,2025-05-30,,,78,3
1168,S032560604D4,OP,,2023-04-30,2025-05-30,2025-05-30,,,79,3
1169,S032560020D4,OP,,2023-04-30,2025-05-30,2025-05-30,,,80,3
1170,S032560019D4,OP,,2023-04-30,2025-05-30,2025-05-30,,,81,3
1171,S032560563D4,OP,,2023-04-30,2025-05-30,2025-05-30,,,82,3
1172,S032560106D4,OP,,2023-04-30,2025-05-30,2025-05-30,,,83,3
1173,S032560223D4,OP,,2023-04-30,2025-05-30,2025-05-30,,,84,3
1174,S032560029F8,OP,,2025-08-31,2027-09-30,2027-09-30,,,85,3
1175,S032560016D4,OP,,2023-04-30,2025-05-30,2025-05-30,,,86,3
1176,S032560167D4,OP,,2023-04-30,2025-05-30,2025-05-30,,,87,3
1177,S032560525D4,OP,,2023-04-30,2025-05-30,2025-05-30,,,88,3
1178,S032560249D4,OP,,2023-04-30,2025-05-30,2025-05-30,,,89,3
1179,S032560663D4,OP,,2023-04-30,2025-05-30,2025-05-30,,,90,3
1180,S032560332D4,OP,,2023-04-30,2025-05-30,2025-05-30,,,91,3
1181,S032560027F8,OP,,2025-08-31,2027-09-30,2027-09-30,,,92,3
1182,S032560111AB,OP,,2020-11-30,2022-12-30,2022-12-30,,,93,3
1183,S032560270D4,DC,,2023-04-30,2025-05-30,2025-05-30,,2026-05-19,94,3
1184,S032560458D4,OP,,2023-04-30,2025-05-30,2025-05-30,,,95,3
1185,S032560109D4,OP,,2023-04-30,2025-05-30,2025-05-30,,,96,3
1186,S032560531D4,OP,,2023-04-30,2025-05-30,2025-05-30,,,97,3
1187,S032560312D4,OP,,2023-04-30,2025-05-30,2025-05-30,,,98,3
1188,S032560296D4,OP,,2023-04-30,2025-05-30,2025-05-30,,,99,3
1189,S032560662D4,OP,,2023-04-30,2025-05-30,2025-05-30,,,100,3
1190,S032560603D4,OP,,2023-04-30,2025-05-30,2025-05-30,,,101,3
1191,S032560015F8,OP,,2025-08-31,2027-09-30,2027-09-30,,,102,3
1192,S032560375D4,OP,,2023-04-30,2025-05-30,2025-05-30,,,103,3
1193,S032560159D4,OP,,2023-04-30,2025-05-30,2025-05-30,,,104,3
1194,S032560514D4,OP,,2023-04-30,2025-05-30,2025-05-30,,,105,3
1195,S032560660D4,OP,,2023-04-30,2025-05-30,2025-05-30,,,106,3
1196,S032560093D4,OP,,2023-04-30,2025-05-30,2025-05-30,,,107,3
1197,S032560265D4,OP,,2023-04-30,2025-05-30,2025-05-30,,,108,3
1198,S032560075D4,OP,,2023-04-30,2025-05-30,2025-05-30,,,109,3
1199,S032560405D4,OP,,2023-04-30,2025-05-30,2025-05-30,,,110,3
1200,S032560425D4,OP,,2023-04-30,2025-05-30,2025-05-30,,,111,3
1201,S032560638D4,DC,,2023-04-30,2025-05-30,2025-05-30,,2026-05-19,112,3
1202,S032560212D4,DC,,2023-04-30,2025-05-30,2025-05-30,,2026-05-19,113,3
1203,S032560487D4,OP,,2023-04-30,2025-05-30,2025-05-30,,,114,3
1204,S032560581D4,OP,,2023-04-30,2025-05-30,2025-05-30,,,115,3
1205,S032560538D4,OP,,2023-04-30,2025-05-30,2025-05-30,,,116,3
1206,S032560535D4,OP,,2023-04-30,2025-05-30,2025-05-30,,,117,3
1207,S032560355D4,OP,,2023-04-30,2025-05-30,2025-05-30,,,118,3
1208,S032560217D4,OP,,2023-04-30,2025-05-30,2025-05-30,,,119,3
1209,S032560303D4,OP,,2023-04-30,2025-05-30,2025-05-30,,,121,3
1210,S032560057D4,OP,,2023-04-30,2025-05-30,2025-05-30,,,122,3
1211,S032560664D4,OP,,2023-04-30,2025-05-30,2025-05-30,,,123,3
1212,S032560115D4,OP,,2023-04-30,2025-05-30,2025-05-30,,,124,3
1213,S032560369D4,OP,,2023-04-30,2025-05-30,2025-05-30,,,125,3
1214,S032560409D4,OP,,2023-04-30,2025-05-30,2025-05-30,,,126,3
1215,S032560418D4,OP,,2023-04-30,2025-05-30,2025-05-30,,,127,3
1216,S032560147D4,OP,,2023-04-30,2025-05-30,2025-05-30,,,128,3
1217,S032560444D4,OP,,2023-04-30,2025-05-30,2025-05-30,,,129,3
1218,S032560003F8,OP,,2025-08-31,2027-09-30,2027-09-30,,,130,3
1219,S032560239D4,OP,,2023-04-30,2025-05-30,2025-05-30,,,131,3
1220,S032560006F8,OP,,2025-08-31,2027-09-30,2027-09-30,,,132,3
1221,S032560451D4,OP,,2023-04-30,2025-05-30,2025-05-30,,,133,3
1222,S032560550D4,OP,,2023-04-30,2025-05-30,2025-05-30,,,134,3
1223,S032560372D4,OP,,2023-04-30,2025-05-30,2025-05-30,,,135,3
1224,S032560015F7,OP,,2025-07-31,2027-08-31,2027-08-31,,,136,3
1225,S032560512D4,OP,,2023-04-30,2025-05-30,2025-05-30,,,137,3
1226,S032560181D4,OP,,2023-04-30,2025-05-30,2025-05-30,,,139,3
1227,S032560028D5,OP,,2023-05-31,2025-06-30,2025-06-30,,,140,3
1228,S032560263D4,DC,,2023-04-30,2025-05-30,2025-05-30,,2026-05-19,141,3
1229,S032560416D4,OP,,2023-04-30,2025-05-30,2025-05-30,,,142,3
1230,S032560141D4,OP,,2023-04-30,2025-05-30,2025-05-30,,,143,3
1231,S032560431D4,OP,,2023-04-30,2025-05-30,2025-05-30,,,144,3
1232,S032560552D4,OP,,2023-04-30,2025-05-30,2025-05-30,,,145,3
1233,S032560243D4,OP,,2023-04-30,2025-05-30,2025-05-30,,,146,3
1234,S032560617D4,OP,,2023-04-30,2025-05-30,2025-05-30,,,147,3
1235,S032560032D5,OP,,2023-05-31,2025-06-30,2025-06-30,,,148,3
1236,S032560126D4,OP,,2023-04-30,2025-05-30,2025-05-30,,,150,3
1237,S032560467D4,OP,,2023-04-30,2025-05-30,2025-05-30,,,151,3
1238,S032560186D5,OP,,2023-05-31,2025-06-30,2025-06-30,,,152,3
1239,S032560608D4,OP,,2023-04-30,2025-05-30,2025-05-30,,,153,3
1240,S032560489D4,OP,,2023-04-30,2025-05-30,2025-05-30,,,154,3
1241,S032560569D4,OP,,2023-04-30,2025-05-30,2025-05-30,,,155,3
1242,S032560346D4,DC,,2023-04-30,2025-05-30,2025-05-30,,2026-05-19,156,3
1243,S032560288D4,OP,,2023-04-30,2025-05-30,2025-05-30,,,157,3
1244,S032560256D4,OP,,2023-04-30,2025-05-30,2025-05-30,,,160,3
1245,S032560515D4,OP,,2023-04-30,2025-05-30,2025-05-30,,,162,3
1246,S032560195D4,OP,,2023-04-30,2025-05-30,2025-05-30,,,163,3
1247,S032560518D4,OP,,2023-04-30,2025-05-30,2025-05-30,,,164,3
1248,S032560488D4,OP,,2023-04-30,2025-05-30,2025-05-30,,,165,3
1249,S032560009F7,OP,,2025-07-31,2027-08-31,2027-08-31,,,166,3
1250,S032560382D4,OP,,2023-04-30,2025-05-30,2025-05-30,,,167,3
1251,S032560049F9,OP,,2025-09-30,2027-10-30,2027-10-30,,,168,3
1252,S032560652D4,OP,,2023-04-30,2025-05-30,2025-05-30,,,170,3
1253,S032560555D4,OP,,2023-04-30,2025-05-30,2025-05-30,,,171,3
1254,S032560028D4,OP,,2023-04-30,2025-05-30,2025-05-30,,,172,3
1255,S032560180D4,OP,,2023-04-30,2025-05-30,2025-05-30,,,173,3
1256,S032560333D4,OP,,2023-04-30,2025-05-30,2025-05-30,,,174,3
1257,S032560471D4,OP,,2023-04-30,2025-05-30,2025-05-30,,,175,3
1258,S032560118D4,OP,,2023-04-30,2025-05-30,2025-05-30,,,176,3
1259,S032560002D5,OP,,2023-05-31,2025-06-30,2025-06-30,,,177,3
1260,S032560260D4,OP,,2023-04-30,2025-05-30,2025-05-30,,,178,3
1261,S032560521D4,OP,,2023-04-30,2025-05-30,2025-05-30,,,179,3
1262,S032560237D4,OP,,2023-04-30,2025-05-30,2025-05-30,,,180,3
1263,S032560394D4,OP,,2023-04-30,2025-05-30,2025-05-30,,,181,3
1264,S032560066F7,OP,,2025-07-31,2027-08-31,2027-08-31,,,182,3
1265,S032560318D4,OP,,2023-04-30,2025-05-30,2025-05-30,,,183,3
1266,S032560479D4,OP,,2023-04-30,2025-05-30,2025-05-30,,,184,3
1267,S032560397D4,OP,,2023-04-30,2025-05-30,2025-05-30,,,185,3
1268,S032560653D4,OP,,2023-04-30,2025-05-30,2025-05-30,,,186,3
1269,S032560211D4,OP,,2023-04-30,2025-05-30,2025-05-30,,,187,3
1270,S032560606D4,OP,,2023-04-30,2025-05-30,2025-05-30,,,188,3
1271,S032560659D4,OP,,2023-04-30,2025-05-30,2025-05-30,,,189,3
1272,S032560362D4,OP,,2023-04-30,2025-05-30,2025-05-30,,,190,3
1273,S032560396D4,OP,,2023-04-30,2025-05-30,2025-05-30,,,191,3
1274,S032560047D4,OP,,2023-04-30,2025-05-30,2025-05-30,,,192,3
1275,S032560413D4,OP,,2023-04-30,2025-05-30,2025-05-30,,,195,3
1276,S032560225D4,OP,,2023-04-30,2025-05-30,2025-05-30,,,196,3
1277,S032560199D4,OP,,2023-04-30,2025-05-30,2025-05-30,,,197,3
1278,S032560072D4,OP,,2023-04-30,2025-05-30,2025-05-30,,,198,3
1279,S032560576D4,OP,,2023-04-30,2025-05-30,2025-05-30,,,199,3
1280,S032560272D4,OP,,2023-04-30,2025-05-30,2025-05-30,,,200,3
1281,S032560558D4,OP,,2023-04-30,2025-05-30,2025-05-30,,,201,3
1282,S032560385D4,OP,,2023-04-30,2025-05-30,2025-05-30,,,202,3
1283,S032560013D4,OP,,2023-04-30,2025-05-30,2025-05-30,,,203,3
1284,S032560646D4,OP,,2023-04-30,2025-05-30,2025-05-30,,,204,3
1285,S032560392D4,OP,,2023-04-30,2025-05-30,2025-05-30,,,205,3
1286,S032560624D4,OP,,2023-04-30,2025-05-30,2025-05-30,,,206,3
1287,S032560229D4,OP,,2023-04-30,2025-05-30,2025-05-30,,,207,3
1288,S032560143D4,OP,,2023-04-30,2025-05-30,2025-05-30,,,208,3
1289,S032560491D4,OP,,2023-04-30,2025-05-30,2025-05-30,,,209,3
1290,S032560234D4,OP,,2023-04-30,2025-05-30,2025-05-30,,,210,3
1291,S032560077AB,OP,,2020-11-30,2022-12-30,2022-12-30,,,211,3
1292,S032560334D4,OP,,2023-04-30,2025-05-30,2025-05-30,,,212,3
1293,S032560058D5,OP,,2023-05-31,2025-06-30,2025-06-30,,,213,3
1294,S032560571D4,OP,,2023-04-30,2025-05-30,2025-05-30,,,214,3
1295,S032560019F8,OP,,2025-08-31,2027-09-30,2027-09-30,,,215,3
1296,S032560052D4,OP,,2023-04-30,2025-05-30,2025-05-30,,,216,3
1297,S032560082D4,OP,,2023-04-30,2025-05-30,2025-05-30,,,217,3
1298,S03256035D4,OP,,2023-04-30,2025-05-30,2025-05-30,,,218,3
1299,S032560133D4,OP,,2023-04-30,2025-05-30,2025-05-30,,,219,3
1300,S032560196D4,OP,,2023-04-30,2025-05-30,2025-05-30,,,220,3
1301,S032560021F7,OP,,2025-07-31,2027-08-31,2027-08-31,,,221,3
1302,S032560041D4,OP,,2023-04-30,2025-05-30,2025-05-30,,,222,3
1303,S032560005F7,OP,,2025-07-31,2027-08-31,2027-08-31,,,224,3
1304,S032560443D4,OP,,2023-04-30,2025-05-30,2025-05-30,,,225,3
1305,S032560537D4,OP,,2023-04-30,2025-05-30,2025-05-30,,,227,3
1306,S032560327D4,OP,,2023-04-30,2025-05-30,2025-05-30,,,228,3
1307,S032560040D4,OP,,2023-04-30,2025-05-30,2025-05-30,,,229,3
1308,S032560048D5,OP,,2023-05-31,2025-06-30,2025-06-30,,,230,3
1309,S032560666D4,OP,,2023-04-30,2025-05-30,2025-05-30,,,231,3
1310,S032560657D4,OP,,2023-04-30,2025-05-30,2025-05-30,,,232,3
1311,S032560482D4,OP,,2023-04-30,2025-05-30,2025-05-30,,,233,3
1312,S032560017D4,OP,,2023-04-30,2025-05-30,2025-05-30,,,234,3
1313,S032560314D4,OP,,2023-04-30,2025-05-30,2025-05-30,,,235,3
1314,S032560007D5,OP,,2023-05-31,2025-06-30,2025-06-30,,,237,3
1315,S032560116D4,OP,,2023-04-30,2025-05-30,2025-05-30,,,238,3
1316,S032560582D4,OP,,2023-04-30,2025-05-30,2025-05-30,,,239,3
1317,S032560389D4,OP,,2023-04-30,2025-05-30,2025-05-30,,,240,3
1318,S032560096D5,OP,,2023-05-31,2025-06-30,2025-06-30,,,241,3
1319,S032560258D4,OP,,2023-04-30,2025-05-30,2025-05-30,,,242,3
1320,S032560208D4,OP,,2023-04-30,2025-05-30,2025-05-30,,,243,3
1321,S032560188D4,OP,,2023-04-30,2025-05-30,2025-05-30,,,244,3
1322,S032560030D4,OP,,2023-04-30,2025-05-30,2025-05-30,,,245,3
1323,S032560373D4,OP,,2023-04-30,2025-05-30,2025-05-30,,,246,3
1324,S032560086D4,OP,,2023-04-30,2025-05-30,2025-05-30,,,247,3
1325,S032560528D4,OP,,2023-04-30,2025-05-30,2025-05-30,,,248,3
1326,S032560089D4,OP,,2023-04-30,2025-05-30,2025-05-30,,,249,3
1327,S032560035D4,OP,,2023-04-30,2025-05-30,2025-05-30,,,251,3
1328,S032560018F9,OP,,2025-09-30,2027-10-30,2027-10-30,,,252,3
1329,S032560008D4,OP,,2023-04-30,2025-05-30,2025-05-30,,,254,3
1330,S032560337D4,OP,,2023-04-30,2025-05-30,2025-05-30,,,255,3
1331,S032560114D4,OP,,2023-04-30,2025-05-30,2025-05-30,,,256,3
1332,S032560001D4,OP,,2023-04-30,2025-05-30,2025-05-30,,,257,3
1333,S032560450D4,OP,,2023-04-30,2025-05-30,2025-05-30,,,258,3
1334,S032560001F8,OP,,2025-08-31,2027-09-30,2027-09-30,,,259,3
1335,S032560120D4,OP,,2023-04-30,2025-05-30,2025-05-30,,,261,3
1336,S032560248D4,OP,,2023-04-30,2025-05-30,2025-05-30,,,262,3
1337,S032560466D4,OP,,2023-04-30,2025-05-30,2025-05-30,,,264,3
1338,S032560238D4,OP,,2023-04-30,2025-05-30,2025-05-30,,,265,3
1339,S032560164D4,OP,,2023-04-30,2025-05-30,2025-05-30,,,268,3
1340,S032560226D4,OP,,2023-04-30,2025-05-30,2025-05-30,,,269,3
1341,S032560669D4,OP,,2023-04-30,2025-05-30,2025-05-30,,,270,3
1342,S032560280D4,OP,,2023-04-30,2025-05-30,2025-05-30,,,271,3
1343,S032560647D4,OP,,2023-04-30,2025-05-30,2025-05-30,,,272,3
1344,S032560207D4,OP,,2023-04-30,2025-05-30,2025-05-30,,,273,3
1345,S032560033D4,OP,,2023-04-30,2025-05-30,2025-05-30,,,274,3
1346,S032560626D4,OP,,2023-04-30,2025-05-30,2025-05-30,,,276,3
1347,S032560028F8,OP,,2025-08-31,2027-09-30,2027-09-30,,,277,3
1348,S032560618D4,OP,,2023-04-30,2025-05-30,2025-05-30,,,278,3
1349,S032560027D4,OP,,2023-04-30,2025-05-30,2025-05-30,,,279,3
1350,S032560440D4,OP,,2023-04-30,2025-05-30,2025-05-30,,,280,3
1351,S032560287D4,OP,,2023-04-30,2025-05-30,2025-05-30,,,281,3
1352,S032560310D4,OP,,2023-04-30,2025-05-30,2025-05-30,,,284,3
1353,S032560658D4,OP,,2023-04-30,2025-05-30,2025-05-30,,,286,3
1354,S032560398D4,OP,,2023-04-30,2025-05-30,2025-05-30,,,287,3
1355,S032560213C3,OP,,2022-03-31,2024-04-30,2024-04-30,,,288,3
1356,S032560484D4,OP,,2023-04-30,2025-05-30,2025-05-30,,,289,3
1357,S032560301D4,OP,,2023-04-30,2025-05-30,2025-05-30,,,290,3
1358,S032560589D4,OP,,2023-04-30,2025-05-30,2025-05-30,,,291,3
1359,S032560524D4,OP,,2023-04-30,2025-05-30,2025-05-30,,,292,3
1360,S032560087D5,OP,,2023-05-31,2025-06-30,2025-06-30,,,293,3
1361,S032560577D4,OP,,2023-04-30,2025-05-30,2025-05-30,,,294,3
1362,S032560509D4,OP,,2023-04-30,2025-05-30,2025-05-30,,,295,3
1363,S032560587D4,OP,,2023-04-30,2025-05-30,2025-05-30,,,296,3
1364,S032560427D4,OP,,2023-04-30,2025-05-30,2025-05-30,,,297,3
1365,S032560146D4,OP,,2023-04-30,2025-05-30,2025-05-30,,,298,3
1366,S032560464D4,OP,,2023-04-30,2025-05-30,2025-05-30,,,299,3
1367,S032560295D4,OP,,2023-04-30,2025-05-30,2025-05-30,,,300,3
1368,S032560627D4,OP,,2023-04-30,2025-05-30,2025-05-30,,,301,3
1369,S032560406D4,OP,,2023-04-30,2025-05-30,2025-05-30,,,302,3
1370,S032560022F8,OP,,2025-08-31,2027-09-30,2027-09-30,,,303,3
1371,S032560619D4,OP,,2023-04-30,2025-05-30,2025-05-30,,,304,3
1372,S032560299D4,OP,,2023-04-30,2025-05-30,2025-05-30,,,305,3
1373,S032560496D4,OP,,2023-04-30,2025-05-30,2025-05-30,,,306,3
1374,S032560504D4,OP,,2023-04-30,2025-05-30,2025-05-30,,,307,3
1375,S032560622D4,OP,,2023-04-30,2025-05-30,2025-05-30,,,308,3
1376,S032560003D5,DC,,2023-05-31,2025-06-30,2025-06-30,,2026-05-19,309,3
1377,S032560081D5,OP,,2023-05-31,2025-06-30,2025-06-30,,,311,3
1378,S032560038D4,OP,,2023-04-30,2025-05-30,2025-05-30,,,313,3
1379,S032560367D4,OP,,2023-04-30,2025-05-30,2025-05-30,,,315,3
1380,S032560155D4,OP,,2023-04-30,2025-05-30,2025-05-30,,,316,3
1381,S032560510D4,OP,,2023-04-30,2025-05-30,2025-05-30,,,317,3
1382,S032560119D4,OP,,2023-04-30,2025-05-30,2025-05-30,,,318,3
1383,S032560086D5,OP,,2023-05-31,2025-06-30,2025-06-30,,,319,3
1384,S032560088D4,OP,,2023-04-30,2025-05-30,2025-05-30,,,320,3
1385,S032560656D4,OP,,2023-04-30,2025-05-30,2025-05-30,,,321,3
1386,S032560165D4,OP,,2023-04-30,2025-05-30,2025-05-30,,,322,3
1387,S032560189D4,OP,,2023-04-30,2025-05-30,2025-05-30,,,323,3
1388,S032560421D4,OP,,2023-04-30,2025-05-30,2025-05-30,,,324,3
1389,S032560508D4,OP,,2023-04-30,2025-05-30,2025-05-30,,,325,3
1390,S032560281D4,OP,,2023-04-30,2025-05-30,2025-05-30,,,326,3
1391,S032560485D4,OP,,2023-04-30,2025-05-30,2025-05-30,,,327,3
1392,S032560374D4,OP,,2023-04-30,2025-05-30,2025-05-30,,,328,3
1393,S032560004F8,OP,,2025-08-31,2027-09-30,2027-09-30,,,329,3
1394,S032560094D4,OP,,2023-04-30,2025-05-30,2025-05-30,,,331,3
1395,S032560665D4,OP,,2023-04-30,2025-05-30,2025-05-30,,,332,3
1396,S032560455D4,OP,,2023-04-30,2025-05-30,2025-05-30,,,333,3
1397,S032560024D4,OP,,2023-04-30,2025-05-30,2025-05-30,,,334,3
1398,S032560279D4,OP,,2023-04-30,2025-05-30,2025-05-30,,,335,3
1399,S032560276D4,OP,,2023-04-30,2025-05-30,2025-05-30,,,336,3
1400,S032560567D4,OP,,2023-04-30,2025-05-30,2025-05-30,,,337,3
1401,S032560029D4,OP,,2023-04-30,2025-05-30,2025-05-30,,,338,3
1402,S032560620E7,OP,,2024-07-31,2026-08-31,2026-08-31,,,339,3
1403,S032560667D4,OP,,2023-04-30,2025-05-30,2025-05-30,,,340,3
1404,S032560520D4,OP,,2023-04-30,2025-05-30,2025-05-30,,,342,3
1405,S032560079D4,OP,,2023-04-30,2025-05-30,2025-05-30,,,343,3
1406,S032560668D4,OP,,2023-04-30,2025-05-30,2025-05-30,,,344,3
1407,S032560592D4,OP,,2023-04-30,2025-05-30,2025-05-30,,,345,3
1408,S032560549D4,OP,,2023-04-30,2025-05-30,2025-05-30,,,346,3
1409,S032560593D4,OP,,2023-04-30,2025-05-30,2025-05-30,,,347,3
1410,S032560588D4,OP,,2023-04-30,2025-05-30,2025-05-30,,,348,3
1411,S032560056E9,OP,,2024-09-30,2026-10-30,2026-10-30,,,350,3
1412,S032560616D4,OP,,2023-04-30,2025-05-30,2025-05-30,,,351,3
1413,S032560112D4,OP,,2023-04-30,2025-05-30,2025-05-30,,,352,3
1414,S032560447D4,OP,,2023-04-30,2025-05-30,2025-05-30,,,353,3
1415,S032560283D4,OP,,2023-04-30,2025-05-30,2025-05-30,,,354,3
1416,S032560262D4,OP,,2023-04-30,2025-05-30,2025-05-30,,,355,3
1417,S032560183D4,OP,,2023-04-30,2025-05-30,2025-05-30,,,356,3
1418,S032560251D4,OP,,2023-04-30,2025-05-30,2025-05-30,,,357,3
1419,S032560285D4,OP,,2023-04-30,2025-05-30,2025-05-30,,,358,3
1420,S032560434D4,OP,,2023-04-30,2025-05-30,2025-05-30,,,359,3
1421,S032560460D4,OP,,2023-04-30,2025-05-30,2025-05-30,,,360,3
1422,S032560168D4,OP,,2023-04-30,2025-05-30,2025-05-30,,,361,3
1423,S032560522D4,OP,,2023-04-30,2025-05-30,2025-05-30,,,362,3
1424,S032560544D4,OP,,2023-04-30,2025-05-30,2025-05-30,,,363,3
1425,S032560043D5,OP,,2023-05-31,2025-06-30,2025-06-30,,,364,3
1426,S032560556D4,OP,,2023-04-30,2025-05-30,2025-05-30,,,365,3
1427,S032560570D4,OP,,2023-04-30,2025-05-30,2025-05-30,,,366,3
1428,S032560393D5,OP,,2023-05-31,2025-06-30,2025-06-30,,,367,3
1429,S032560010D4,OP,,2023-04-30,2025-05-30,2025-05-30,,,368,3
1430,S032560649D4,OP,,2023-04-30,2025-05-30,2025-05-30,,,369,3
1431,S032560038D5,OP,,2023-05-31,2025-06-30,2025-06-30,,,370,3
1432,S032560277D4,OP,,2023-04-30,2025-05-30,2025-05-30,,,371,3
1433,S032560309D4,OP,,2023-04-30,2025-05-30,2025-05-30,,,372,3
1434,S032560176D4,OP,,2023-04-30,2025-05-30,2025-05-30,,,373,3
1435,S032560499D4,OP,,2023-04-30,2025-05-30,2025-05-30,,,374,3
1436,S032560612D4,OP,,2023-04-30,2025-05-30,2025-05-30,,,375,3
1437,S032560542D4,OP,,2023-04-30,2025-05-30,2025-05-30,,,376,3
1438,S032560053D5,OP,,2023-05-31,2025-06-30,2025-06-30,,,377,3
1439,S032560142D4,OP,,2023-04-30,2025-05-30,2025-05-30,,,378,3
1440,S032560615D4,OP,,2023-04-30,2025-05-30,2025-05-30,,,380,3
1441,S032560568D4,OP,,2023-04-30,2025-05-30,2025-05-30,,,381,3
1442,SO32560670D4,OP,,2023-04-30,2025-05-30,2025-05-30,,,382,3
1443,S032560009D5,OP,,2023-05-31,2025-06-30,2025-06-30,,,383,3
1444,S032560625D4,OP,,2023-04-30,2025-05-30,2025-05-30,,,384,3
1445,S032560136D4,OP,,2023-04-30,2025-05-30,2025-05-30,,,385,3
1446,S032560317D4,OP,,2023-04-30,2025-05-30,2025-05-30,,,386,3
1447,S032560342D4,OP,,2023-04-30,2025-05-30,2025-05-30,,,387,3
1448,S032560590D4,OP,,2023-04-30,2025-05-30,2025-05-30,,,388,3
1449,S032560098D4,OP,,2023-04-30,2025-05-30,2025-05-30,,,389,3
1450,S032560014D5,DC,,2023-05-31,2025-06-30,2025-06-30,,2026-05-19,390,3
1451,S032560461D4,OP,,2023-04-30,2025-05-30,2025-05-30,,,391,3
1452,S032560066D5,OP,,2023-05-31,2025-06-30,2025-06-30,,,392,3
1453,S032560349D4,OP,,2023-04-30,2025-05-30,2025-05-30,,,393,3
1454,S032560085D5,OP,,2023-05-31,2025-06-30,2025-06-30,,,394,3
1455,S032560623D4,OP,,2023-04-30,2025-05-30,2025-05-30,,,395,3
1456,S032560148D4,OP,,2023-04-30,2025-05-30,2025-05-30,,,396,3
1457,S032560585D4,OP,,2023-04-30,2025-05-30,2025-05-30,,,397,3
1458,S032560330D4,OP,,2023-04-30,2025-05-30,2025-05-30,,,398,3
1459,S032560594D4,DC,,2023-04-30,2025-05-30,2025-05-30,,2026-05-19,399,3
1460,S032560597D4,OP,,2023-04-30,2025-05-30,2025-05-30,,,400,3
1461,S032560565D4,OP,,2023-04-30,2025-05-30,2025-05-30,,,401,3
1462,S032560645E7,OP,,2024-07-31,2026-08-31,2026-08-31,,,402,3
1463,S032560543E7,OP,,2024-07-31,2026-08-31,2026-08-31,,,403,3
1464,S032560452D4,OP,,2023-04-30,2025-05-30,2025-05-30,,,404,3
1465,S032560273D4,DC,,2023-04-30,2025-05-30,2025-05-30,,2026-05-19,405,3
1466,S032560642E7,OP,,2024-07-31,2026-08-31,2026-08-31,,,406,3
1467,S032560302D4,OP,,2023-04-30,2025-05-30,2025-05-30,,,407,3
1468,S032560083D4,OP,,2023-04-30,2025-05-30,2025-05-30,,,408,3
1469,S032560436D4,OP,,2023-04-30,2025-05-30,2025-05-30,,,409,3
1470,S032560202A4,OP,,2020-04-30,2022-05-30,2022-05-30,,,410,3
1471,S032560621E7,OP,,2024-07-31,2026-08-31,2026-08-31,,,411,3
1472,S032560607E7,OP,,2024-07-31,2026-08-31,2026-08-31,,,412,3
1473,S032560663E7,OP,,2024-07-31,2026-08-31,2026-08-31,,,413,3
1474,S032560107EA,DC,,2024-10-31,2026-11-30,2026-11-30,,2026-05-04,414,3
1475,S032560097EA,OP,,2024-10-31,2026-11-30,2026-11-30,,,415,3
1476,S032560087EA,OP,,2024-10-31,2026-11-30,2026-11-30,,,416,3
1477,S032560162EA,OP,,2024-10-31,2026-11-30,2026-11-30,,,417,3
1478,S032560122EA,OP,,2024-10-31,2026-11-30,2026-11-30,,,418,3
1479,S032560165EA,OP,,2024-10-31,2026-11-30,2026-11-30,,,419,3
1480,S032560156EA,OP,,2024-10-31,2026-11-30,2026-11-30,,,420,3
1481,S032560105EA,OP,,2024-10-31,2026-11-30,2026-11-30,,,421,3
1482,S032560025F8,OP,,2025-08-31,2027-09-30,2027-09-30,,,422,3
1483,S032560984EA,OP,,2024-10-31,2026-11-30,2026-11-30,,,423,3
1484,S032560136EA,OP,,2024-10-31,2026-11-30,2026-11-30,,,424,3
1485,S032560123E4,OP,,2024-04-30,2026-05-30,2026-05-30,,,425,3
1486,S032560125EA,OP,,2024-10-31,2026-11-30,2026-11-30,,,426,3
1487,S032560171EA,OP,,2024-10-31,2026-11-30,2026-11-30,,,427,3
1488,S032560118EA,OP,,2024-10-31,2026-11-30,2026-11-30,,,428,3
1489,S032560134EA,OP,,2024-10-31,2026-11-30,2026-11-30,,,429,3
1490,S032560071D5,OP,,2023-05-31,2025-06-30,2025-06-30,,,430,3
1491,S032560054D5,OP,,2023-05-31,2025-06-30,2025-06-30,,,431,3
1492,S032560016F8,OP,,2025-08-31,2027-09-30,2027-09-30,,,432,3
1493,S032560014F8,OP,,2025-08-31,2027-09-30,2027-09-30,,,434,3
1494,S032560005EB,OP,,2024-11-30,2026-12-30,2026-12-30,,,435,3
1495,S032560139EA,OP,,2024-10-31,2026-11-30,2026-11-30,,,436,3
1496,S032560089EA,OP,,2024-10-31,2026-11-30,2026-11-30,,,437,3
1497,S032560023EB,OP,,2024-11-30,2026-12-30,2026-12-30,,,438,3
1498,S032560152D4,OP,,2023-04-30,2025-05-30,2025-05-30,,,439,3
1499,S032560264D4,OP,,2023-04-30,2025-05-30,2025-05-30,,,440,3
1500,S032560051D4,OP,,2023-04-30,2025-05-30,2025-05-30,,,441,3
1501,S032560120AC,OP,,2020-12-31,2023-01-31,2023-01-31,,,442,3
1502,S032560070F4,OP,,2025-04-30,2027-05-30,2027-05-30,,,443,3
1503,S032560090F4,OP,,2025-04-30,2027-05-30,2027-05-30,,,444,3
1504,S032560023F4,OP,,2025-04-30,2027-05-30,2027-05-30,,,445,3
1505,S032560099F4,OP,,2025-04-30,2027-05-30,2027-05-30,,,446,3
1506,S032560124F4,OP,,2025-04-30,2027-05-30,2027-05-30,,,447,3
1507,S032560020F4,OP,,2025-04-30,2027-05-30,2027-05-30,,,448,3
1508,S032560010F4,OP,,2025-04-30,2027-05-30,2027-05-30,,,449,3
1509,S032560053F4,OP,,2025-04-30,2027-05-30,2027-05-30,,,450,3
1510,S032560054F4,OP,,2025-04-30,2027-05-30,2027-05-30,,,451,3
1511,S032560088F4,OP,,2025-04-30,2027-05-30,2027-05-30,,,452,3
1512,S032560079F4,OP,,2025-04-30,2027-05-30,2027-05-30,,,453,3
1513,S032560045F4,OP,,2025-04-30,2027-05-30,2027-05-30,,,454,3
1514,S032560063F4,OP,,2025-04-30,2027-05-30,2027-05-30,,,455,3
1515,S032560072F4,OP,,2025-04-30,2027-05-30,2027-05-30,,,456,3
1516,S032560047F4,OP,,2025-04-30,2027-05-30,2027-05-30,,,457,3
1517,S032560019F4,OP,,2025-04-30,2027-05-30,2027-05-30,,,458,3
1518,S032560084F4,OP,,2025-04-30,2027-05-30,2027-05-30,,,459,3
1519,S032560018F4,OP,,2025-04-30,2027-05-30,2027-05-30,,,460,3
1520,S032560048F4,OP,,2025-04-30,2027-05-30,2027-05-30,,,461,3
1521,S032560056F4,OP,,2025-04-30,2027-05-30,2027-05-30,,,462,3
1522,S032560006F4,OP,,2025-04-30,2027-05-30,2027-05-30,,,463,3
1523,S032560017F4,OP,,2025-04-30,2027-05-30,2027-05-30,,,464,3
1524,S032560055F4,OP,,2025-04-30,2027-05-30,2027-05-30,,,465,3
1525,S032560098F4,OP,,2025-04-30,2027-05-30,2027-05-30,,,466,3
1526,S032560097F4,OP,,2025-04-30,2027-05-30,2027-05-30,,,467,3
1527,S032560640D4,OP,,2023-04-30,2025-05-30,2025-05-30,,,468,3
1528,S032560059F3,OP,,2025-03-31,2027-04-30,2027-04-30,,,469,3
1529,S032560045F3,OP,,2025-03-31,2027-04-30,2027-04-30,,,470,3
1530,S032560067F3,OP,,2025-03-31,2027-04-30,2027-04-30,,,471,3
1531,S032560058F3,OP,,2025-03-31,2027-04-30,2027-04-30,,,472,3
1532,S032560003F3,OP,,2025-03-31,2027-04-30,2027-04-30,,,473,3
1533,S032560054F3,OP,,2025-03-31,2027-04-30,2027-04-30,,,474,3
1534,S032560052F3,OP,,2025-03-31,2027-04-30,2027-04-30,,,475,3
1535,S032560041F3,OP,,2025-03-31,2027-04-30,2027-04-30,,,476,3
1536,S032560332T6,OP,,1900-06-30,1902-07-30,1902-07-30,,,477,3
1537,S032560535E7,OP,,2024-07-31,2026-08-31,2026-08-31,,,478,3
1538,S032560210AB,OP,,2020-11-30,2022-12-30,2022-12-30,,,479,3
1539,S032560009C1,OP,,2022-01-31,2024-02-29,2024-02-29,,,480,3
1540,S032560276BB,OP,,2021-11-30,2023-12-30,2023-12-30,,,481,3
1541,S032560012F3,OP,,2025-03-31,2027-04-30,2027-04-30,,,482,3
1542,S032560032C1,OP,,2022-01-31,2024-02-29,2024-02-29,,,483,3
1543,S032560058A4,OP,,2020-04-30,2022-05-30,2022-05-30,,,485,3
1544,S032560045C1,OP,,2022-01-31,2024-02-29,2024-02-29,,,487,3
1545,S032560183AC,OP,,2020-12-31,2023-01-31,2023-01-31,,,488,3
1546,S032560652W7,OP,,1900-07-31,1902-08-31,1902-08-31,,,489,3
1547,S032560688W7,OP,,1900-07-31,1902-08-31,1902-08-31,,,490,3
1548,S032560016A3,OP,,2020-03-31,2022-04-30,2022-04-30,,,491,3
1549,S032560119A3,OP,,2020-03-31,2022-04-30,2022-04-30,,,492,3
1550,S032560109A3,OP,,2020-03-31,2022-04-30,2022-04-30,,,493,3
1551,S032560675W7,OP,,1900-07-31,1902-08-31,1902-08-31,,,494,3
1552,S032560664AC,OP,,2020-12-31,2023-01-31,2023-01-31,,,495,3
1553,S032560007C1,OP,,2022-01-31,2024-02-29,2024-02-29,,,496,3
1554,S032560689W7,OP,,1900-07-31,1902-08-31,1902-08-31,,,497,3
1555,S032560019C1,OP,,2022-01-31,2024-02-29,2024-02-29,,,498,3
1556,S032560099AC,OP,,2020-12-31,2023-01-31,2023-01-31,,,499,3
1557,S032560028C1,OP,,2022-01-31,2024-02-29,2024-02-29,,,500,3
1558,S032560010C1,OP,,2022-01-31,2024-02-29,2024-02-29,,,501,3
1559,S032560340BC,OP,,2021-12-31,2024-01-31,2024-01-31,,,502,3
1560,S032560647W7,OP,,1900-07-31,1902-08-31,1902-08-31,,,503,3
1561,S032560011AC,OP,,2020-12-31,2023-01-31,2023-01-31,,,504,3
1562,S032560025C1,OP,,2022-01-31,2024-02-29,2024-02-29,,,505,3
1563,S032560011C1,OP,,2022-01-31,2024-02-29,2024-02-29,,,506,3
1564,S032560012C1,OP,,2022-01-31,2024-02-29,2024-02-29,,,507,3
1565,S032560177AC,OP,,2020-12-31,2023-01-31,2023-01-31,,,508,3
1566,S032560024AC,OP,,2020-12-31,2023-01-31,2023-01-31,,,509,3
1567,S032560979W7,OP,,1900-07-31,1902-08-31,1902-08-31,,,510,3
1568,S032560093AC,OP,,2020-12-31,2023-01-31,2023-01-31,,,511,3
1569,S032560021A5,OP,,2020-05-31,2022-06-30,2022-06-30,,,513,3
1570,S032560628W7,OP,,1900-07-31,1902-08-31,1902-08-31,,,514,3
1571,S032560705W7,OP,,1900-07-31,1902-08-31,1902-08-31,,,515,3
1572,S032560118A4,OP,,2020-04-30,2022-05-30,2022-05-30,,,516,3
1573,S032560084A3,OP,,2020-03-31,2022-04-30,2022-04-30,,,517,3
1574,S032560341BC,OP,,2021-12-31,2024-01-31,2024-01-31,,,518,3
1575,S032560037A4,OP,,2020-04-30,2022-05-30,2022-05-30,,,519,3
1576,S032560098AC,OP,,2020-12-31,2023-01-31,2023-01-31,,,520,3
1577,S032560013C1,OP,,2022-01-31,2024-02-29,2024-02-29,,,521,3
1578,S032560127AC,OP,,2020-12-31,2023-01-31,2023-01-31,,,522,3
1579,S032560105AC,OP,,2020-12-31,2023-01-31,2023-01-31,,,523,3
1580,S032561415U6,OP,,1900-06-30,1902-07-30,1902-07-30,,,524,3
1581,S032560021AC,OP,,2020-12-31,2023-01-31,2023-01-31,,,525,3
1582,S032560085D4,OP,,2023-04-30,2025-05-30,2025-05-30,,,526,3
1583,S032560313D4,OP,,2023-04-30,2025-05-30,2025-05-30,,,527,3
1584,S032560340D4,OP,,2023-04-30,2025-05-30,2025-05-30,,,528,3
1585,S032560366D4,OP,,2023-04-30,2025-05-30,2025-05-30,,,529,3
1586,S032560523D4,OP,,2023-04-30,2025-05-30,2025-05-30,,,530,3
1587,S032560039D4,OP,,2023-04-30,2025-05-30,2025-05-30,,,531,3
1588,S032560278D4,OP,,2023-04-30,2025-05-30,2025-05-30,,,532,3
1589,S032560595D4,OP,,2023-04-30,2025-05-30,2025-05-30,,,533,3
1590,S032560209D4,OP,,2023-04-30,2025-05-30,2025-05-30,,,534,3
1591,S032560637D4,OP,,2023-04-30,2025-05-30,2025-05-30,,,536,3
1592,S032560031D5,OP,,2023-05-31,2025-06-30,2025-06-30,,,537,3
1593,S032560050D5,OP,,2023-05-31,2025-06-30,2025-06-30,,,538,3
1594,S032560108D4,OP,,2023-04-30,2025-05-30,2025-05-30,,,539,3
1595,S032560539D4,OP,,2023-04-30,2025-05-30,2025-05-30,,,540,3
1596,S032560415D4,OP,,2023-04-30,2025-05-30,2025-05-30,,,541,3
1597,S032560404D4,OP,,2023-04-30,2025-05-30,2025-05-30,,,542,3
1598,S032560242D4,OP,,2023-04-30,2025-05-30,2025-05-30,,,543,3
1599,S032560399D4,OP,,2023-04-30,2025-05-30,2025-05-30,,,544,3
1600,S032560430D4,OP,,2023-04-30,2025-05-30,2025-05-30,,,545,3
1601,S032560353D4,OP,,2023-04-30,2025-05-30,2025-05-30,,,546,3
1602,S032560105D4,OP,,2023-04-30,2025-05-30,2025-05-30,,,547,3
1603,S032560058D4,OP,,2023-04-30,2025-05-30,2025-05-30,,,548,3
1604,S032560050D4,OP,,2023-04-30,2025-05-30,2025-05-30,,,549,3
1605,S032560137EA,OP,,2024-10-31,2026-11-30,2026-11-30,,,550,3
1606,S032560166EA,OP,,2024-10-31,2026-11-30,2026-11-30,,,551,3
1607,S032560026EB,OP,,2024-11-30,2026-12-30,2026-12-30,,,552,3
1608,S032560088EA,OP,,2024-10-31,2026-11-30,2026-11-30,,,553,3
1609,S032560040EB,OP,,2024-11-30,2026-12-30,2026-12-30,,,554,3
1610,S032560029EB,OP,,2024-11-30,2026-12-30,2026-12-30,,,555,3
1611,S032560006EB,OP,,2024-11-30,2026-12-30,2026-12-30,,,556,3
1612,S032560109EA,OP,,2024-10-31,2026-11-30,2026-11-30,,,557,3
1613,S032560110EA,OP,,2024-10-31,2026-11-30,2026-11-30,,,558,3
1614,S032560151EA,OP,,2024-10-31,2026-11-30,2026-11-30,,,559,3
1615,S032560021EB,OP,,2024-11-30,2026-12-30,2026-12-30,,,560,3
1616,S032560158EA,OP,,2024-10-31,2026-11-30,2026-11-30,,,561,3
1617,S032560040D5,OP,,2023-05-31,2025-06-30,2025-06-30,,,562,3
1618,S032560002D4,OP,,2023-04-30,2025-05-30,2025-05-30,,,563,3
1619,S032560078EA,OP,,2024-10-31,2026-11-30,2026-11-30,,,564,3
1620,S032560027EB,OP,,2024-11-30,2026-12-30,2026-12-30,,,565,3
1621,S032560116EA,OP,,2024-10-31,2026-11-30,2026-11-30,,,566,3
1622,S032560113EA,OP,,2024-10-31,2026-11-30,2026-11-30,,,567,3
1623,S032560011EB,OP,,2024-11-30,2026-12-30,2026-12-30,,,568,3
1624,S032560007EB,OP,,2024-11-30,2026-12-30,2026-12-30,,,569,3
1625,S032560131EA,OP,,2024-10-31,2026-11-30,2026-11-30,,,570,3
1626,S032560050EB,OP,,2024-11-30,2026-12-30,2026-12-30,,,572,3
1627,S032560094EA,OP,,2024-10-31,2026-11-30,2026-11-30,,,573,3
1628,S032560030EB,OP,,2024-11-30,2026-12-30,2026-12-30,,,574,3
1629,S032560017EB,OP,,2024-11-30,2026-12-30,2026-12-30,,,575,3
1630,S032560015EB,OP,,2024-11-30,2026-12-30,2026-12-30,,,576,3
1631,S032560132EA,OP,,2024-10-31,2026-11-30,2026-11-30,,,577,3
1632,S032560034EB,OP,,2024-11-30,2026-12-30,2026-12-30,,,578,3
1633,S032560002EB,OP,,2024-11-30,2026-12-30,2026-12-30,,,579,3
1634,S032560154EA,OP,,2024-10-31,2026-11-30,2026-11-30,,,580,3
1635,S032560024F8,OP,,2025-08-31,2027-09-30,2027-09-30,,,581,3
1636,S032560031F7,OP,,2025-07-31,2027-08-31,2027-08-31,,,582,3
1637,S032560052F7,DC,,2025-07-31,2027-08-31,2027-08-31,,2026-05-11,583,3
1638,S032560074D5,OP,,2023-05-31,2025-06-30,2025-06-30,,,584,3
1639,S032560141EA,OP,,2024-10-31,2026-11-30,2026-11-30,,,585,3
1640,S032560049EB,OP,,2024-11-30,2026-12-30,2026-12-30,,,586,3
1641,S032460043F6,OP,,2025-06-30,2026-07-30,2027-01-30,,,1,4
1642,S032460123F9,OP,,2025-09-30,2026-10-30,2027-04-30,,,2,4
1643,S032460083EB,OP,,2024-11-30,2025-12-30,2026-06-30,,,3,4
1644,S032460001F4,OP,,2025-04-30,2026-05-30,2026-11-30,,,4,4
1645,S032460047F4,OP,,2025-04-30,2026-05-30,2026-11-30,,,6,4
1646,S032460029F4,OP,,2025-04-30,2026-05-30,2026-11-30,,,7,4
1647,S032460005F7,DC,,2025-07-31,2026-08-31,2027-02-28,,2026-05-11,8,4
1648,S032460004F4,OP,,2025-04-30,2026-05-30,2026-11-30,,,9,4
1649,S032460010F4,OP,,2025-04-30,2026-05-30,2026-11-30,,,10,4
1650,S032460092EB,OP,,2024-11-30,2025-12-30,2026-06-30,,,11,4
1651,S032460005E9,OP,,2024-09-30,2025-10-30,2026-04-30,,,12,4
1652,S032460016D4,OP,,2023-04-30,2024-05-30,2024-11-30,,,13,4
1653,S032460031F4,OP,,2025-04-30,2026-05-30,2026-11-30,,,14,4
1654,S032460058EB,OP,,2024-11-30,2025-12-30,2026-06-30,,,15,4
1655,S032460054E8,OP,,2024-08-31,2025-09-30,2026-03-31,,,16,4
1656,S032460042F7,OP,,2025-07-31,2026-08-31,2027-02-28,,,17,4
1657,S032460030F4,DC,,2025-04-30,2026-05-30,2026-11-30,,2026-05-19,18,4
1658,S032460012F6,OP,,2025-06-30,2026-07-30,2027-01-30,,,19,4
1659,S032460014F3,OP,,2025-03-31,2026-04-30,2026-10-31,,,21,4
1660,S032460009F6,OP,,2025-06-30,2026-07-30,2027-01-30,,,22,4
1661,S032460037F3,OP,,2025-03-31,2026-04-30,2026-10-31,,,23,4
1662,S032460019F4,OP,,2025-04-30,2026-05-30,2026-11-30,,,24,4
1663,S032460060E8,OP,,2024-08-31,2025-09-30,2026-03-31,,,25,4
1664,S032460154F9,OP,,2025-09-30,2026-10-30,2027-04-30,,,26,4
1665,S032460001F3,OP,,2025-03-31,2026-04-30,2026-10-31,,,27,4
1666,S032460017EB,OP,,2024-11-30,2025-12-30,2026-06-30,,,28,4
1667,S032460095EB,OP,,2024-11-30,2025-12-30,2026-06-30,,,29,4
1668,S032460121F9,OP,,2025-09-30,2026-10-30,2027-04-30,,,30,4
1669,S032460030EB,OP,,2024-11-30,2025-12-30,2026-06-30,,,32,4
1670,S032460027F4,OP,,2025-04-30,2026-05-30,2026-11-30,,,33,4
1671,S032460027FA,OP,,2025-10-31,2026-11-30,2027-05-31,,,34,4
1672,S032460034F7,OP,,2025-07-31,2026-08-31,2027-02-28,,,35,4
1673,S032460029F3,OP,,2025-03-31,2026-04-30,2026-10-31,,,36,4
1674,S032460035E8,OP,,2024-08-31,2025-09-30,2026-03-31,,,37,4
1675,S032460019F3,OP,,2025-03-31,2026-04-30,2026-10-31,,,38,4
1676,S032460003F6,OP,,2025-06-30,2026-07-30,2027-01-30,,,39,4
1677,S032460028F3,OP,,2025-03-31,2026-04-30,2026-10-31,,,40,4
1678,S032460021E9,OP,,2024-09-30,2025-10-30,2026-04-30,,,41,4
1679,S032460001F6,OP,,2025-06-30,2026-07-30,2027-01-30,,,42,4
1680,S032460094EB,OP,,2024-11-30,2025-12-30,2026-06-30,,,43,4
1681,S032460061EB,OP,,2024-11-30,2025-12-30,2026-06-30,,,44,4
1682,S032460011F4,OP,,2025-04-30,2026-05-30,2026-11-30,,,45,4
1683,S032460013F6,OP,,2025-06-30,2026-07-30,2027-01-30,,,46,4
1684,S032460016FA,OP,,2025-10-31,2026-11-30,2027-05-31,,,47,4
1685,S032460001E9,OP,,2024-09-30,2025-10-30,2026-04-30,,,48,4
1686,S032460024EB,OP,,2024-11-30,2025-12-30,2026-06-30,,,49,4
1687,S032460022EB,OP,,2024-11-30,2025-12-30,2026-06-30,,,50,4
1688,S032460055EB,DC,,2024-11-30,2025-12-30,2026-06-30,,2026-05-19,51,4
1689,S032460439D4,OP,,2023-04-30,2024-05-30,2024-11-30,,,52,4
1690,S032460019EB,OP,,2024-11-30,2025-12-30,2026-06-30,,,53,4
1691,S032460059F3,DC,,2025-03-31,2026-04-30,2026-10-31,,2026-04-22,54,4
1692,S032460031F6,OP,,2025-06-30,2026-07-30,2027-01-30,,,55,4
1693,S032460292D4,OP,,2023-04-30,2024-05-30,2024-11-30,,,56,4
1694,S032460042F4,OP,,2025-04-30,2026-05-30,2026-11-30,,,57,4
1695,S032460003E8,OP,,2024-08-31,2025-09-30,2026-03-31,,,58,4
1696,S032460058F7,OP,,2025-07-31,2026-08-31,2027-02-28,,,59,4
1697,S032460205D4,OP,,2023-04-30,2024-05-30,2024-11-30,,,60,4
1698,S032460052F7,OP,,2025-07-31,2026-08-31,2027-02-28,,,62,4
1699,S032460018F6,OP,,2025-06-30,2026-07-30,2027-01-30,,,63,4
1700,S032460032F6,OP,,2025-06-30,2026-07-30,2027-01-30,,,65,4
1701,S032460062F7,OP,,2025-07-31,2026-08-31,2027-02-28,,,66,4
1702,S032460067EB,OP,,2024-11-30,2025-12-30,2026-06-30,,,68,4
1703,S032460041F7,OP,,2025-07-31,2026-08-31,2027-02-28,,,69,4
1704,S032460062EB,OP,,2024-11-30,2025-12-30,2026-06-30,,,70,4
1705,S032460366D4,OP,,2023-04-30,2024-05-30,2024-11-30,,,71,4
1706,S032460064F3,OP,,2025-03-31,2026-04-30,2026-10-31,,,72,4
1707,S032460028F4,OP,,2025-04-30,2026-05-30,2026-11-30,,,73,4
1708,S032460058F3,OP,,2025-03-31,2026-04-30,2026-10-31,,,74,4
1709,S032460023EB,OP,,2024-11-30,2025-12-30,2026-06-30,,,75,4
1710,S032460014EB,OP,,2024-11-30,2025-12-30,2026-06-30,,,76,4
1711,S032460149F9,OP,,2025-09-30,2026-10-30,2027-04-30,,,77,4
1712,S032460145F9,OP,,2025-09-30,2026-10-30,2027-04-30,,,78,4
1713,S032460261F4,OP,,2025-04-30,2026-05-30,2026-11-30,,,79,4
1714,S032460012F7,OP,,2025-07-31,2026-08-31,2027-02-28,,,80,4
1715,S032460023F7,OP,,2025-07-31,2026-08-31,2027-02-28,,,81,4
1716,S032460045F7,OP,,2025-07-31,2026-08-31,2027-02-28,,,82,4
1717,S032460013F7,OP,,2025-07-31,2026-08-31,2027-02-28,,,84,4
1718,S032460024F5,OP,,2025-05-31,2026-06-30,2026-12-31,,,85,4
1719,S032460003F4,OP,,2025-04-30,2026-05-30,2026-11-30,,,86,4
1720,S032460020F7,OP,,2025-07-31,2026-08-31,2027-02-28,,,87,4
1721,S032460271D4,OP,,2023-04-30,2024-05-30,2024-11-30,,,88,4
1722,S032460136D4,OP,,2023-04-30,2024-05-30,2024-11-30,,,89,4
1723,S032460039F4,OP,,2025-04-30,2026-05-30,2026-11-30,,,90,4
1724,S032460044F6,OP,,2025-06-30,2026-07-30,2027-01-30,,,91,4
1725,S032460448D4,OP,,2023-04-30,2024-05-30,2024-11-30,,,92,4
1726,S032460026E8,OP,,2024-08-31,2025-09-30,2026-03-31,,,93,4
1727,S032460063EB,DC,,2024-11-30,2025-12-30,2026-06-30,,2026-05-19,94,4
1728,S032460044F4,OP,,2025-04-30,2026-05-30,2026-11-30,,,95,4
1729,S032460260D4,OP,,2023-04-30,2024-05-30,2024-11-30,,,96,4
1730,S032460023F3,OP,,2025-03-31,2026-04-30,2026-10-31,,,97,4
1731,S032460409D4,OP,,2023-04-30,2024-05-30,2024-11-30,,,98,4
1732,S032560069D4,OP,,2023-04-30,2024-05-30,2024-11-30,,,99,4
1733,S032460066F7,OP,,2025-07-31,2026-08-31,2027-02-28,,,100,4
1734,S032460057EB,OP,,2024-11-30,2025-12-30,2026-06-30,,,101,4
1735,S032460055F3,OP,,2025-03-31,2026-04-30,2026-10-31,,,102,4
1736,S032460035F4,OP,,2025-04-30,2026-05-30,2026-11-30,,,103,4
1737,S032460009EB,OP,,2024-11-30,2025-12-30,2026-06-30,,,104,4
1738,S032460046F4,OP,,2025-04-30,2026-05-30,2026-11-30,,,105,4
1739,S032460004EB,OP,,2024-11-30,2025-12-30,2026-06-30,,,106,4
1740,S032460221E9,OP,,2024-09-30,2025-10-30,2026-04-30,,,107,4
1741,S032460010EB,OP,,2024-11-30,2025-12-30,2026-06-30,,,108,4
1742,S032460229D4,OP,,2023-04-30,2024-05-30,2024-11-30,,,109,4
1743,S032460025EB,OP,,2024-11-30,2025-12-30,2026-06-30,,,110,4
1744,S032460163F9,OP,,2025-09-30,2026-10-30,2027-04-30,,,111,4
1745,S032460049F7,OP,,2025-07-31,2026-08-31,2027-02-28,,,112,4
1746,S032460070EB,DC,,2024-11-30,2025-12-30,2026-06-30,,2026-05-19,113,4
1747,S032460018F3,OP,,2025-03-31,2026-04-30,2026-10-31,,,114,4
1748,S032460018F4,OP,,2025-04-30,2026-05-30,2026-11-30,,,115,4
1749,S032460166F9,OP,,2025-09-30,2026-10-30,2027-04-30,,,116,4
1750,S032460042EB,OP,,2024-11-30,2025-12-30,2026-06-30,,,117,4
1751,S032460067F3,OP,,2025-03-31,2026-04-30,2026-10-31,,,118,4
1752,S032460022E9,OP,,2024-09-30,2025-10-30,2026-04-30,,,119,4
1753,S032460080D4,OP,,2023-04-30,2024-05-30,2024-11-30,,,121,4
1754,S032460157F9,OP,,2025-09-30,2026-10-30,2027-04-30,,,122,4
1755,S032460024F7,OP,,2025-07-31,2026-08-31,2027-02-28,,,123,4
1756,S032460037F7,OP,,2025-07-31,2026-08-31,2027-02-28,,,124,4
1757,S032460218D4,OP,,2023-04-30,2024-05-30,2024-11-30,,,125,4
1758,S032460005F4,OP,,2025-04-30,2026-05-30,2026-11-30,,,127,4
1759,S032460011EB,OP,,2024-11-30,2025-12-30,2026-06-30,,,128,4
1760,S032460040F7,OP,,2025-07-31,2026-08-31,2027-02-28,,,129,4
1761,S032460002FA,OP,,2025-10-31,2026-11-30,2027-05-31,,,130,4
1762,S032460036F6,OP,,2025-06-30,2026-07-30,2027-01-30,,,131,4
1763,S032460013FA,OP,,2025-10-31,2026-11-30,2027-05-31,,,132,4
1764,S032460034EB,OP,,2024-11-30,2025-12-30,2026-06-30,,,133,4
1765,S032460026F4,OP,,2025-04-30,2026-05-30,2026-11-30,,,134,4
1766,S032460160D4,OP,,2023-04-30,2024-05-30,2024-11-30,,,135,4
1767,S032460155F9,OP,,2025-09-30,2026-10-30,2027-04-30,,,136,4
1768,S032460295D4,OP,,2023-04-30,2024-05-30,2024-11-30,,,137,4
1769,S032460135F9,OP,,2025-09-30,2026-10-30,2027-04-30,,,139,4
1770,S032460011F8,OP,,2025-08-31,2026-09-30,2027-03-31,,,140,4
1771,S032460013EB,DC,,2024-11-30,2025-12-30,2026-06-30,,2026-05-19,141,4
1772,S032460026F3,OP,,2025-03-31,2026-04-30,2026-10-31,,,142,4
1773,S032460045EB,OP,,2024-11-30,2025-12-30,2026-06-30,,,143,4
1774,S032460029EB,OP,,2024-11-30,2025-12-30,2026-06-30,,,144,4
1775,S032460096EB,OP,,2024-11-30,2025-12-30,2026-06-30,,,145,4
1776,S032460126F9,OP,,2025-09-30,2026-10-30,2027-04-30,,,146,4
1777,S032460065EB,OP,,2024-11-30,2025-12-30,2026-06-30,,,147,4
1778,S032460030F3,OP,,2025-03-31,2026-04-30,2026-10-31,,,148,4
1779,S032460050E8,OP,,2024-08-31,2025-09-30,2026-03-31,,,150,4
1780,S032460005F3,OP,,2025-03-31,2026-04-30,2026-10-31,,,151,4
1781,S032460036F3,OP,,2025-03-31,2026-04-30,2026-10-31,,,152,4
1782,S032460372D4,OP,,2023-04-30,2024-05-30,2024-11-30,,,153,4
1783,S032460031EB,OP,,2024-11-30,2025-12-30,2026-06-30,,,154,4
1784,S032460330D4,OP,,2023-04-30,2024-05-30,2024-11-30,,,155,4
1785,S032460021F3,DC,,2025-03-31,2026-04-30,2026-10-31,,2026-05-19,156,4
1786,S032460038F4,OP,,2025-04-30,2026-05-30,2026-11-30,,,157,4
1787,S032460023E8,OP,,2024-08-31,2025-09-30,2026-03-31,,,160,4
1788,S032460049E8,OP,,2024-08-31,2025-09-30,2026-03-31,,,163,4
1789,S032460008EB,OP,,2024-11-30,2025-12-30,2026-06-30,,,164,4
1790,S032460024FA,OP,,2025-10-31,2026-11-30,2027-05-31,,,165,4
1791,S032460150F9,OP,,2025-09-30,2026-10-30,2027-04-30,,,166,4
1792,S032460044F3,OP,,2025-03-31,2026-04-30,2026-10-31,,,167,4
1793,S032460056D4,OP,,2023-04-30,2024-05-30,2024-11-30,,,170,4
1794,S032460059EB,OP,,2024-11-30,2025-12-30,2026-06-30,,,171,4
1795,S032460149F7,OP,,2025-07-31,2026-08-31,2027-02-28,,,172,4
1796,S032460039F7,OP,,2025-07-31,2026-08-31,2027-02-28,,,173,4
1797,S032460051F3,OP,,2025-03-31,2026-04-30,2026-10-31,,,174,4
1798,S032460014F4,OP,,2025-04-30,2026-05-30,2026-11-30,,,175,4
1799,S032460035F3,OP,,2025-03-31,2026-04-30,2026-10-31,,,176,4
1800,S032460347D4,OP,,2023-04-30,2024-05-30,2024-11-30,,,177,4
1801,S032460021EB,OP,,2024-11-30,2025-12-30,2026-06-30,,,178,4
1802,S032460090EB,DC,,2024-11-30,2025-12-30,2026-06-30,,2026-04-22,179,4
1803,S032460026EB,OP,,2024-11-30,2025-12-30,2026-06-30,,,180,4
1804,S032460001F7,OP,,2025-07-31,2026-08-31,2027-02-28,,,181,4
1805,S032460064EB,OP,,2024-11-30,2025-12-30,2026-06-30,,,182,4
1806,S032460054EB,OP,,2024-11-30,2025-12-30,2026-06-30,,,183,4
1807,S032460062F3,OP,,2025-03-31,2026-04-30,2026-10-31,,,184,4
1808,S032460043F4,OP,,2025-04-30,2026-05-30,2026-11-30,,,185,4
1809,S032460038F3,OP,,2025-03-31,2026-04-30,2026-10-31,,,186,4
1810,S032460005F6,OP,,2025-06-30,2026-07-30,2027-01-30,,,187,4
1811,S032460046F7,OP,,2025-07-31,2026-08-31,2027-02-28,,,188,4
1812,S032460036EB,OP,,2024-11-30,2025-12-30,2026-06-30,,,189,4
1813,S032460079EB,OP,,2024-11-30,2025-12-30,2026-06-30,,,190,4
1814,S032460002F6,OP,,2025-06-30,2026-07-30,2027-01-30,,,191,4
1815,S032460426D4,OP,,2023-04-30,2024-05-30,2024-11-30,,,192,4
1816,S032460085EB,OP,,2024-11-30,2025-12-30,2026-06-30,,,193,4
1817,S032460029F7,OP,,2025-07-31,2026-08-31,2027-02-28,,,195,4
1818,S032460066EB,OP,,2024-11-30,2025-12-30,2026-06-30,,,196,4
1819,S032460204D4,OP,,2023-04-30,2024-05-30,2024-11-30,,,197,4
1820,S032460020D4,OP,,2023-04-30,2024-05-30,2024-11-30,,,198,4
1821,S032460007F4,OP,,2025-04-30,2026-05-30,2026-11-30,,,199,4
1822,S032460049F6,OP,,2025-06-30,2026-07-30,2027-01-30,,,200,4
1823,S032460033F4,OP,,2025-04-30,2026-05-30,2026-11-30,,,201,4
1824,S032460004E8,OP,,2024-08-31,2025-09-30,2026-03-31,,,202,4
1825,S032460061F3,OP,,2025-03-31,2026-04-30,2026-10-31,,,203,4
1826,S032460122F9,OP,,2025-09-30,2026-10-30,2027-04-30,,,204,4
1827,S032460076EB,OP,,2024-11-30,2025-12-30,2026-06-30,,,205,4
1828,S032460013F8,OP,,2025-08-31,2026-09-30,2027-03-31,,,206,4
1829,S032460020EB,OP,,2024-11-30,2025-12-30,2026-06-30,,,207,4
1830,S032460437D4,OP,,2023-04-30,2024-05-30,2024-11-30,,,208,4
1831,S032460003F7,OP,,2025-07-31,2026-08-31,2027-02-28,,,209,4
1832,S032460050EB,OP,,2024-11-30,2025-12-30,2026-06-30,,,210,4
1833,S032460032F4,OP,,2025-04-30,2026-05-30,2026-11-30,,,211,4
1834,S032460054F3,OP,,2025-03-31,2026-04-30,2026-10-31,,,212,4
1835,S032460049EB,OP,,2024-11-30,2025-12-30,2026-06-30,,,213,4
1836,S032460050F4,OP,,2025-04-30,2026-05-30,2026-11-30,,,214,4
1837,S032460041F4,OP,,2025-04-30,2026-05-30,2026-11-30,,,215,4
1838,S032460054F7,OP,,2025-07-31,2026-08-31,2027-02-28,,,216,4
1839,S032460009F4,OP,,2025-04-30,2026-05-30,2026-11-30,,,217,4
1840,S032460026F6,OP,,2025-06-30,2026-07-30,2027-01-30,,,218,4
1841,S032460039EB,OP,,2024-11-30,2025-12-30,2026-06-30,,,219,4
1842,S032460017F4,OP,,2025-04-30,2026-05-30,2026-11-30,,,220,4
1843,S032460049F4,OP,,2025-04-30,2026-05-30,2026-11-30,,,221,4
1844,S032460037F6,OP,,2025-06-30,2026-07-30,2027-01-30,,,222,4
1845,S032460032F3,OP,,2025-03-31,2026-04-30,2026-10-31,,,224,4
1846,S032460046EB,OP,,2024-11-30,2025-12-30,2026-06-30,,,225,4
1847,S032460040EB,OP,,2024-11-30,2025-12-30,2026-06-30,,,228,4
1848,S032460034F3,OP,,2025-03-31,2026-04-30,2026-10-31,,,229,4
1849,S032460170F9,OP,,2025-09-30,2026-10-30,2027-04-30,,,230,4
1850,S032460032F7,OP,,2025-07-31,2026-08-31,2027-02-28,,,231,4
1851,S032460232D4,OP,,2023-04-30,2024-05-30,2024-11-30,,,232,4
1852,S032460162F9,OP,,2025-09-30,2026-10-30,2027-04-30,,,233,4
1853,S032460014E8,OP,,2024-08-31,2025-09-30,2026-03-31,,,234,4
1854,S032460009E8,OP,,2024-08-31,2025-09-30,2026-03-31,,,235,4
1855,S032460014F6,OP,,2025-06-30,2026-07-30,2027-01-30,,,237,4
1856,S032460038F7,OP,,2025-07-31,2026-08-31,2027-02-28,,,238,4
1857,S032460004F3,OP,,2025-03-31,2026-04-30,2026-10-31,,,239,4
1858,S032460027F7,OP,,2025-07-31,2026-08-31,2027-02-28,,,240,4
1859,S032460018E8,OP,,2024-08-31,2025-09-30,2026-03-31,,,241,4
1860,SO32460004F6,OP,,2025-06-30,2026-07-30,2027-01-30,,,242,4
1861,S032460341D4,OP,,2023-04-30,2024-05-30,2024-11-30,,,243,4
1862,S032460258D4,OP,,2023-04-30,2024-05-30,2024-11-30,,,244,4
1863,S032460051F7,OP,,2025-07-31,2026-08-31,2027-02-28,,,245,4
1864,S032460130F9,OP,,2025-09-30,2026-10-30,2027-04-30,,,246,4
1865,S032460018E9,OP,,2024-09-30,2025-10-30,2026-04-30,,,247,4
1866,S032460027F3,OP,,2025-03-31,2026-04-30,2026-10-31,,,248,4
1867,S032460068F7,OP,,2025-07-31,2026-08-31,2027-02-28,,,249,4
1868,S032460028EB,OP,,2024-11-30,2025-12-30,2026-06-30,,,251,4
1869,S032460045F6,OP,,2025-06-30,2026-07-30,2027-01-30,,,252,4
1870,S032460034F4,OP,,2025-04-30,2026-05-30,2026-11-30,,,254,4
1871,S032460048EB,OP,,2024-11-30,2025-12-30,2026-06-30,,,255,4
1872,S032460036F4,OP,,2025-04-30,2026-05-30,2026-11-30,,,256,4
1873,S032460015F3,OP,,2025-03-31,2026-04-30,2026-10-31,,,257,4
1874,S032460013F3,OP,,2025-03-31,2026-04-30,2026-10-31,,,258,4
1875,S032460431D4,DC,,2023-04-30,2024-05-30,2024-11-30,,2026-05-19,259,4
1876,S032460022F8,OP,,2025-08-31,2026-09-30,2027-03-31,,,262,4
1877,S032460039FA,OP,,2025-10-31,2026-11-30,2027-05-31,,,264,4
1878,S032460167F9,OP,,2025-09-30,2026-10-30,2027-04-30,,,265,4
1879,S032460019FA,OP,,2025-10-31,2026-11-30,2027-05-31,,,266,4
1880,S032460056EB,OP,,2024-11-30,2025-12-30,2026-06-30,,,269,4
1881,S032460134F9,OP,,2025-09-30,2026-10-30,2027-04-30,,,270,4
1882,S032460054D4,OP,,2023-04-30,2024-05-30,2024-11-30,,,271,4
1883,S032460024F4,OP,,2025-04-30,2026-05-30,2026-11-30,,,273,4
1884,S032460060EB,OP,,2024-11-30,2025-12-30,2026-06-30,,,274,4
1885,S032460155D4,OP,,2023-04-30,2024-05-30,2024-11-30,,,276,4
1886,S032460028F6,OP,,2025-06-30,2026-07-30,2027-01-30,,,278,4
1887,S032460417D4,OP,,2023-04-30,2024-05-30,2024-11-30,,,279,4
1888,S032460013D4,OP,,2023-04-30,2024-05-30,2024-11-30,,,280,4
1889,S032460016F3,OP,,2025-03-31,2026-04-30,2026-10-31,,,281,4
1890,S032460055F7,OP,,2025-07-31,2026-08-31,2027-02-28,,,284,4
1891,S032460013E8,OP,,2024-08-31,2025-09-30,2026-03-31,,,286,4
1892,S032460050F6,OP,,2025-06-30,2026-07-30,2027-01-30,,,287,4
1893,S032460052E8,OP,,2024-08-31,2025-09-30,2026-03-31,,,289,4
1894,S032460053F7,OP,,2025-07-31,2026-08-31,2027-02-28,,,290,4
1895,S032460006F6,OP,,2025-06-30,2026-07-30,2027-01-30,,,291,4
1896,S032460043EB,OP,,2024-11-30,2025-12-30,2026-06-30,,,292,4
1897,S032460065F3,OP,,2025-03-31,2026-04-30,2026-10-31,,,293,4
1898,S032460060F3,OP,,2025-03-31,2026-04-30,2026-10-31,,,294,4
1899,S032460074EB,OP,,2024-11-30,2025-12-30,2026-06-30,,,295,4
1900,S032460028F7,OP,,2025-07-31,2026-08-31,2027-02-28,,,296,4
1901,S032460419D4,OP,,2023-04-30,2024-05-30,2024-11-30,,,297,4
1902,S032460089EB,OP,,2024-11-30,2025-12-30,2026-06-30,,,298,4
1903,S032460009D8,OP,,2023-08-31,2024-09-30,2025-03-31,,,299,4
1904,S032460079F9,OP,,2025-09-30,2026-10-30,2027-04-30,,,300,4
1905,S032460008F7,OP,,2025-07-31,2026-08-31,2027-02-28,,,301,4
1906,S032460016F4,OP,,2025-04-30,2026-05-30,2026-11-30,,,302,4
1907,S032460143F9,OP,,2025-09-30,2026-10-30,2027-04-30,,,303,4
1908,S032460003F3,OP,,2025-03-31,2026-04-30,2026-10-31,,,304,4
1909,S032460072EB,OP,,2024-11-30,2025-12-30,2026-06-30,,,305,4
1910,S032460069F7,OP,,2025-07-31,2026-08-31,2027-02-28,,,306,4
1911,S032460017F3,OP,,2025-03-31,2026-04-30,2026-10-31,,,307,4
1912,S032460128F9,OP,,2025-09-30,2026-10-30,2027-04-30,,,308,4
1913,S032460041EB,DC,,2024-11-30,2025-12-30,2026-06-30,,2026-05-19,309,4
1914,S032460002F4,OP,,2025-04-30,2026-05-30,2026-11-30,,,311,4
1915,S032460063F3,OP,,2025-03-31,2026-04-30,2026-10-31,,,312,4
1916,S032460006F7,OP,,2025-07-31,2026-08-31,2027-02-28,,,313,4
1917,S032460017F7,OP,,2025-07-31,2026-08-31,2027-02-28,,,315,4
1918,S032460048F7,OP,,2025-07-31,2026-08-31,2027-02-28,,,316,4
1919,S032460169F9,OP,,2025-09-30,2026-10-30,2027-04-30,,,317,4
1920,S032460022F3,OP,,2025-03-31,2026-04-30,2026-10-31,,,318,4
1921,S032460078EB,OP,,2024-11-30,2025-12-30,2026-06-30,,,319,4
1922,S032460013F4,OP,,2025-04-30,2026-05-30,2026-11-30,,,320,4
1923,S032460039F6,OP,,2025-06-30,2026-07-30,2027-01-30,,,321,4
1924,S032460037E8,OP,,2024-08-31,2025-09-30,2026-03-31,,,322,4
1925,S032460251D4,OP,,2023-04-30,2024-05-30,2024-11-30,,,323,4
1926,S032460086EB,OP,,2024-11-30,2025-12-30,2026-06-30,,,325,4
1927,S032460153F9,OP,,2025-09-30,2026-10-30,2027-04-30,,,326,4
1928,S032460050F3,OP,,2025-03-31,2026-04-30,2026-10-31,,,327,4
1929,S032460136F9,OP,,2025-09-30,2026-10-30,2027-04-30,,,328,4
1930,S032460008F4,OP,,2025-04-30,2026-05-30,2026-11-30,,,331,4
1931,S032460025F4,OP,,2025-04-30,2026-05-30,2026-11-30,,,332,4
1932,S032460231D4,OP,,2023-04-30,2024-05-30,2024-11-30,,,333,4
1933,S032460008F3,OP,,2025-03-31,2026-04-30,2026-10-31,,,334,4
1934,S032460045F4,OP,,2025-04-30,2026-05-30,2026-11-30,,,335,4
1935,S032460059E8,OP,,2024-08-31,2025-09-30,2026-03-31,,,336,4
1936,S032460051D4,OP,,2023-04-30,2024-05-30,2024-11-30,,,337,4
1937,S032460088EB,OP,,2024-11-30,2025-12-30,2026-06-30,,,338,4
1938,S032460057E8,OP,,2024-08-31,2025-09-30,2026-03-31,,,339,4
1939,S032460073EB,OP,,2024-11-30,2025-12-30,2026-06-30,,,340,4
1940,S032460025F3,OP,,2025-03-31,2026-04-30,2026-10-31,,,341,4
1941,S032460056F7,OP,,2025-07-31,2026-08-31,2027-02-28,,,342,4
1942,S032460006F4,OP,,2025-04-30,2026-05-30,2026-11-30,,,344,4
1943,S032460011F7,OP,,2025-07-31,2026-08-31,2027-02-28,,,345,4
1944,S032460023F4,OP,,2025-04-30,2026-05-30,2026-11-30,,,346,4
1945,S032460051EB,OP,,2024-11-30,2025-12-30,2026-06-30,,,347,4
1946,S032460075EB,OP,,2024-11-30,2025-12-30,2026-06-30,,,348,4
1947,S032460011F3,OP,,2025-03-31,2026-04-30,2026-10-31,,,349,4
1948,S032460015EB,OP,,2024-11-30,2025-12-30,2026-06-30,,,350,4
1949,S032460060F7,OP,,2025-07-31,2026-08-31,2027-02-28,,,351,4
1950,S032460300D4,OP,,2023-04-30,2024-05-30,2024-11-30,,,352,4
1951,S032460046F6,OP,,2025-06-30,2026-07-30,2027-01-30,,,353,4
1952,S032460026FA,OP,,2025-10-31,2026-11-30,2027-05-31,,,354,4
1953,S032460022F7,OP,,2025-07-31,2026-08-31,2027-02-28,,,355,4
1954,S032460021F7,OP,,2025-07-31,2026-08-31,2027-02-28,,,356,4
1955,S032460016EB,OP,,2024-11-30,2025-12-30,2026-06-30,,,358,4
1956,S032460019F7,OP,,2025-07-31,2026-08-31,2027-02-28,,,359,4
1957,S032460071EB,OP,,2024-11-30,2025-12-30,2026-06-30,,,360,4
1958,S032460076F4,OP,,2025-04-30,2026-05-30,2026-11-30,,,361,4
1959,S032460018EB,OP,,2024-11-30,2025-12-30,2026-06-30,,,362,4
1960,S032460015F7,OP,,2025-07-31,2026-08-31,2027-02-28,,,363,4
1961,S032460053F3,OP,,2025-03-31,2026-04-30,2026-10-31,,,364,4
1962,S032460066F3,OP,,2025-03-31,2026-04-30,2026-10-31,,,365,4
1963,S032460015F4,OP,,2025-04-30,2026-05-30,2026-11-30,,,366,4
1964,S032460009F7,OP,,2025-07-31,2026-08-31,2027-02-28,,,367,4
1965,S032460035EB,OP,,2024-11-30,2025-12-30,2026-06-30,,,368,4
1966,S032460097EB,OP,,2024-11-30,2025-12-30,2026-06-30,,,369,4
1967,S032460027EB,OP,,2024-11-30,2025-12-30,2026-06-30,,,370,4
1968,S032460336D4,OP,,2023-04-30,2024-05-30,2024-11-30,,,371,4
1969,S032460360D4,OP,,2023-04-30,2024-05-30,2024-11-30,,,372,4
1970,S032460165F9,OP,,2025-09-30,2026-10-30,2027-04-30,,,373,4
1971,S032460400D4,OP,,2023-04-30,2024-05-30,2024-11-30,,,374,4
1972,S032460077EB,OP,,2024-11-30,2025-12-30,2026-06-30,,,375,4
1973,S032460048F6,OP,,2025-06-30,2026-07-30,2027-01-30,,,377,4
1974,S032460093EB,OP,,2024-11-30,2025-12-30,2026-06-30,,,378,4
1975,S032460043F3,OP,,2025-03-31,2026-04-30,2026-10-31,,,380,4
1976,S032460048F4,OP,,2025-04-30,2026-05-30,2026-11-30,,,381,4
1977,S032460005F8,OP,,2025-08-31,2026-09-30,2027-03-31,,,382,4
1978,S032460091EB,OP,,2024-11-30,2025-12-30,2026-06-30,,,383,4
1979,S032460084EB,OP,,2024-11-30,2025-12-30,2026-06-30,,,384,4
1980,S032460144F9,OP,,2025-09-30,2026-10-30,2027-04-30,,,385,4
1981,S032460087EB,OP,,2024-11-30,2025-12-30,2026-06-30,,,386,4
1982,S032460015F8,OP,,2025-08-31,2026-09-30,2027-03-31,,,387,4
1983,S032460047EB,OP,,2024-11-30,2025-12-30,2026-06-30,,,388,4
1984,S032460063F7,OP,,2025-07-31,2026-08-31,2027-02-28,,,389,4
1985,S032460038EB,DC,,2024-11-30,2025-12-30,2026-06-30,,2026-05-19,390,4
1986,S032460010F6,OP,,2025-06-30,2026-07-30,2027-01-30,,,391,4
1987,S032460044EB,OP,,2024-11-30,2025-12-30,2026-06-30,,,392,4
1988,S032460014F7,OP,,2025-07-31,2026-08-31,2027-02-28,,,393,4
1989,S032460037EB,OP,,2024-11-30,2025-12-30,2026-06-30,,,394,4
1990,S032460388D4,OP,,2023-04-30,2024-05-30,2024-11-30,,,395,4
1991,S032460037F4,OP,,2025-04-30,2026-05-30,2026-11-30,,,396,4
1992,S032460067F7,OP,,2025-07-31,2026-08-31,2027-02-28,,,397,4
1993,S032460057F7,OP,,2025-07-31,2026-08-31,2027-02-28,,,398,4
1994,S032560012F4,DC,,2025-04-30,2026-05-30,2026-11-30,,2026-05-19,399,4
1995,S032460050F7,OP,,2025-07-31,2026-08-31,2027-02-28,,,400,4
1996,S032460150D4,OP,,2023-04-30,2024-05-30,2024-11-30,,,401,4
1997,S032460043E9,OP,,2024-09-30,2025-10-30,2026-04-30,,,402,4
1998,S032460061E8,OP,,2024-08-31,2025-09-30,2026-03-31,,,403,4
1999,S032460031F3,OP,,2025-03-31,2026-04-30,2026-10-31,,,404,4
2000,S032460056F3,DC,,2025-03-31,2026-04-30,2026-10-31,,2026-05-19,405,4
2001,S032460020E8,OP,,2024-08-31,2025-09-30,2026-03-31,,,406,4
2002,S032460183D4,OP,,2023-04-30,2024-05-30,2024-11-30,,,407,4
2003,S032460332D4,OP,,2023-04-30,2024-05-30,2024-11-30,,,408,4
2004,S032460024E3,OP,,2024-03-31,2025-04-30,2025-10-31,,,409,4
2005,S032460046E8,OP,,2024-08-31,2025-09-30,2026-03-31,,,410,4
2006,S032460058E8,OP,,2024-08-31,2025-09-30,2026-03-31,,,411,4
2007,S032460001EB,OP,,2024-11-30,2025-12-30,2026-06-30,,,412,4
2008,S032460015E8,OP,,2024-08-31,2025-09-30,2026-03-31,,,413,4
2009,SO32460052EB,OP,,2024-11-30,2025-12-30,2026-06-30,,,430,4
2010,S032460032EB,OP,,2024-11-30,2025-12-30,2026-06-30,,,431,4
2011,S032460038F6,OP,,2025-06-30,2026-07-30,2027-01-30,,,432,4
2012,S032460029F6,OP,,2025-06-30,2026-07-30,2027-01-30,,,433,4
2013,S032460031F8,OP,,2025-08-31,2026-09-30,2027-03-31,,,434,4
2014,S032460021F4,OP,,2025-04-30,2026-05-30,2026-11-30,,,439,4
2015,S032460061F7,OP,,2025-07-31,2026-08-31,2027-02-28,,,440,4
2016,S032460020F4,OP,,2025-04-30,2026-05-30,2026-11-30,,,441,4
2017,S032460022F4,OP,,2025-04-30,2026-05-30,2026-11-30,,,442,4
2018,S032460021F5,OP,,2025-05-31,2026-06-30,2026-12-31,,,443,4
2019,S032460020F5,OP,,2025-05-31,2026-06-30,2026-12-31,,,444,4
2020,S032460017F5,OP,,2025-05-31,2026-06-30,2026-12-31,,,445,4
2021,S032460013F5,OP,,2025-05-31,2026-06-30,2026-12-31,,,446,4
2022,S032460124F4,OP,,2025-04-30,2026-05-30,2026-11-30,,,447,4
2023,S032460012F5,OP,,2025-05-31,2026-06-30,2026-12-31,,,448,4
2024,S032460014F5,OP,,2025-05-31,2026-06-30,2026-12-31,,,449,4
2025,S032460001F5,OP,,2025-05-31,2026-06-30,2026-12-31,,,450,4
2026,S032460023F5,OP,,2025-05-31,2026-06-30,2026-12-31,,,451,4
2027,S032460009F5,OP,,2025-05-31,2026-06-30,2026-12-31,,,452,4
2028,S032460011F5,OP,,2025-05-31,2026-06-30,2026-12-31,,,453,4
2029,S032460006F5,OP,,2025-05-31,2026-06-30,2026-12-31,,,454,4
2030,S032460040F6,OP,,2025-06-30,2026-07-30,2027-01-30,,,455,4
2031,S032460002F5,OP,,2025-05-31,2026-06-30,2026-12-31,,,456,4
2032,S032460025F5,OP,,2025-05-31,2026-06-30,2026-12-31,,,457,4
2033,S032460015F5,OP,,2025-05-31,2026-06-30,2026-12-31,,,458,4
2034,S032460005F5,OP,,2025-05-31,2026-06-30,2026-12-31,,,459,4
2035,S032460016F5,OP,,2025-05-31,2026-06-30,2026-12-31,,,460,4
2036,S032460018F5,OP,,2025-05-31,2026-06-30,2026-12-31,,,461,4
2037,S032460007F5,OP,,2025-05-31,2026-06-30,2026-12-31,,,463,4
2038,S032460010F5,OP,,2025-05-31,2026-06-30,2026-12-31,,,464,4
2039,S032460003F5,OP,,2025-05-31,2026-06-30,2026-12-31,,,465,4
2040,S032460019F5,OP,,2025-05-31,2026-06-30,2026-12-31,,,466,4
2041,S032460018F7,OP,,2025-07-31,2026-08-31,2027-02-28,,,468,4
2042,S032460035F7,OP,,2025-07-31,2026-08-31,2027-02-28,,,469,4
2043,S032460033F7,OP,,2025-07-31,2026-08-31,2027-02-28,,,470,4
2044,S032460021F6,OP,,2025-06-30,2026-07-30,2027-01-30,,,471,4
2045,S032460031F7,OP,,2025-07-31,2026-08-31,2027-02-28,,,472,4
2046,S032460064F7,OP,,2025-07-31,2026-08-31,2027-02-28,,,473,4
2047,S032460070F7,OP,,2025-07-31,2026-08-31,2027-02-28,,,474,4
2048,S032460036F7,OP,,2025-07-31,2026-08-31,2027-02-28,,,475,4
2049,S032460004F7,OP,,2025-07-31,2026-08-31,2027-02-28,,,476,4
2050,S032460006F8,OP,,2025-08-31,2026-09-30,2027-03-31,,,478,4
2051,S032460017C5,OP,,2022-05-31,2023-06-30,2023-12-31,,,479,4
2052,S032460007BC,OP,,2021-12-31,2023-01-31,2023-07-31,,,480,4
2053,S032460047F7,OP,,2025-07-31,2026-08-31,2027-02-28,,,481,4
2054,S032460025F7,OP,,2025-07-31,2026-08-31,2027-02-28,,,482,4
2055,S032460009BC,OP,,2021-12-31,2023-01-31,2023-07-31,,,483,4
2056,S032460054A3,OP,,2020-03-31,2021-04-30,2021-10-31,,,485,4
2057,S032460010BC,OP,,2021-12-31,2023-01-31,2023-07-31,,,487,4
2058,S032460545AB,OP,,2020-11-30,2021-12-30,2022-06-30,,,488,4
2059,S032460002CB,OP,,2022-11-30,2023-12-30,2024-06-30,,,489,4
2060,S032460286AB,OP,,2020-11-30,2021-12-30,2022-06-30,,,490,4
2061,S032460081A3,OP,,2020-03-31,2021-04-30,2021-10-31,,,491,4
2062,S032460060A3,OP,,2020-03-31,2021-04-30,2021-10-31,,,492,4
2063,S032460010A4,OP,,2020-04-30,2021-05-30,2021-11-30,,,493,4
2064,S032460240AB,OP,,2020-11-30,2021-12-30,2022-06-30,,,494,4
2065,S032460574AB,OP,,2020-11-30,2021-12-30,2022-06-30,,,495,4
2066,S032460012BC,OP,,2021-12-31,2023-01-31,2023-07-31,,,496,4
2067,S032460441AB,OP,,2020-11-30,2021-12-30,2022-06-30,,,497,4
2068,S032460016BC,OP,,2021-12-31,2023-01-31,2023-07-31,,,498,4
2069,S032460557AB,OP,,2020-11-30,2021-12-30,2022-06-30,,,499,4
2070,S032460018BC,OP,,2021-12-31,2023-01-31,2023-07-31,,,500,4
2071,S032460014BC,OP,,2021-12-31,2023-01-31,2023-07-31,,,501,4
2072,S032460003BC,OP,,2021-12-31,2023-01-31,2023-07-31,,,502,4
2073,S032460507AB,OP,,2020-11-30,2021-12-30,2022-06-30,,,503,4
2074,S032460018AB,OP,,2020-11-30,2021-12-30,2022-06-30,,,504,4
2075,S032460008CB,OP,,2022-11-30,2023-12-30,2024-06-30,,,505,4
2076,S032460028C1,OP,,2022-01-31,2023-02-28,2023-08-31,,,506,4
2077,S032460030C1,OP,,2022-01-31,2023-02-28,2023-08-31,,,507,4
2078,S032460013AB,OP,,2020-11-30,2021-12-30,2022-06-30,,,508,4
2079,S032460559AB,OP,,2020-11-30,2021-12-30,2022-06-30,,,509,4
2080,S032460107W7,OP,,1900-07-31,1901-08-31,1902-02-28,,,510,4
2081,S032460019AB,OP,,2020-11-30,2021-12-30,2022-06-30,,,511,4
2082,S032460055A3,OP,,2020-03-31,2021-04-30,2021-10-31,,,513,4
2083,S032460228AB,OP,,2020-11-30,2021-12-30,2022-06-30,,,514,4
2084,S032460305AC,OP,,2020-12-31,2022-01-31,2022-07-31,,,515,4
2085,S032460027A4,OP,,2020-04-30,2021-05-30,2021-11-30,,,516,4
2086,S032460038A3,OP,,2020-03-31,2021-04-30,2021-10-31,,,517,4
2087,S032460017BC,OP,,2021-12-31,2023-01-31,2023-07-31,,,518,4
2088,S032460009AB,OP,,2020-11-30,2021-12-30,2022-06-30,,,519,4
2089,S032460036AB,OP,,2020-11-30,2021-12-30,2022-06-30,,,520,4
2090,S032460015BC,OP,,2021-12-31,2023-01-31,2023-07-31,,,521,4
2091,S032460549AB,OP,,2020-11-30,2021-12-30,2022-06-30,,,522,4
2092,S032460570AB,OP,,2020-11-30,2021-12-30,2022-06-30,,,523,4
2093,S032460000AC,OP,,2020-12-31,2022-01-31,2022-07-31,,,525,4
2094,S032460030F7,OP,,2025-07-31,2026-08-31,2027-02-28,,,526,4
2095,S032460010F7,OP,,2025-07-31,2026-08-31,2027-02-28,,,527,4
2096,S032460016F7,OP,,2025-07-31,2026-08-31,2027-02-28,,,528,4
2097,S032460035D4,OP,,2023-04-30,2024-05-30,2024-11-30,,,529,4
2098,S032460369D4,OP,,2023-04-30,2024-05-30,2024-11-30,,,530,4
2099,S032460447D4,OP,,2023-04-30,2024-05-30,2024-11-30,,,531,4
2100,S032460323D4,OP,,2023-04-30,2024-05-30,2024-11-30,,,532,4
2101,S032460001D5,OP,,2023-05-31,2024-06-30,2024-12-31,,,533,4
2102,S032460198D4,OP,,2023-04-30,2024-05-30,2024-11-30,,,534,4
2103,S032460382D4,OP,,2023-04-30,2024-05-30,2024-11-30,,,535,4
2104,S032460352D4,OP,,2023-04-30,2024-05-30,2024-11-30,,,536,4
2105,S032460173D4,OP,,2023-04-30,2024-05-30,2024-11-30,,,537,4
2106,S032460397D4,OP,,2023-04-30,2024-05-30,2024-11-30,,,538,4
2107,S032460243D4,OP,,2023-04-30,2024-05-30,2024-11-30,,,539,4
2108,S032460312D4,OP,,2023-04-30,2024-05-30,2024-11-30,,,540,4
2109,S032460354D4,OP,,2023-04-30,2024-05-30,2024-11-30,,,541,4
2110,S032460358D4,OP,,2023-04-30,2024-05-30,2024-11-30,,,542,4
2111,S032460125D4,OP,,2023-04-30,2024-05-30,2024-11-30,,,543,4
2112,S032460391D4,OP,,2023-04-30,2024-05-30,2024-11-30,,,544,4
2113,S032460200D4,OP,,2023-04-30,2024-05-30,2024-11-30,,,545,4
2114,S032460434D4,OP,,2023-04-30,2024-05-30,2024-11-30,,,546,4
2115,S032460325D4,OP,,2023-04-30,2024-05-30,2024-11-30,,,547,4
2116,S032460100D4,OP,,2023-04-30,2024-05-30,2024-11-30,,,548,4
2117,S032460365D4,OP,,2023-04-30,2024-05-30,2024-11-30,,,549,4
2118,S032460168F9,OP,,2025-09-30,2026-10-30,2027-04-30,,,562,4
2119,S032460158F9,OP,,2025-09-30,2026-10-30,2027-04-30,,,563,4
2120,S032460138F9,OP,,2025-09-30,2026-10-30,2027-04-30,,,581,4
2121,S032460160F9,OP,,2025-09-30,2026-10-30,2027-04-30,,,582,4
2122,S032460197D4,OP,,2023-04-30,2025-05-30,2025-05-30,,,20,4
2123,S032550021D7,OP,,2023-07-31,2025-08-31,2025-08-31,,,83,5
2124,S032460018D7,OP,,2023-07-31,2025-08-31,2025-08-31,,,162,4
2125,S032460029D4,OP,,2023-04-30,2025-05-30,2025-05-30,,,227,4
2126,S032550003D7,OP,,2023-07-31,2025-08-31,2025-08-31,,,261,5
2127,S032460095D4,OP,,2023-04-30,2025-05-30,2025-05-30,,,272,4
2128,S032550054D7,OP,,2023-07-31,2025-08-31,2025-08-31,,,288,5
2129,S032550014D7,OP,,2023-07-31,2025-08-31,2025-08-31,,,343,5
2130,S032460392D7,OP,,2023-07-31,2025-08-31,2025-08-31,,,376,4
2131,S032550172EA,OP,,2024-10-31,2026-11-30,2026-11-30,,,414,5
2132,S032550148EA,OP,,2024-10-31,2026-11-30,2026-11-30,,,415,5
2133,S032550137EA,OP,,2024-10-31,2026-11-30,2026-11-30,,,416,5
2134,S032550140EA,OP,,2024-10-31,2026-11-30,2026-11-30,,,417,5
2135,S032550142EA,OP,,2024-10-31,2026-11-30,2026-11-30,,,418,5
2136,S032550123EA,OP,,2024-10-31,2026-11-30,2026-11-30,,,419,5
2137,S032550162EA,OP,,2024-10-31,2026-11-30,2026-11-30,,,420,5
2138,S032550167EA,OP,,2024-10-31,2026-11-30,2026-11-30,,,421,5
2139,S032550170EA,OP,,2024-10-31,2026-11-30,2026-11-30,,,422,5
2140,S032550149EA,OP,,2024-10-31,2026-11-30,2026-11-30,,,423,5
2141,S032550120EA,OP,,2024-10-31,2026-11-30,2026-11-30,,,424,5
2142,S032550130EA,OP,,2024-10-31,2026-11-30,2026-11-30,,,425,5
2143,S032550145EA,OP,,2024-10-31,2026-11-30,2026-11-30,,,426,5
2144,S032550126EA,OP,,2024-10-31,2026-11-30,2026-11-30,,,427,5
2145,S032550191EA,OP,,2024-10-31,2026-11-30,2026-11-30,,,428,5
2146,S032550152EA,OP,,2024-10-31,2026-11-30,2026-11-30,,,429,5
2147,S032460053EB,DC,,2024-11-30,2026-12-30,2026-12-30,,2026-05-19,435,5
2148,S032550303T6,OP,,1900-06-30,1902-07-30,1902-07-30,,,477,5
2149,S032550931U6,OP,,1900-06-30,1902-07-30,1902-07-30,,,524,5
2150,S032550178EA,OP,,2024-10-31,2026-11-30,2026-11-30,,,550,5
2151,S032550118EA,OP,,2024-10-31,2026-11-30,2026-11-30,,,551,5
2152,S032550050EB,OP,,2024-11-30,2026-12-30,2026-12-30,,,552,5
2153,S032550058EB,OP,,2024-11-30,2026-12-30,2026-12-30,,,553,5
2154,S032550034EB,OP,,2024-11-30,2026-12-30,2026-12-30,,,554,5
2155,S032550014EB,OP,,2024-11-30,2026-12-30,2026-12-30,,,555,5
2156,S032550033EB,OP,,2024-11-30,2026-12-30,2026-12-30,,,556,5
2157,S032550054EB,OP,,2024-11-30,2026-12-30,2026-12-30,,,557,5
2158,S032550051EB,OP,,2024-11-30,2026-12-30,2026-12-30,,,558,5
2159,S032550024EB,OP,,2024-11-30,2026-12-30,2026-12-30,,,559,5
2160,S032550021EB,OP,,2024-11-30,2026-12-30,2026-12-30,,,560,5
2161,S032550012EB,OP,,2024-11-30,2026-12-30,2026-12-30,,,561,5
2162,S032550028EB,OP,,2024-11-30,2026-12-30,2026-12-30,,,564,5
2163,S032550027EB,OP,,2024-11-30,2026-12-30,2026-12-30,,,565,5
2164,S032550168EA,OP,,2024-10-31,2026-11-30,2026-11-30,,,566,5
2165,S032550146EA,OP,,2024-10-31,2026-11-30,2026-11-30,,,567,5
2166,S032550045EB,OP,,2024-11-30,2026-12-30,2026-12-30,,,568,5
2167,S032550022EB,OP,,2024-11-30,2026-12-30,2026-12-30,,,569,5
2168,S032550195EA,OP,,2024-10-31,2026-11-30,2026-11-30,,,570,5
2169,S032550056EB,OP,,2024-11-30,2026-12-30,2026-12-30,,,572,5
2170,S032550127EA,OP,,2024-10-31,2026-11-30,2026-11-30,,,573,5
2171,S032550048EB,OP,,2024-11-30,2026-12-30,2026-12-30,,,574,5
2172,S032550038EB,OP,,2024-11-30,2026-12-30,2026-12-30,,,575,5
2173,S032550029EB,OP,,2024-11-30,2026-12-30,2026-12-30,,,576,5
2174,S032550117EA,OP,,2024-10-31,2026-11-30,2026-11-30,,,577,5
2175,S032550043EB,OP,,2024-11-30,2026-12-30,2026-12-30,,,578,5
2176,S032550055EB,OP,,2024-11-30,2026-12-30,2026-12-30,,,579,5
2177,S032550035EA,OP,,2024-10-31,2026-11-30,2026-11-30,,,580,5
2178,S032550185EA,OP,,2024-10-31,2026-11-30,2026-11-30,,,585,5
2179,S032550052EB,OP,,2024-11-30,2026-12-30,2026-12-30,,,586,5
2180,SCO3110103WC,OP,,2019-12-31,2022-01-31,2022-01-31,,,587,6
2181,SCO3110120E1,OP,,2024-01-31,2026-02-28,2026-02-28,,,588,6
2182,SC03110011C7,OP,,2022-07-31,2024-08-31,2024-08-31,,,589,6
2183,SCO3110204D3,OP,,2023-03-31,2025-04-30,2025-04-30,,,590,6
2184,SCO3110576W6,OP,,2019-06-30,2021-07-30,2021-07-30,,,591,6
2185,SC03110174WC,OP,,2019-12-31,2022-01-31,2022-01-31,,,593,6
2186,SC03110688WB,OP,,2019-11-30,2021-12-30,2021-12-30,,,594,6
2187,SC03110761Q6,OP,,2013-06-30,2015-07-30,2015-07-30,,,595,6
2188,SCO3110533A6,OP,,2020-06-30,2022-07-30,2022-07-30,,,597,6
2189,SC03110305A3,OP,,2020-03-31,2022-04-30,2022-04-30,,,598,6
2190,S014110963F2,OP,,2025-02-28,2027-03-28,2027-03-28,,,602,6
2191,SCO3420305E6,OP,,2024-06-30,2026-07-30,2026-07-30,,,587,7
2192,SC03420304E6,OP,,2024-06-30,2026-07-30,2026-07-30,,,588,7
2193,SC03420800F6,OP,,2025-06-30,2027-07-30,2027-07-30,,,589,7
2194,SCO3420323E6,OP,,2024-06-30,2026-07-30,2026-07-30,,,590,7
2195,SCO3420328E6,OP,,2024-06-30,2026-07-30,2026-07-30,,,591,7
2196,SC03420238E6,OP,,2024-06-30,2026-07-30,2026-07-30,,,593,7
2197,SC03420055C4,OP,,2022-04-30,2024-05-30,2024-05-30,,,594,7
2198,SC03420044E6,OP,,2024-06-30,2026-07-30,2026-07-30,,,595,7
2199,SCO3420667C6,OP,,2022-06-30,2024-07-30,2024-07-30,,,597,7
2200,SC03420779DC,OP,,2023-12-31,2026-01-31,2026-01-31,,,598,7
2201,SC03420657F6,OP,,2025-06-30,2027-07-30,2027-07-30,,,602,7
2202,SCO3060244Q6,OP,,2013-06-30,2015-07-30,2015-07-30,,,587,9
2203,SC03060174Q6,OP,,2013-06-30,2015-07-30,2015-07-30,,,588,9
2204,SC03060023VC,OP,,2018-12-31,2021-01-31,2021-01-31,,,589,9
2205,SCO3060247Q6,OP,,2013-06-30,2015-07-30,2015-07-30,,,590,9
2206,SCO3060182Q6,OP,,2013-06-30,2015-07-30,2015-07-30,,,591,9
2207,SC03060161Q6,OP,,2013-06-30,2015-07-30,2015-07-30,,,593,9
2208,SC03060227Q6,OP,,2013-06-30,2015-07-30,2015-07-30,,,594,9
2209,SC03060261Q6,OP,,2013-06-30,2015-07-30,2015-07-30,,,595,9
2210,SCO3060296Q6,OP,,2013-06-30,2015-07-30,2015-07-30,,,597,9
2211,SC03060238T1,OP,,2016-01-31,2018-02-28,2018-02-28,,,598,9
2212,SCO3AR0196Q6,OP,,2013-06-30,2015-07-30,2015-07-30,,,587,12
2213,SC03AR0521UC,OP,,2017-12-31,2020-01-31,2020-01-31,,,588,12
2214,SC03AR0136Q6,OP,,2013-06-30,2015-07-30,2015-07-30,,,589,12
2215,SCO3AR0252Q6,OP,,2013-06-30,2015-07-30,2015-07-30,,,590,12
2216,SC03AR0166Q6,OP,,2013-06-30,2015-07-30,2015-07-30,,,591,12
2217,SC03AR0137Q6,OP,,2013-06-30,2015-07-30,2015-07-30,,,593,12
2218,SC03AR0149Q6,OP,,2013-06-30,2015-07-30,2015-07-30,,,594,12
2219,SC03AR0135Q6,OP,,2013-06-30,2015-07-30,2015-07-30,,,595,12
2220,SCO3AR0119Q6,OP,,2013-06-30,2015-07-30,2015-07-30,,,597,12
2221,SC03AR0283R8,OP,,2014-08-31,2016-09-30,2016-09-30,,,598,12
2222,SC03110429BB,OP,,2021-11-30,2023-12-30,2023-12-30,,,606,6
2223,SC03110152F3,OP,,2025-03-31,2027-04-30,2027-04-30,,,607,6
2224,SCO3110550E5,OP,,2024-05-31,2026-06-30,2026-06-30,,,608,6
2225,SCO3110402D9,DC,,2023-09-30,2025-10-30,2025-10-30,,2026-03-22,609,6
2226,SC03110407DC,OP,,2023-12-31,2026-01-31,2026-01-31,,,610,6
2227,SC03420519E7,OP,,2024-07-31,2026-08-31,2026-08-31,,,606,7
2228,SC03450194DB,OP,,2023-11-30,2025-12-30,2025-12-30,,,607,7
2229,SCO3420646C6,DC,,2022-06-30,2024-07-30,2024-07-30,,2026-03-22,609,7
2230,SC03B50051DA,OP,,2023-10-31,2025-11-30,2025-11-30,,,610,7
2231,SC03500107F4,OP,,2025-04-30,2026-05-30,2026-05-30,,,606,8
2232,SC03500082BA,OP,,2021-10-31,2022-11-30,2022-11-30,,,607,8
2233,SCO3500045F4,OP,,2025-04-30,2026-05-30,2026-05-30,,,608,8
2234,SCO3500003B9,OP,,2021-09-30,2022-10-30,2022-10-30,,,609,8
2235,SC03500136F4,OP,,2025-04-30,2026-05-30,2026-05-30,,,610,8
2236,SC03760021F4,OP,,2025-04-30,2027-05-30,2027-05-30,,,606,14
2237,SC03760031F4,OP,,2025-04-30,2027-05-30,2027-05-30,,,607,14
2238,SCO3760028F4,OP,,2025-04-30,2027-05-30,2027-05-30,,,608,14
2239,SCO3760017A4,OP,,2020-04-30,2022-05-30,2022-05-30,,,609,14
2240,SC03760023F4,OP,,2025-04-30,2027-05-30,2027-05-30,,,610,14
2241,SC03780022D1,OP,,2023-01-31,2024-02-29,2025-02-28,,,606,10
2242,SC03780005F5,OP,,2025-05-31,2026-06-30,2027-06-30,,,607,10
2243,SCO3780012F5,OP,,2025-05-31,2026-06-30,2027-06-30,,,608,10
2244,SCO3780029B5,DC,,2021-05-31,2022-06-30,2023-06-30,,2026-03-22,609,10
2245,SC03780036F5,OP,,2025-05-31,2026-06-30,2027-06-30,,,610,10
2246,SC03110106WA,OP,,2019-10-31,2021-11-30,2021-11-30,,,611,6
2247,SC03110270EB,OP,,2024-11-30,2026-12-30,2026-12-30,,,612,6
2248,SC03110574E5,OP,,2024-05-31,2026-06-30,2026-06-30,,,613,6
2249,SC03110015F2,OP,,2025-02-28,2027-03-28,2027-03-28,,,614,6
2250,SC03110164V5,DC,,2018-05-31,2020-06-30,2020-06-30,,2026-06-01,615,6
2251,SC03110376CA,OP,,2022-10-31,2024-11-30,2024-11-30,,,616,6
2252,SC03420546FA,OP,,2025-10-31,2027-11-30,2027-11-30,,,611,7
2253,SC03420326E7,OP,,2024-07-31,2026-08-31,2026-08-31,,,612,7
2254,SC03421028FA,OP,,2025-10-31,2027-11-30,2027-11-30,,,613,7
2255,SC03420563C6,DC,,2022-06-30,2024-07-30,2024-07-30,,2026-06-01,614,7
2256,SC03420518E7,OP,,2024-07-31,2026-08-31,2026-08-31,,,615,7
2257,SC03420452E7,OP,,2024-07-31,2026-08-31,2026-08-31,,,616,7
2258,SC03AF0184F7,OP,,2025-07-31,2027-08-31,2027-08-31,,,611,15
2259,SC037F0011E9,OP,,2024-09-30,2026-10-30,2026-10-30,,,612,15
2260,SC03AF0007VC,OP,,2018-12-31,2021-01-31,2021-01-31,,,613,15
2261,SC03AF0008B3,OP,,2021-03-31,2023-04-30,2023-04-30,,,614,15
2262,SC03AF0021D2,OP,,2023-02-28,2025-03-28,2025-03-28,,,615,15
2263,SC03AF0158F7,OP,,2025-07-31,2027-08-31,2027-08-31,,,616,15
2264,SC03750014DB,OP,,2023-11-30,2025-12-30,2025-12-30,,,611,13
2265,SC03750011E9,OP,,2024-09-30,2026-10-30,2026-10-30,,,612,13
2266,SC03750053E9,OP,,2024-09-30,2026-10-30,2026-10-30,,,613,13
2267,SC03750009D3,OP,,2023-03-31,2025-04-30,2025-04-30,,,614,13
2268,SC03750015WC,OP,,2019-12-31,2022-01-31,2022-01-31,,,615,13
2269,SC03750148F7,OP,,2025-07-31,2027-08-31,2027-08-31,,,616,13
2270,SC03490017F9,OP,,2025-09-30,2027-10-30,2027-10-30,,,611,11
2271,SC03490034F9,OP,,2025-09-30,2027-10-30,2027-10-30,,,612,11
2272,SC03490016F9,OP,,2025-09-30,2027-10-30,2027-10-30,,,613,11
2273,SC03490024A7,DC,,2020-07-31,2022-08-31,2022-08-31,,2026-06-01,614,11
2274,SC03490052W3,OP,,2019-03-31,2021-04-30,2021-04-30,,,615,11
2275,SC03AF0238T5,OP,,2016-05-31,2018-06-30,2018-06-30,,,616,11
2276,SCO3110237E1,OP,,2024-01-31,2026-02-28,2026-02-28,,,617,6
2277,SC03110164D4,OP,,2023-04-30,2025-05-30,2025-05-30,,,618,6
2278,SC03110089F3,OP,,2025-03-31,2027-04-30,2027-04-30,,,619,6
2279,SC03110034F9,OP,,2025-09-30,2027-10-30,2027-10-30,,,620,6
2280,SC03110011E4,OP,,2024-04-30,2026-05-30,2026-05-30,,,621,6
2281,SCO3420304E6,OP,,2024-06-30,2026-07-30,2026-07-30,,,617,7
2282,SC03420520EA,OP,,2024-10-31,2026-11-30,2026-11-30,,,618,7
2283,SC03421160EA,OP,,2024-10-31,2026-11-30,2026-11-30,,,619,7
2284,SCO3420427F5,OP,,2025-05-31,2027-06-30,2027-06-30,,,620,7
2285,SC03420033F3,OP,,2025-03-31,2027-04-30,2027-04-30,,,621,7
2286,SCO3060170EB,OP,,2024-11-30,2026-12-30,2026-12-30,,,617,9
2287,SC03060585EC,OP,,2024-12-31,2027-01-31,2027-01-31,,,619,9
2288,SCO3060191F3,OP,,2025-03-31,2027-04-30,2027-04-30,,,620,9
2289,SC03060071E4,OP,,2024-04-30,2026-05-30,2026-05-30,,,621,9
2290,SC03AR0274EC,OP,,2024-12-31,2027-01-31,2027-01-31,,,617,12
2291,SC03AR0423EC,OP,,2024-12-31,2027-01-31,2027-01-31,,,619,12
2292,SC03AR0096F8,OP,,2025-08-31,2027-09-30,2027-09-30,,,620,12
2293,SC03AR0085E4,OP,,2024-04-30,2026-05-30,2026-05-30,,,621,12
2294,SC03130177W3,OP,,2019-03-31,2021-04-30,2021-04-30,,,618,17
2295,SC03A40275R4,OP,,2014-04-30,2016-05-30,2016-05-30,,,617,16
2296,SC03A40067Q7,OP,,2013-07-31,2015-08-31,2015-08-31,,,618,16
2297,SC03A40553Q5,OP,,2013-05-31,2015-06-30,2015-06-30,,,619,16
2298,SCO3A40158T9,OP,,2016-09-30,2018-10-30,2018-10-30,,,620,16
2299,SC03A40109E4,OP,,2024-04-30,2026-05-30,2026-05-30,,,621,16
2300,SC03110279E8,OP,,2024-08-31,2026-09-30,2026-09-30,,,651,6
2301,SCA3110010E6,OP,,2024-06-30,2026-07-30,2026-07-30,,,652,6
2302,SCA3110218E7,OP,,2024-07-31,2026-08-31,2026-08-31,,,653,6
2303,SCA3110345E8,OP,,2024-08-31,2026-09-30,2026-09-30,,,654,6
2304,SCA3110566E5,OP,,2024-05-31,2026-06-30,2026-06-30,,,655,6
2305,SCA3110181F7,OP,,2025-07-31,2027-08-31,2027-08-31,,,656,6
2306,SCA3110195F7,OP,,2025-07-31,2027-08-31,2027-08-31,,,657,6
2307,SCA3110174F7,OP,,2025-07-31,2027-08-31,2027-08-31,,,658,6
2308,SCA3110405E2,OP,,2024-02-28,2026-03-28,2026-03-28,,,659,6
2309,SCA3110385E2,OP,,2024-02-28,2026-03-28,2026-03-28,,,660,6
2310,SCA3110399E2,OP,,2024-02-28,2026-03-28,2026-03-28,,,661,6
2311,SCA3110388E2,OP,,2024-02-28,2026-03-28,2026-03-28,,,662,6
2312,SCA3110390E2,OP,,2024-02-28,2026-03-28,2026-03-28,,,663,6
2313,SCA3110797E1,OP,,2024-01-31,2026-02-28,2026-02-28,,,664,6
2314,SCA3110386E2,OP,,2024-02-28,2026-03-28,2026-03-28,,,665,6
2315,SCA3110787E1,OP,,2024-01-31,2026-02-28,2026-02-28,,,666,6
2316,SCA3110406E2,OP,,2024-02-28,2026-03-28,2026-03-28,,,667,6
2317,SCA3110378E2,OP,,2024-02-28,2026-03-28,2026-03-28,,,668,6
2318,SCA3110826E1,OP,,2024-01-31,2026-02-28,2026-02-28,,,669,6
2319,SCA3110802E1,OP,,2024-01-31,2026-02-28,2026-02-28,,,670,6
2320,SCA3110403E2,OP,,2024-02-28,2026-03-28,2026-03-28,,,671,6
2321,SCA3110182F7,OP,,2025-07-31,2027-08-31,2027-08-31,,,672,6
2322,SCA3110196F7,OP,,2025-07-31,2027-08-31,2027-08-31,,,673,6
2323,SCA3110372E2,OP,,2024-02-28,2026-03-28,2026-03-28,,,674,6
2324,SCA3110795E1,OP,,2024-01-31,2026-02-28,2026-02-28,,,675,6
2325,SCA3110379E2,OP,,2024-02-28,2026-03-28,2026-03-28,,,676,6
2326,SC03420135F8,OP,,2025-08-31,2027-09-30,2027-09-30,,,651,7
2327,SC03B50188EB,OP,,2024-11-30,2026-12-30,2026-12-30,,,652,7
2328,SC03B50120EA,OP,,2024-10-31,2026-11-30,2026-11-30,,,653,7
2329,SC03B50260EB,OP,,2024-11-30,2026-12-30,2026-12-30,,,654,7
2330,SCO3420128F8,OP,,2025-08-31,2027-09-30,2027-09-30,,,655,7
2331,SCA3B50007F7,OP,,2025-07-31,2027-08-31,2027-08-31,,,656,7
2332,SCA3B50014F7,OP,,2025-07-31,2027-08-31,2027-08-31,,,657,7
2333,SCA3B50006F7,OP,,2025-07-31,2027-08-31,2027-08-31,,,658,7
2334,SCA3B50153DC,OP,,2023-12-31,2026-01-31,2026-01-31,,,659,7
2335,SCA3B50062E2,OP,,2024-02-28,2026-03-28,2026-03-28,,,660,7
2336,SCA3B50044E2,OP,,2024-02-28,2026-03-28,2026-03-28,,,661,7
2337,SCA3B50057E2,OP,,2024-02-28,2026-03-28,2026-03-28,,,662,7
2338,SCA3B50163DC,OP,,2023-12-31,2026-01-31,2026-01-31,,,663,7
2339,SCA3B50201DC,OP,,2023-12-31,2026-01-31,2026-01-31,,,664,7
2340,SCA3B50156DC,OP,,2023-12-31,2026-01-31,2026-01-31,,,665,7
2341,SCA3B50150DC,OP,,2023-12-31,2026-01-31,2026-01-31,,,666,7
2342,SCA3B50027E2,OP,,2024-02-28,2026-03-28,2026-03-28,,,667,7
2343,SCA3B50045E2,OP,,2024-02-28,2026-03-28,2026-03-28,,,668,7
2344,SCA3B50178DC,OP,,2023-12-31,2026-01-31,2026-01-31,,,669,7
2345,SCA3B50181DC,OP,,2023-12-31,2026-01-31,2026-01-31,,,670,7
2346,SCA3B50070E2,OP,,2024-02-28,2026-03-28,2026-03-28,,,671,7
2347,SCA3B50002F7,OP,,2025-07-31,2027-08-31,2027-08-31,,,672,7
2348,SCA3B50017F7,OP,,2025-07-31,2027-08-31,2027-08-31,,,673,7
2349,SCA3B50064E2,OP,,2024-02-28,2026-03-28,2026-03-28,,,674,7
2350,SCA3B50165EA,OP,,2024-10-31,2026-11-30,2026-11-30,,,675,7
2351,SCA3B50055E2,OP,,2024-02-28,2026-03-28,2026-03-28,,,676,7
2352,SC03060665V3,OP,,2018-03-31,2020-04-30,2020-04-30,,,651,9
2353,SCA3060670EC,OP,,2024-12-31,2027-01-31,2027-01-31,,,652,9
2354,SCA3060086EB,OP,,2024-11-30,2026-12-30,2026-12-30,,,653,9
2355,SCA306040EB,OP,,2024-11-30,2026-12-30,2026-12-30,,,654,9
2356,SCA3060297WC,OP,,2019-12-31,2022-01-31,2022-01-31,,,655,9
2357,SCA3060469F6,OP,,2025-06-30,2027-07-30,2027-07-30,,,656,9
2358,SCA3060427F6,OP,,2025-06-30,2027-07-30,2027-07-30,,,657,9
2359,SCA3060442F6,OP,,2025-06-30,2027-07-30,2027-07-30,,,658,9
2360,SCA3060380E1,OP,,2024-01-31,2026-02-28,2026-02-28,,,659,9
2361,SCA3060224E2,DC,,2024-02-28,2026-03-28,2026-03-28,,2026-03-25,660,9
2362,SCA3060023E3,OP,,2024-03-31,2026-04-30,2026-04-30,,,661,9
2363,SCA3060188E2,OP,,2024-02-28,2026-03-28,2026-03-28,,,662,9
2364,SCA3060385E1,OP,,2024-01-31,2026-02-28,2026-02-28,,,663,9
2365,SCA3060402E1,OP,,2024-01-31,2026-02-28,2026-02-28,,,664,9
2366,SCA3060390E1,OP,,2024-01-31,2026-02-28,2026-02-28,,,665,9
2367,SCA3060422E1,OP,,2024-01-31,2026-02-28,2026-02-28,,,666,9
2368,SCA3060219E2,OP,,2024-02-28,2026-03-28,2026-03-28,,,667,9
2369,SCA3060021E3,OP,,2024-03-31,2026-04-30,2026-04-30,,,668,9
2370,SCA3060369E1,OP,,2024-01-31,2026-02-28,2026-02-28,,,669,9
2371,SCA3060419E1,OP,,2024-01-31,2026-02-28,2026-02-28,,,670,9
2372,SCA3060210E2,OP,,2024-02-28,2026-03-28,2026-03-28,,,671,9
2373,SCA3060443F6,OP,,2025-06-30,2027-07-30,2027-07-30,,,672,9
2374,SCA3060426F6,OP,,2025-06-30,2027-07-30,2027-07-30,,,673,9
2375,SCA3060019E3,OP,,2024-03-31,2026-04-30,2026-04-30,,,674,9
2376,SCA3060409E1,OP,,2024-01-31,2026-02-28,2026-02-28,,,675,9
2377,SCA3060003E3,OP,,2024-03-31,2026-04-30,2026-04-30,,,676,9
2378,SC03AR0097F5,OP,,2025-05-31,2027-06-30,2027-06-30,,,651,12
2379,SCA3AR0528EC,OP,,2024-12-31,2027-01-31,2027-01-31,,,652,12
2380,SCA3AR0548EC,OP,,2024-12-31,2027-01-31,2027-01-31,,,653,12
2381,SCA3AR0263EC,OP,,2024-12-31,2027-01-31,2027-01-31,,,654,12
2382,SC30AR0025F5,OP,,2025-05-31,2027-06-30,2027-06-30,,,655,12
2383,SCA3AR0021F7,OP,,2025-07-31,2027-08-31,2027-08-31,,,656,12
2384,SCA3AR0041F7,OP,,2025-07-31,2027-08-31,2027-08-31,,,657,12
2385,SCA3AR0026F7,OP,,2025-07-31,2027-08-31,2027-08-31,,,658,12
2386,SCA3AR0192E1,OP,,2024-01-31,2026-02-28,2026-02-28,,,659,12
2387,SCA3AR0217E1,OP,,2024-01-31,2026-02-28,2026-02-28,,,660,12
2388,SCA3AR0107E2,OP,,2024-02-28,2026-03-28,2026-03-28,,,661,12
2389,SCA3AR0232E1,OP,,2024-01-31,2026-02-28,2026-02-28,,,662,12
2390,SCA3AR0657E1,OP,,2024-01-31,2026-02-28,2026-02-28,,,663,12
2391,SCA3AR0204E1,OP,,2024-01-31,2026-02-28,2026-02-28,,,664,12
2392,SCA3AR0663E1,OP,,2024-01-31,2026-02-28,2026-02-28,,,665,12
2393,SCA3AR0235E1,OP,,2024-01-31,2026-02-28,2026-02-28,,,666,12
2394,SCA3AR0630E1,OP,,2024-01-31,2026-02-28,2026-02-28,,,667,12
2395,SCA3AR0185E2,OP,,2024-02-28,2026-03-28,2026-03-28,,,668,12
2396,SCA3AR0653E1,OP,,2024-01-31,2026-02-28,2026-02-28,,,669,12
2397,SCA3AR0197E1,OP,,2024-01-31,2026-02-28,2026-02-28,,,670,12
2398,SCA3AR0225E1,OP,,2024-01-31,2026-02-28,2026-02-28,,,671,12
2399,SCA3AR0012F7,OP,,2025-07-31,2027-08-31,2027-08-31,,,672,12
2400,SCA3AR0009F7,OP,,2025-07-31,2027-08-31,2027-08-31,,,673,12
2401,SCA3AR0150E2,OP,,2024-02-28,2026-03-28,2026-03-28,,,674,12
2402,SCA3AR0205E1,OP,,2024-01-31,2026-02-28,2026-02-28,,,675,12
2403,SCA3AR0176E2,OP,,2024-02-28,2026-03-28,2026-03-28,,,676,12
2404,SC04600070V5,OP,,2018-05-31,2020-06-30,2020-06-30,,,651,18
2405,SCA4600069WC,OP,,2019-12-31,2022-01-31,2022-01-31,,,652,18
2406,SCA4600078WC,OP,,2019-12-31,2022-01-31,2022-01-31,,,653,18
2407,SCA4600061WC,OP,,2019-12-31,2022-01-31,2022-01-31,,,654,18
2408,SCA4600060WC,OP,,2019-12-31,2022-01-31,2022-01-31,,,655,18
2409,SCA4600011F7,OP,,2025-07-31,2027-08-31,2027-08-31,,,656,18
2410,SCA4600003F7,OP,,2025-07-31,2027-08-31,2027-08-31,,,657,18
2411,SCA4600006F7,OP,,2025-07-31,2027-08-31,2027-08-31,,,658,18
2412,SCA4600021E2,OP,,2024-02-28,2026-03-28,2026-03-28,,,659,18
2413,SCA4600030E2,OP,,2024-02-28,2026-03-28,2026-03-28,,,660,18
2414,SCA4600001E3,OP,,2024-03-31,2026-04-30,2026-04-30,,,661,18
2415,SCA4600027E2,OP,,2024-02-28,2026-03-28,2026-03-28,,,662,18
2416,SCA4600017E2,OP,,2024-02-28,2026-03-28,2026-03-28,,,663,18
2417,SCA4600002E2,OP,,2024-02-28,2026-03-28,2026-03-28,,,664,18
2418,SCA4600020E2,OP,,2024-02-28,2026-03-28,2026-03-28,,,665,18
2419,SCA4600001E2,OP,,2024-02-28,2026-03-28,2026-03-28,,,666,18
2420,SCA4600029E2,OP,,2024-02-28,2026-03-28,2026-03-28,,,667,18
2421,SCA4600023E2,OP,,2024-02-28,2026-03-28,2026-03-28,,,668,18
2422,SCA4600018E2,OP,,2024-02-28,2026-03-28,2026-03-28,,,669,18
2423,SCA460007E2,OP,,2024-02-28,2026-03-28,2026-03-28,,,670,18
2424,SCA4600025E2,OP,,2024-02-28,2026-03-28,2026-03-28,,,671,18
2425,SCA4600005F7,OP,,2025-07-31,2027-08-31,2027-08-31,,,672,18
2426,SCA4600009F7,OP,,2025-07-31,2027-08-31,2027-08-31,,,673,18
2427,SCA4600026E2,OP,,2024-02-28,2026-03-28,2026-03-28,,,674,18
2428,SCA460003E2,OP,,2024-02-28,2026-03-28,2026-03-28,,,675,18
2429,SCA4600024E2,OP,,2024-02-28,2026-03-28,2026-03-28,,,676,18
2430,SC03421284EA,OP,,,2027-10-01,2027-10-01,2026-03-22,,609,25
2431,SC03780023F5,OP,,,2026-08-31,2026-08-31,2026-03-22,,609,10
2432,SC03110032F9,OP,,,2027-12-31,2027-12-31,2026-03-22,,609,6
2433,SCA3060063FA,OP,,,2027-01-31,2029-01-31,2026-03-25,,660,9
2434,S032560121G3,OP,,,2027-04-30,2028-04-01,2026-05-19,,405,9
2435,S032460026F8,OP,,,2026-08-26,2027-08-31,2026-05-19,,51,4
2436,S014170045EA,OP,,,,2026-04-14,2026-04-14,,571,1
2437,S022040091G1,OP,,,,2028-01-14,2026-04-14,,571,2
2438,S032560104EA,OP,,,,2026-11-14,2026-04-14,,571,3
2439,S032560023FC,OP,2027-03-19,,2026-03-19,2027-03-30,2026-05-19,,399,4
2440,S014170105F9,OP,,,,2027-09-30,2026-04-14,,1080,1
2441,S022040039F8,OP,,,,2027-08-31,2026-04-14,,1080,2
2442,S032560060F9,OP,,,,2027-09-30,2026-04-14,,1080,3
2443,S032460061F9,OP,,,,2026-09-30,2026-04-14,,1080,4
2444,S022040205F6,OP,,,,2028-09-30,2026-04-22,,54,2
2445,S032460008G1,OP,,,,2027-04-22,2026-04-22,,54,4
2446,S032460019G2,OP,,,2027-03-22,2027-03-22,2026-04-22,,179,4
2447,S022040465E9,OP,,,,2027-09-30,2026-04-22,,179,2
2448,S032460022F5,OP,,2027-05-31,,,2026-04-22,,467,4
2449,S022040123F6,OP,,,2027-09-30,2028-09-22,2026-04-22,,467,2
2450,S032560106G3,OP,,,2027-03-05,2028-03-05,2026-05-04,,414,3
2451,S022040255F6,OP,,,2026-07-01,2027-07-01,2026-05-04,,565,2
2452,S032460003G2,OP,,,2027-05-30,2027-05-30,2026-05-19,,405,4
2453,S032460036G2,OP,,,2027-03-01,2027-05-01,2026-05-11,,8,4
2454,S032460006G2,OP,,,2027-03-31,2027-05-01,2026-05-11,,583,4
2455,S014170028G3,OP,,,2027-04-01,2028-04-01,2026-05-11,,583,1
2456,S032560125G3,OP,,,2027-04-01,2028-03-12,2026-05-11,,583,3
2457,S014170003G3,OP,,,2027-04-19,2028-04-30,2026-05-18,,8,1
2458,S032560138G3,OP,,,2027-04-19,2028-04-19,2026-05-18,,8,3
2459,S014170070G3,OP,,,2027-04-01,2028-04-19,2026-05-19,,405,1
2460,S014170024G3,OP,,,2027-04-30,2028-05-19,2026-05-19,,399,1
2461,S032560122G3,OP,,,2027-03-31,2028-05-19,2026-05-19,,399,3
2462,S014170001G3,OP,,,2027-04-01,2028-04-19,2026-05-19,,156,1
2463,S032560111G3,OP,,,2027-04-19,2028-04-19,2026-05-19,,156,3
2464,S032460004FC,OP,,,2027-03-19,2027-04-19,2026-05-19,,156,4
2465,S014170012G3,OP,,,2027-04-19,2028-04-19,2026-05-19,,141,1
2466,S032560135G3,OP,,,2027-03-19,2028-03-19,2026-05-19,,141,3
2467,S032460027G2,OP,,,2027-02-19,2027-02-19,2026-05-19,,141,4
2468,S014170003F8,OP,,,2026-08-19,2027-08-19,2026-05-19,,309,1
2469,S032560017F8,OP,,,2027-08-19,2027-08-19,2026-05-19,,309,3
2470,S032460017G2,OP,,,2027-02-19,2027-03-19,2026-05-19,,309,4
2471,S014170002G3,OP,,,2027-04-19,2028-04-19,2026-05-19,,51,1
2472,S032560142G3,OP,,,2027-04-19,2028-04-19,2026-05-19,,51,3
2473,S014170030G3,OP,,,2027-03-31,2028-04-19,2026-05-19,,94,1
2474,S032560116G3,OP,,,2027-03-19,2028-04-19,2026-05-19,,94,3
2475,S032460010G2,OP,,,2026-02-19,2026-02-19,2026-05-19,,94,4
2476,S014170017G3,OP,,,2027-04-19,2028-04-19,2026-05-19,,113,1
2477,S032560113G3,OP,,,2027-04-19,2028-04-19,2026-05-19,,113,3
2478,S032460007FC,OP,,,2026-12-19,2026-12-19,2026-05-19,,113,4
2479,S022040300F6,OP,,,2026-07-19,2027-06-19,2026-05-19,,576,2
2480,S022040215F6,OP,,,2026-06-19,2027-06-19,2026-05-19,,435,2
2481,S022040274F6,OP,,,2026-06-19,2027-06-19,2026-05-19,,436,2
2482,S032550013EB,OP,,,2026-11-19,2027-11-30,2026-05-19,,436,5
2483,S032550053EB,OP,,,2026-11-19,2027-11-19,2026-05-19,,435,5
2484,S014170022G3,OP,,,2027-03-19,2028-03-19,2026-05-19,,390,1
2485,S032560134G3,OP,,,2027-03-19,2028-03-19,2026-05-19,,390,3
2486,S032460023G2,OP,,,2026-02-19,2027-02-19,2026-05-19,,390,4
2487,S014170013G3,OP,,,2027-03-19,2028-03-19,2026-05-19,,18,1
2488,S032560108G3,OP,,,2027-03-19,2028-03-19,2026-05-19,,18,3
2489,S032460016FC,OP,,,2026-12-19,2026-12-19,2026-05-19,,18,4
2490,S014170053G3,OP,,,2027-03-19,2028-03-19,2026-05-19,,112,1
2491,S032560141G3,OP,,,2027-03-19,2028-03-19,2026-05-19,,112,3
2492,S032460037G2,OP,,,2027-02-19,2027-02-19,2026-05-19,,259,4
2493,SC03490005G4,OP,,,2027-04-30,2028-04-01,2026-06-01,,614,11
2494,SC03B50259E8,OP,,,2027-08-01,2027-08-01,2026-06-01,,614,7
2495,SCA3110192F7,OP,,,2026-07-01,2030-07-01,2026-06-01,,1084,6
2496,SCA3B50012F7,OP,,,2026-07-01,2028-07-01,2026-06-01,,1084,7
2497,SCA3060423F6,OP,,,2026-06-01,2030-06-01,2026-06-01,,1084,9
2498,SCA3AR0032F7,OP,,,2026-07-01,2030-07-01,2026-06-01,,1084,12
2499,SCA4600002F7,IS,,,2026-07-01,2030-07-01,,,,18
2500,S014110035F7,OP,,,2026-07-01,2030-07-01,2026-06-01,,615,6
2501,SC03AF0069G3,IS,,,2027-03-24,2028-03-24,,,,15
2502,SC03421033FA,OP,,,2026-11-01,2027-12-24,2026-07-15,,1106,7
