id,label,serial,status,configuration,purchase_date,purchase_cost,location,detector_model,firmware,notes,created_at,updated_at,location_updated
1083,ALRP132,187141D21,OP,19,,,95,21,,,2026-08-30 00:09:00.801905+00:00,2026-08-30 00:09:00.801913+00:00,2026-08-30 00:08:59.977962+00:00
1087,ALRP133,2.40204E+029,OP,19,,,95,21,,,2026-08-30 00:09:00.804880+00:00,2026-08-30 00:09:00.804888+00:00,2026-08-30 00:08:59.977962+00:00
1103,ALRP137,187150-D21,OP,19,,,95,21,6,,2026-08-30 00:09:00.816839+00:00,2026-08-30 00:09:00.816847+00:00,2026-08-30 00:08:59.977962+00:00
1082,ALRP145,240200-E24,OP,19,,,95,21,6,,2026-08-30 00:09:00.801160+00:00,2026-08-30 00:09:00.801169+00:00,2026-08-30 00:08:59.977962+00:00
1098,ALRP146,240197-E24,OP,19,,,95,21,6,,2026-08-30 00:09:00.813107+00:00,2026-08-30 00:09:00.813115+00:00,2026-08-30 00:08:59.977962+00:00
1089,ALRP147,241173F24,OP,19,,,95,21,6,,2026-08-30 00:09:00.806366+00:00,2026-08-30 00:09:00.806374+00:00,2026-08-30 00:08:59.977962+00:00
1091,ALRP148,243520g24,OP,19,,,95,21,6,,2026-08-30 00:09:00.807872+00:00,2026-08-30 00:09:00.807880+00:00,2026-08-30 00:08:59.977962+00:00
1090,ALRP149,227744I24,OP,19,,,95,21,6,,2026-08-30 00:09:00.807155+00:00,2026-08-30 00:09:00.807162+00:00,2026-08-30 00:08:59.977962+00:00
1104,ALRP154,243517-G24,OP,19,,,95,21,6,,2026-08-30 00:09:00.817576+00:00,2026-08-30 00:09:00.817584+00:00,2026-08-30 00:08:59.977962+00:00
1088,ALRP156,241172,OP,19,,,95,21,,,2026-08-30 00:09:00.805621+00:00,2026-08-30 00:09:00.805629+00:00,2026-08-30 00:08:59.977962+00:00
1102,ALRP157,200643-A23,OP,19,,,95,21,6,,2026-08-30 00:09:00.816095+00:00,2026-08-30 00:09:00.816103+00:00,2026-08-30 00:08:59.977962+00:00
1105,ALRP159,240203-E24,OP,19,,,95,21,6,,2026-08-30 00:09:00.818302+00:00,2026-08-30 00:09:00.818310+00:00,2026-08-30 00:08:59.977962+00:00
1099,ALRP160,200676-A23,OP,19,,,95,21,6,,2026-08-30 00:09:00.813863+00:00,2026-08-30 00:09:00.813871+00:00,2026-08-30 00:08:59.977962+00:00
1085,ALRP167,241163,OP,19,,,95,21,,,2026-08-30 00:09:00.803394+00:00,2026-08-30 00:09:00.803402+00:00,2026-08-30 00:08:59.977962+00:00
1101,ALRP168,241156-F24,OP,19,,,95,21,6,,2026-08-30 00:09:00.815346+00:00,2026-08-30 00:09:00.815355+00:00,2026-08-30 00:08:59.977962+00:00
1100,ALRP169,243516-G24,OP,19,,,95,21,6,,2026-08-30 00:09:00.814598+00:00,2026-08-30 00:09:00.814606+00:00,2026-08-30 00:08:59.977962+00:00
1106,AM30,WO1B00000781,OP,11,,,95,7,1.12,,2026-08-30 00:09:00.819026+00:00,2026-08-30 00:09:00.819034+00:00,2026-08-30 00:08:59.977962+00:00
651,AM31,W01B00001749,OP,11,,,95,7,1.12,,2026-08-30 00:09:00.481618+00:00,2026-08-30 00:09:00.481626+00:00,2026-08-30 00:08:59.977962+00:00
652,AM32,W01B00001747,OP,11,,,95,7,1.12,,2026-08-30 00:09:00.482375+00:00,2026-08-30 00:09:00.482383+00:00,2026-08-30 00:08:59.977962+00:00
653,AM33,WO1B00001748,OP,11,,,95,7,1.12,,2026-08-30 00:09:00.483095+00:00,2026-08-30 00:09:00.483103+00:00,2026-08-30 00:08:59.977962+00:00
654,AM34,W01B00001746,OP,11,,,95,7,1.12,,2026-08-30 00:09:00.483842+00:00,2026-08-30 00:09:00.483850+00:00,2026-08-30 00:08:59.977962+00:00
655,AM35,W01B00002609,OP,11,,,95,7,1.12,,2026-08-30 00:09:00.484577+00:00,2026-08-30 00:09:00.484585+00:00,2026-08-30 00:08:59.977962+00:00
656,AM36,W01B00002607,OP,11,,,95,7,1.12,,2026-08-30 00:09:00.485308+00:00,2026-08-30 00:09:00.485323+00:00,2026-08-30 00:08:59.977962+00:00
1086,AM37,W01B00002603,OP,11,,,95,7,1.12,,2026-08-30 00:09:00.804136+00:00,2026-08-30 00:09:00.804144+00:00,2026-08-30 00:08:59.977962+00:00
1107,AM38,WO1B00002606,OP,11,,,95,7,1.12,,2026-08-30 00:09:00.819772+00:00,2026-08-30 00:09:00.819780+00:00,2026-08-30 00:08:59.977962+00:00
657,AM39,W01B00002602,OP,11,,,95,7,1.12,,2026-08-30 00:09:00.486301+00:00,2026-08-30 00:09:00.486309+00:00,2026-08-30 00:08:59.977962+00:00
658,AM40,W01B00002480,OP,11,,,95,7,1.12,,2026-08-30 00:09:00.487090+00:00,2026-08-30 00:09:00.487098+00:00,2026-08-30 00:08:59.977962+00:00
659,AM41,W01B00002491,OP,11,,,95,7,1.12,HF SENSOR TRIAL SETUP,2026-08-30 00:09:00.487844+00:00,2026-08-30 00:09:00.487852+00:00,2026-08-30 00:08:59.977962+00:00
660,AM42,W01B00002499,OP,11,,,95,7,1.12,,2026-08-30 00:09:00.488600+00:00,2026-08-30 00:09:00.488608+00:00,2026-08-30 00:08:59.977962+00:00
661,AM43,W01B00002492,OP,11,,,95,7,1.12,,2026-08-30 00:09:00.489349+00:00,2026-08-30 00:09:00.489357+00:00,2026-08-30 00:08:59.977962+00:00
662,AM44,W01B00002481,OP,11,,,95,7,1.12,,2026-08-30 00:09:00.490092+00:00,2026-08-30 00:09:00.490100+00:00,2026-08-30 00:08:59.977962+00:00
663,AM45,W01B00002453,OP,11,,,95,7,1.12,,2026-08-30 00:09:00.490850+00:00,2026-08-30 00:09:00.490857+00:00,2026-08-30 00:08:59.977962+00:00
664,AM46,W01B00002479,OP,11,,,95,7,1.12,,2026-08-30 00:09:00.491630+00:00,2026-08-30 00:09:00.491638+00:00,2026-08-30 00:08:59.977962+00:00
665,AM47,W01B00002454,OP,11,,,95,7,1.12,,2026-08-30 00:09:00.492371+00:00,2026-08-30 00:09:00.492379+00:00,2026-08-30 00:08:59.977962+00:00
666,AM48,W01B00002490,OP,11,,,95,7,1.12,,2026-08-30 00:09:00.493094+00:00,2026-08-30 00:09:00.493102+00:00,2026-08-30 00:08:59.977962+00:00
667,AM49,W01B00002498,OP,11,,,95,7,1.12,,2026-08-30 00:09:00.493827+00:00,2026-08-30 00:09:00.493835+00:00,2026-08-30 00:08:59.977962+00:00
668,AM50,W01B00002478,OP,11,,,95,7,1.12,,2026-08-30 00:09:00.494577+00:00,2026-08-30 00:09:00.494585+00:00,2026-08-30 00:08:59.977962+00:00
669,AM51,W01B00002455,OP,11,,,95,7,1.12,,2026-08-30 00:09:00.495319+00:00,2026-08-30 00:09:00.495327+00:00,2026-08-30 00:08:59.977962+00:00
670,AM52,W01B00002493,OP,11,,,95,7,1.12,,2026-08-30 00:09:00.496074+00:00,2026-08-30 00:09:00.496082+00:00,2026-08-30 00:08:59.977962+00:00
671,AM53,W01B00002601,OP,11,,,95,7,1.12,,2026-08-30 00:09:00.496813+00:00,2026-08-30 00:09:00.496821+00:00,2026-08-30 00:08:59.977962+00:00
1108,AM54,WO1B00002605,OP,11,,,95,7,1.12,,2026-08-30 00:09:00.820514+00:00,2026-08-30 00:09:00.820521+00:00,2026-08-30 00:08:59.977962+00:00
673,AM55,W01B00002608,OP,11,,,95,7,1.12,,2026-08-30 00:09:00.498281+00:00,2026-08-30 00:09:00.498289+00:00,2026-08-30 00:08:59.977962+00:00
1084,AM56,W01B00002604,OP,11,,,95,7,1.12,,2026-08-30 00:09:00.802639+00:00,2026-08-30 00:09:00.802647+00:00,2026-08-30 00:08:59.977962+00:00
1109,AM62,WO1B00002497,OP,11,,,95,7,1.12,,2026-08-30 00:09:00.821258+00:00,2026-08-30 00:09:00.821266+00:00,2026-08-30 00:08:59.977962+00:00
674,AM63,W01B00002452,OP,11,,,95,7,1.12,,2026-08-30 00:09:00.498992+00:00,2026-08-30 00:09:00.499000+00:00,2026-08-30 00:08:59.977962+00:00
675,AM64,W01B00002500,OP,11,,,95,7,1.12,,2026-08-30 00:09:00.499735+00:00,2026-08-30 00:09:00.499743+00:00,2026-08-30 00:08:59.977962+00:00
676,AM65,W01B00002???,OP,11,,,68,7,,,2026-08-30 00:09:00.500482+00:00,2026-08-30 00:09:00.500490+00:00,2026-08-30 00:08:59.977962+00:00
837,CC001,T028001323,OP,18,,,18,14,,,2026-08-30 00:09:00.615089+00:00,2026-08-30 00:09:00.615097+00:00,2026-08-30 00:08:59.977962+00:00
838,CC002,T028001178,OP,18,,,28,14,,,2026-08-30 00:09:00.615804+00:00,2026-08-30 00:09:00.615811+00:00,2026-08-30 00:08:59.977962+00:00
839,CC003,T028001180,OP,18,,,19,14,,,2026-08-30 00:09:00.616474+00:00,2026-08-30 00:09:00.616481+00:00,2026-08-30 00:08:59.977962+00:00
840,CC004,T028001344,OP,18,,,24,14,,,2026-08-30 00:09:00.617311+00:00,2026-08-30 00:09:00.617318+00:00,2026-08-30 00:08:59.977962+00:00
841,CC005,T028001702,OP,18,,,25,14,,,2026-08-30 00:09:00.617891+00:00,2026-08-30 00:09:00.617898+00:00,2026-08-30 00:08:59.977962+00:00
842,CC006,T028001351,OP,18,,,26,14,,,2026-08-30 00:09:00.618562+00:00,2026-08-30 00:09:00.618588+00:00,2026-08-30 00:08:59.977962+00:00
843,CC007,T028001216,OP,18,,,21,14,,,2026-08-30 00:09:00.619308+00:00,2026-08-30 00:09:00.619315+00:00,2026-08-30 00:08:59.977962+00:00
844,CC008,T028001675,OP,18,,,20,14,,,2026-08-30 00:09:00.619966+00:00,2026-08-30 00:09:00.619973+00:00,2026-08-30 00:08:59.977962+00:00
845,CC009,T028002449,OP,18,,,75,14,,,2026-08-30 00:09:00.620779+00:00,2026-08-30 00:09:00.620788+00:00,2026-08-30 00:08:59.977962+00:00
846,CC010,T028001181,OP,18,,,76,14,,,2026-08-30 00:09:00.621513+00:00,2026-08-30 00:09:00.621520+00:00,2026-08-30 00:08:59.977962+00:00
936,CC0100,T028001674,OP,18,,,8,14,,,2026-08-30 00:09:00.690647+00:00,2026-08-30 00:09:00.690654+00:00,2026-08-30 00:08:59.977962+00:00
937,CC0101,T028001690,OP,18,,,10,14,,,2026-08-30 00:09:00.691469+00:00,2026-08-30 00:09:00.691476+00:00,2026-08-30 00:08:59.977962+00:00
938,CC0102,T028001314,OP,18,,,7,14,,,2026-08-30 00:09:00.692199+00:00,2026-08-30 00:09:00.692207+00:00,2026-08-30 00:08:59.977962+00:00
939,CC0103,T028001398,OP,18,,,11,14,,,2026-08-30 00:09:00.693032+00:00,2026-08-30 00:09:00.693039+00:00,2026-08-30 00:08:59.977962+00:00
940,CC0104,T028001394,OP,18,,,13,14,,,2026-08-30 00:09:00.693849+00:00,2026-08-30 00:09:00.693856+00:00,2026-08-30 00:08:59.977962+00:00
941,CC0105,T028001246,OP,18,,,14,14,,,2026-08-30 00:09:00.694776+00:00,2026-08-30 00:09:00.694789+00:00,2026-08-30 00:08:59.977962+00:00
942,CC0106,T028001227,OP,18,,,73,14,,,2026-08-30 00:09:00.695545+00:00,2026-08-30 00:09:00.695553+00:00,2026-08-30 00:08:59.977962+00:00
943,CC0107,T028002442,OP,18,,,74,14,,,2026-08-30 00:09:00.696322+00:00,2026-08-30 00:09:00.696330+00:00,2026-08-30 00:08:59.977962+00:00
944,CC0108,T028001324,OP,18,,,15,14,,,2026-08-30 00:09:00.697325+00:00,2026-08-30 00:09:00.697332+00:00,2026-08-30 00:08:59.977962+00:00
945,CC0109,T028001408,OP,18,,,43,14,,,2026-08-30 00:09:00.698103+00:00,2026-08-30 00:09:00.698111+00:00,2026-08-30 00:08:59.977962+00:00
847,CC011,T028002454,OP,18,,,77,14,,,2026-08-30 00:09:00.622237+00:00,2026-08-30 00:09:00.622244+00:00,2026-08-30 00:08:59.977962+00:00
946,CC0110,T028001304,OP,18,,,41,14,,,2026-08-30 00:09:00.698948+00:00,2026-08-30 00:09:00.698956+00:00,2026-08-30 00:08:59.977962+00:00
947,CC0111,T028001330,OP,18,,,38,14,,,2026-08-30 00:09:00.699650+00:00,2026-08-30 00:09:00.699658+00:00,2026-08-30 00:08:59.977962+00:00
948,CC0112,T028002443,OP,18,,,42,14,,,2026-08-30 00:09:00.700436+00:00,2026-08-30 00:09:00.700443+00:00,2026-08-30 00:08:59.977962+00:00
949,CC0113,T028001318,OP,18,,,36,14,,,2026-08-30 00:09:00.701158+00:00,2026-08-30 00:09:00.701166+00:00,2026-08-30 00:08:59.977962+00:00
950,CC0114,T028002652,OP,18,,,52,14,,,2026-08-30 00:09:00.701895+00:00,2026-08-30 00:09:00.701903+00:00,2026-08-30 00:08:59.977962+00:00
951,CC0115,T028002643,OP,18,,,53,14,,,2026-08-30 00:09:00.702576+00:00,2026-08-30 00:09:00.702584+00:00,2026-08-30 00:08:59.977962+00:00
952,CC0116,T028002458,OP,18,,,54,14,,,2026-08-30 00:09:00.703319+00:00,2026-08-30 00:09:00.703327+00:00,2026-08-30 00:08:59.977962+00:00
953,CC0117,T028001341,OP,18,,,39,14,,,2026-08-30 00:09:00.703940+00:00,2026-08-30 00:09:00.703948+00:00,2026-08-30 00:08:59.977962+00:00
954,CC0118,T028001186,OP,18,,,40,14,,,2026-08-30 00:09:00.704783+00:00,2026-08-30 00:09:00.704795+00:00,2026-08-30 00:08:59.977962+00:00
955,CC0119,T028001392,OP,18,,,46,14,,,2026-08-30 00:09:00.705538+00:00,2026-08-30 00:09:00.705546+00:00,2026-08-30 00:08:59.977962+00:00
848,CC012,T028001233,OP,18,,,6,14,,,2026-08-30 00:09:00.623028+00:00,2026-08-30 00:09:00.623036+00:00,2026-08-30 00:08:59.977962+00:00
956,CC0120,T028001359,OP,18,,,37,14,,,2026-08-30 00:09:00.706238+00:00,2026-08-30 00:09:00.706246+00:00,2026-08-30 00:08:59.977962+00:00
957,CC0121,T028001243,OP,18,,,47,14,,,2026-08-30 00:09:00.707031+00:00,2026-08-30 00:09:00.707038+00:00,2026-08-30 00:08:59.977962+00:00
958,CC0122,T028001177,OP,18,,,44,14,,,2026-08-30 00:09:00.707752+00:00,2026-08-30 00:09:00.707759+00:00,2026-08-30 00:08:59.977962+00:00
959,CC0123,T028002649,OP,18,,,49,14,,,2026-08-30 00:09:00.708425+00:00,2026-08-30 00:09:00.708431+00:00,2026-08-30 00:08:59.977962+00:00
960,CC0124,T028002629,OP,18,,,48,14,,,2026-08-30 00:09:00.709145+00:00,2026-08-30 00:09:00.709153+00:00,2026-08-30 00:08:59.977962+00:00
961,CC0125,T028002657,OP,18,,,51,14,,,2026-08-30 00:09:00.709883+00:00,2026-08-30 00:09:00.709891+00:00,2026-08-30 00:08:59.977962+00:00
962,CC0126,T028002628,OP,18,,,50,14,,,2026-08-30 00:09:00.710823+00:00,2026-08-30 00:09:00.710833+00:00,2026-08-30 00:08:59.977962+00:00
963,CC0127,T028001389,OP,18,,,29,14,,,2026-08-30 00:09:00.711540+00:00,2026-08-30 00:09:00.711548+00:00,2026-08-30 00:08:59.977962+00:00
964,CC0128,T028001249,OP,18,,,27,14,,,2026-08-30 00:09:00.712211+00:00,2026-08-30 00:09:00.712218+00:00,2026-08-30 00:08:59.977962+00:00
965,CC0129,T028001307,OP,18,,,23,14,,,2026-08-30 00:09:00.712953+00:00,2026-08-30 00:09:00.712960+00:00,2026-08-30 00:08:59.977962+00:00
849,CC013,T028001698,OP,18,,,5,14,,,2026-08-30 00:09:00.623708+00:00,2026-08-30 00:09:00.623716+00:00,2026-08-30 00:08:59.977962+00:00
966,CC0130,T028001230,OP,18,,,32,14,,,2026-08-30 00:09:00.713625+00:00,2026-08-30 00:09:00.713632+00:00,2026-08-30 00:08:59.977962+00:00
967,CC0131,T028001386,OP,18,,,31,14,,,2026-08-30 00:09:00.714343+00:00,2026-08-30 00:09:00.714350+00:00,2026-08-30 00:08:59.977962+00:00
968,CC0132,T028001208,OP,18,,,30,14,,,2026-08-30 00:09:00.715052+00:00,2026-08-30 00:09:00.715060+00:00,2026-08-30 00:08:59.977962+00:00
969,CC0133,T028001190,OP,18,,,22,14,,,2026-08-30 00:09:00.715770+00:00,2026-08-30 00:09:00.715777+00:00,2026-08-30 00:08:59.977962+00:00
970,CC0134,T028002646,OP,18,,,78,14,,,2026-08-30 00:09:00.716433+00:00,2026-08-30 00:09:00.716441+00:00,2026-08-30 00:08:59.977962+00:00
971,CC0135,T028001086,OP,18,,,81,14,,,2026-08-30 00:09:00.717121+00:00,2026-08-30 00:09:00.717128+00:00,2026-08-30 00:08:59.977962+00:00
972,CC0136,T028001182,OP,18,,,82,14,,,2026-08-30 00:09:00.717861+00:00,2026-08-30 00:09:00.717869+00:00,2026-08-30 00:08:59.977962+00:00
973,CC0137,T028001244,OP,18,,,9,14,,,2026-08-30 00:09:00.718569+00:00,2026-08-30 00:09:00.718595+00:00,2026-08-30 00:08:59.977962+00:00
974,CC0138,T028001237,OP,18,,,9,14,,,2026-08-30 00:09:00.719401+00:00,2026-08-30 00:09:00.719412+00:00,2026-08-30 00:08:59.977962+00:00
975,CC0139,T028001224,OP,18,,,12,14,,,2026-08-30 00:09:00.720222+00:00,2026-08-30 00:09:00.720235+00:00,2026-08-30 00:08:59.977962+00:00
850,CC014,T028001335,OP,18,,,8,14,,,2026-08-30 00:09:00.624381+00:00,2026-08-30 00:09:00.624388+00:00,2026-08-30 00:08:59.977962+00:00
976,CC0140,T028001328,OP,18,,,4,14,,,2026-08-30 00:09:00.721012+00:00,2026-08-30 00:09:00.721028+00:00,2026-08-30 00:08:59.977962+00:00
977,CC0141,T028001396,OP,18,,,3,14,,,2026-08-30 00:09:00.721843+00:00,2026-08-30 00:09:00.721851+00:00,2026-08-30 00:08:59.977962+00:00
978,CC0142,T028001085,OP,18,,,17,14,,,2026-08-30 00:09:00.722829+00:00,2026-08-30 00:09:00.722837+00:00,2026-08-30 00:08:59.977962+00:00
979,CC0143,T028001416,OP,18,,,2,14,,,2026-08-30 00:09:00.723537+00:00,2026-08-30 00:09:00.723545+00:00,2026-08-30 00:08:59.977962+00:00
980,CC0144,T028001176,OP,18,,,45,14,,,2026-08-30 00:09:00.724231+00:00,2026-08-30 00:09:00.724239+00:00,2026-08-30 00:08:59.977962+00:00
981,CC0145,T028002456,OP,18,,,1,14,,,2026-08-30 00:09:00.724947+00:00,2026-08-30 00:09:00.724955+00:00,2026-08-30 00:08:59.977962+00:00
982,CC0146,T028001417,OP,18,,,34,14,,,2026-08-30 00:09:00.725662+00:00,2026-08-30 00:09:00.725701+00:00,2026-08-30 00:08:59.977962+00:00
983,CC0147,T028002445,OP,18,,,35,14,,,2026-08-30 00:09:00.726445+00:00,2026-08-30 00:09:00.726452+00:00,2026-08-30 00:08:59.977962+00:00
984,CC0148,T028001253,OP,18,,,33,14,,,2026-08-30 00:09:00.727156+00:00,2026-08-30 00:09:00.727163+00:00,2026-08-30 00:08:59.977962+00:00
985,CC0149,T028001185,OP,18,,,70,14,,,2026-08-30 00:09:00.727986+00:00,2026-08-30 00:09:00.727993+00:00,2026-08-30 00:08:59.977962+00:00
851,CC015,T028001405,OP,18,,,10,14,,,2026-08-30 00:09:00.625173+00:00,2026-08-30 00:09:00.625181+00:00,2026-08-30 00:08:59.977962+00:00
986,CC0150,T028001312,OP,18,,,71,14,,,2026-08-30 00:09:00.728848+00:00,2026-08-30 00:09:00.728856+00:00,2026-08-30 00:08:59.977962+00:00
987,CC0151,T028001303,OP,18,,,72,14,,,2026-08-30 00:09:00.729538+00:00,2026-08-30 00:09:00.729546+00:00,2026-08-30 00:08:59.977962+00:00
988,CC0152,T028002675,OP,18,,,69,14,,,2026-08-30 00:09:00.730256+00:00,2026-08-30 00:09:00.730264+00:00,2026-08-30 00:08:59.977962+00:00
989,CC0153,T028002645,OP,18,,,68,14,,,2026-08-30 00:09:00.731014+00:00,2026-08-30 00:09:00.731022+00:00,2026-08-30 00:08:59.977962+00:00
990,CC0154,T028002660,OP,18,,,67,14,,,2026-08-30 00:09:00.731771+00:00,2026-08-30 00:09:00.731779+00:00,2026-08-30 00:08:59.977962+00:00
991,CC0155,T028002681,OP,18,,,60,14,,,2026-08-30 00:09:00.732473+00:00,2026-08-30 00:09:00.732481+00:00,2026-08-30 00:08:59.977962+00:00
992,CC0156,T028002602,OP,18,,,58,14,,,2026-08-30 00:09:00.733159+00:00,2026-08-30 00:09:00.733167+00:00,2026-08-30 00:08:59.977962+00:00
993,CC0157,T028001400,OP,18,,,57,14,,,2026-08-30 00:09:00.733895+00:00,2026-08-30 00:09:00.733903+00:00,2026-08-30 00:08:59.977962+00:00
994,CC0158,T028002688,OP,18,,,56,14,,,2026-08-30 00:09:00.734640+00:00,2026-08-30 00:09:00.734656+00:00,2026-08-30 00:08:59.977962+00:00
995,CC0159,T028002691,OP,18,,,55,14,,,2026-08-30 00:09:00.735407+00:00,2026-08-30 00:09:00.735415+00:00,2026-08-30 00:08:59.977962+00:00
852,CC016,T028001255,OP,18,,,7,14,,,2026-08-30 00:09:00.625852+00:00,2026-08-30 00:09:00.625859+00:00,2026-08-30 00:08:59.977962+00:00
996,CC0160,T028002672,OP,18,,,64,14,,,2026-08-30 00:09:00.736145+00:00,2026-08-30 00:09:00.736152+00:00,2026-08-30 00:08:59.977962+00:00
997,CC0161,T028002682,OP,18,,,63,14,,,2026-08-30 00:09:00.736935+00:00,2026-08-30 00:09:00.736943+00:00,2026-08-30 00:08:59.977962+00:00
998,CC0162,T028002671,OP,18,,,61,14,,,2026-08-30 00:09:00.737637+00:00,2026-08-30 00:09:00.737644+00:00,2026-08-30 00:08:59.977962+00:00
999,CC0163,T028002640,OP,18,,,66,14,,,2026-08-30 00:09:00.738396+00:00,2026-08-30 00:09:00.738403+00:00,2026-08-30 00:08:59.977962+00:00
1000,CC0164,XXX-00064,OP,18,,,65,14,,,2026-08-30 00:09:00.739068+00:00,2026-08-30 00:09:00.739076+00:00,2026-08-30 00:08:59.977962+00:00
1001,CC0165,T028002669,OP,18,,,62,14,,,2026-08-30 00:09:00.739819+00:00,2026-08-30 00:09:00.739827+00:00,2026-08-30 00:08:59.977962+00:00
1002,CC0166,T028002462,OP,18,,,79,14,,,2026-08-30 00:09:00.740523+00:00,2026-08-30 00:09:00.740531+00:00,2026-08-30 00:08:59.977962+00:00
1003,CC0167,T028002636,OP,18,,,83,14,,,2026-08-30 00:09:00.741322+00:00,2026-08-30 00:09:00.741334+00:00,2026-08-30 00:08:59.977962+00:00
1004,CC0168,T028002625,OP,18,,,84,14,,,2026-08-30 00:09:00.742160+00:00,2026-08-30 00:09:00.742172+00:00,2026-08-30 00:08:59.977962+00:00
1005,CC0169,T028002661,OP,18,,,85,14,,,2026-08-30 00:09:00.743014+00:00,2026-08-30 00:09:00.743023+00:00,2026-08-30 00:08:59.977962+00:00
853,CC017,T028001687,OP,18,,,11,14,,,2026-08-30 00:09:00.626523+00:00,2026-08-30 00:09:00.626530+00:00,2026-08-30 00:08:59.977962+00:00
1006,CC0170,T028002594,OP,18,,,86,14,,,2026-08-30 00:09:00.744049+00:00,2026-08-30 00:09:00.744062+00:00,2026-08-30 00:08:59.977962+00:00
1007,CC0171,T028001262,OP,18,,,87,14,,,2026-08-30 00:09:00.744988+00:00,2026-08-30 00:09:00.744996+00:00,2026-08-30 00:08:59.977962+00:00
1008,CC0172,T028001346,OP,18,,,97,14,,,2026-08-30 00:09:00.745784+00:00,2026-08-30 00:09:00.745792+00:00,2026-08-30 00:08:59.977962+00:00
1009,CC0173,T028001315,OP,18,,,19,14,,,2026-08-30 00:09:00.746504+00:00,2026-08-30 00:09:00.746511+00:00,2026-08-30 00:08:59.977962+00:00
1010,CC0174,T028001397,OP,18,,,24,14,,,2026-08-30 00:09:00.747214+00:00,2026-08-30 00:09:00.747221+00:00,2026-08-30 00:08:59.977962+00:00
1011,CC0175,T028001261,OP,18,,,25,14,,,2026-08-30 00:09:00.747942+00:00,2026-08-30 00:09:00.747949+00:00,2026-08-30 00:08:59.977962+00:00
1012,CC0176,T028001694,OP,18,,,20,14,,,2026-08-30 00:09:00.748725+00:00,2026-08-30 00:09:00.748734+00:00,2026-08-30 00:08:59.977962+00:00
1013,CC0177,T028001682,OP,18,,,8,14,,,2026-08-30 00:09:00.749532+00:00,2026-08-30 00:09:00.749540+00:00,2026-08-30 00:08:59.977962+00:00
1014,CC0178,T028001705,OP,18,,,7,14,,,2026-08-30 00:09:00.750364+00:00,2026-08-30 00:09:00.750373+00:00,2026-08-30 00:08:59.977962+00:00
1015,CC0179,T028001322,OP,18,,,13,14,,,2026-08-30 00:09:00.751125+00:00,2026-08-30 00:09:00.751134+00:00,2026-08-30 00:08:59.977962+00:00
854,CC018,T028001299,OP,18,,,13,14,,,2026-08-30 00:09:00.627545+00:00,2026-08-30 00:09:00.627553+00:00,2026-08-30 00:08:59.977962+00:00
1016,CC0180,T028001226,OP,18,,,38,14,,,2026-08-30 00:09:00.751891+00:00,2026-08-30 00:09:00.751899+00:00,2026-08-30 00:08:59.977962+00:00
1017,CC0181,T028002447,OP,18,,,54,14,,,2026-08-30 00:09:00.752632+00:00,2026-08-30 00:09:00.752647+00:00,2026-08-30 00:08:59.977962+00:00
1018,CC0182,T028001203,OP,18,,,40,14,,,2026-08-30 00:09:00.753474+00:00,2026-08-30 00:09:00.753482+00:00,2026-08-30 00:08:59.977962+00:00
1019,CC0183,T028001345,OP,18,,,46,14,,,2026-08-30 00:09:00.754188+00:00,2026-08-30 00:09:00.754196+00:00,2026-08-30 00:08:59.977962+00:00
1020,CC0184,T028002654,OP,18,,,51,14,,,2026-08-30 00:09:00.754968+00:00,2026-08-30 00:09:00.754976+00:00,2026-08-30 00:08:59.977962+00:00
1021,CC0185,T028001234,OP,18,,,29,14,,,2026-08-30 00:09:00.755715+00:00,2026-08-30 00:09:00.755723+00:00,2026-08-30 00:08:59.977962+00:00
1022,CC0186,T028001347,OP,18,,,23,14,,,2026-08-30 00:09:00.756438+00:00,2026-08-30 00:09:00.756446+00:00,2026-08-30 00:08:59.977962+00:00
1023,CC0187,T028001206,OP,18,,,32,14,,,2026-08-30 00:09:00.757145+00:00,2026-08-30 00:09:00.757153+00:00,2026-08-30 00:08:59.977962+00:00
1024,CC0188,T028001245,OP,18,,,9,14,,,2026-08-30 00:09:00.757886+00:00,2026-08-30 00:09:00.757894+00:00,2026-08-30 00:08:59.977962+00:00
1025,CC0189,T028001200,OP,18,,,3,14,,,2026-08-30 00:09:00.758705+00:00,2026-08-30 00:09:00.758719+00:00,2026-08-30 00:08:59.977962+00:00
855,CC019,T028001316,OP,18,,,14,14,,,2026-08-30 00:09:00.628257+00:00,2026-08-30 00:09:00.628265+00:00,2026-08-30 00:08:59.977962+00:00
1026,CC0190,T028001215,OP,18,,,2,14,,,2026-08-30 00:09:00.759498+00:00,2026-08-30 00:09:00.759506+00:00,2026-08-30 00:08:59.977962+00:00
1027,CC0191,T028001327,OP,18,,,1,14,,,2026-08-30 00:09:00.760247+00:00,2026-08-30 00:09:00.760255+00:00,2026-08-30 00:08:59.977962+00:00
1028,CC0192,T028001414,OP,18,,,34,14,,,2026-08-30 00:09:00.761024+00:00,2026-08-30 00:09:00.761033+00:00,2026-08-30 00:08:59.977962+00:00
1029,CC0193,T028001337,OP,18,,,33,14,,,2026-08-30 00:09:00.761788+00:00,2026-08-30 00:09:00.761796+00:00,2026-08-30 00:08:59.977962+00:00
1030,CC0194,T028001235,OP,18,,,70,14,,,2026-08-30 00:09:00.762523+00:00,2026-08-30 00:09:00.762530+00:00,2026-08-30 00:08:59.977962+00:00
1031,CC0195,T028001395,OP,18,,,71,14,,,2026-08-30 00:09:00.763287+00:00,2026-08-30 00:09:00.763295+00:00,2026-08-30 00:08:59.977962+00:00
1032,CC0196,T028002599,OP,18,,,69,14,,,2026-08-30 00:09:00.763957+00:00,2026-08-30 00:09:00.763964+00:00,2026-08-30 00:08:59.977962+00:00
1033,CC0197,T028002686,OP,18,,,68,14,,,2026-08-30 00:09:00.764658+00:00,2026-08-30 00:09:00.764673+00:00,2026-08-30 00:08:59.977962+00:00
1034,CC0198,T028001339,OP,18,,,57,14,,,2026-08-30 00:09:00.765393+00:00,2026-08-30 00:09:00.765401+00:00,2026-08-30 00:08:59.977962+00:00
1035,CC0199,T028002641,OP,18,,,56,14,,,2026-08-30 00:09:00.766132+00:00,2026-08-30 00:09:00.766141+00:00,2026-08-30 00:08:59.977962+00:00
856,CC020,T028001196,OP,18,,,73,14,,,2026-08-30 00:09:00.629108+00:00,2026-08-30 00:09:00.629116+00:00,2026-08-30 00:08:59.977962+00:00
1036,CC0200,T028002651,OP,18,,,55,14,,,2026-08-30 00:09:00.766878+00:00,2026-08-30 00:09:00.766886+00:00,2026-08-30 00:08:59.977962+00:00
1037,CC0201,T028002639,OP,18,,,63,14,,,2026-08-30 00:09:00.767493+00:00,2026-08-30 00:09:00.767501+00:00,2026-08-30 00:08:59.977962+00:00
1038,CC0202,T028002673,OP,18,,,61,14,,,2026-08-30 00:09:00.768193+00:00,2026-08-30 00:09:00.768201+00:00,2026-08-30 00:08:59.977962+00:00
1039,CC0203,T028002627,OP,18,,,66,14,,,2026-08-30 00:09:00.768913+00:00,2026-08-30 00:09:00.768921+00:00,2026-08-30 00:08:59.977962+00:00
1040,CC0204,T028002438,OP,18,,,65,14,,,2026-08-30 00:09:00.769644+00:00,2026-08-30 00:09:00.769652+00:00,2026-08-30 00:08:59.977962+00:00
1041,CC0205,T028002674,OP,18,,,62,14,,,2026-08-30 00:09:00.770384+00:00,2026-08-30 00:09:00.770393+00:00,2026-08-30 00:08:59.977962+00:00
1042,CC0206,T028002460,OP,18,,,79,14,,,2026-08-30 00:09:00.771124+00:00,2026-08-30 00:09:00.771132+00:00,2026-08-30 00:08:59.977962+00:00
1043,CC0207,T028002689,OP,18,,,83,14,,,2026-08-30 00:09:00.771873+00:00,2026-08-30 00:09:00.771881+00:00,2026-08-30 00:08:59.977962+00:00
1044,CC0208,T028001241,OP,18,,,19,14,,,2026-08-30 00:09:00.772604+00:00,2026-08-30 00:09:00.772612+00:00,2026-08-30 00:08:59.977962+00:00
1045,CC0209,T028001320,OP,18,,,24,14,,,2026-08-30 00:09:00.773365+00:00,2026-08-30 00:09:00.773373+00:00,2026-08-30 00:08:59.977962+00:00
857,CC021,T028001212,OP,18,,,74,14,,,2026-08-30 00:09:00.629862+00:00,2026-08-30 00:09:00.629870+00:00,2026-08-30 00:08:59.977962+00:00
1046,CC0210,T028001385,OP,18,,,25,14,,,2026-08-30 00:09:00.774108+00:00,2026-08-30 00:09:00.774117+00:00,2026-08-30 00:08:59.977962+00:00
1047,CC0211,T028001213,OP,18,,,20,14,,,2026-08-30 00:09:00.774854+00:00,2026-08-30 00:09:00.774862+00:00,2026-08-30 00:08:59.977962+00:00
1048,CC0212,T028001678,OP,18,,,8,14,,,2026-08-30 00:09:00.775588+00:00,2026-08-30 00:09:00.775596+00:00,2026-08-30 00:08:59.977962+00:00
1049,CC0213,T028001354,OP,18,,,7,14,,,2026-08-30 00:09:00.776359+00:00,2026-08-30 00:09:00.776367+00:00,2026-08-30 00:08:59.977962+00:00
1050,CC0214,T028001242,OP,18,,,13,14,,,2026-08-30 00:09:00.777114+00:00,2026-08-30 00:09:00.777122+00:00,2026-08-30 00:08:59.977962+00:00
1051,CC0215,T028001326,OP,18,,,38,14,,,2026-08-30 00:09:00.777822+00:00,2026-08-30 00:09:00.777830+00:00,2026-08-30 00:08:59.977962+00:00
1052,CC0216,T028001251,OP,18,,,54,14,,,2026-08-30 00:09:00.778565+00:00,2026-08-30 00:09:00.778573+00:00,2026-08-30 00:08:59.977962+00:00
1053,CC0217,T028001222,OP,18,,,40,14,,,2026-08-30 00:09:00.779318+00:00,2026-08-30 00:09:00.779326+00:00,2026-08-30 00:08:59.977962+00:00
1054,CC0218,T028001297,OP,18,,,46,14,,,2026-08-30 00:09:00.780063+00:00,2026-08-30 00:09:00.780072+00:00,2026-08-30 00:08:59.977962+00:00
1055,CC0219,T028002600,OP,18,,,51,14,,,2026-08-30 00:09:00.780801+00:00,2026-08-30 00:09:00.780809+00:00,2026-08-30 00:08:59.977962+00:00
858,CC022,T028001357,OP,18,,,15,14,,,2026-08-30 00:09:00.630570+00:00,2026-08-30 00:09:00.630597+00:00,2026-08-30 00:08:59.977962+00:00
1056,CC0220,T028001342,OP,18,,,29,14,,,2026-08-30 00:09:00.781538+00:00,2026-08-30 00:09:00.781546+00:00,2026-08-30 00:08:59.977962+00:00
1057,CC0221,T028001329,OP,18,,,23,14,,,2026-08-30 00:09:00.782285+00:00,2026-08-30 00:09:00.782293+00:00,2026-08-30 00:08:59.977962+00:00
1058,CC0222,T028001308,OP,18,,,32,14,,,2026-08-30 00:09:00.783051+00:00,2026-08-30 00:09:00.783059+00:00,2026-08-30 00:08:59.977962+00:00
1059,CC0223,T028001195,OP,18,,,9,14,,,2026-08-30 00:09:00.783798+00:00,2026-08-30 00:09:00.783806+00:00,2026-08-30 00:08:59.977962+00:00
1060,CC0224,T028001406,OP,18,,,3,14,,,2026-08-30 00:09:00.784541+00:00,2026-08-30 00:09:00.784549+00:00,2026-08-30 00:08:59.977962+00:00
1061,CC0225,T028001197,OP,18,,,2,14,,,2026-08-30 00:09:00.785289+00:00,2026-08-30 00:09:00.785297+00:00,2026-08-30 00:08:59.977962+00:00
1062,CC0226,T028001383,OP,18,,,1,14,,,2026-08-30 00:09:00.785973+00:00,2026-08-30 00:09:00.785981+00:00,2026-08-30 00:08:59.977962+00:00
1063,CC0227,T028001298,OP,18,,,34,14,,,2026-08-30 00:09:00.786724+00:00,2026-08-30 00:09:00.786732+00:00,2026-08-30 00:08:59.977962+00:00
1064,CC0228,T028002451,OP,18,,,33,14,,,2026-08-30 00:09:00.787461+00:00,2026-08-30 00:09:00.787469+00:00,2026-08-30 00:08:59.977962+00:00
1065,CC0229,T028001248,OP,18,,,70,14,,,2026-08-30 00:09:00.788166+00:00,2026-08-30 00:09:00.788174+00:00,2026-08-30 00:08:59.977962+00:00
859,CC023,T028001194,OP,18,,,43,14,,,2026-08-30 00:09:00.631368+00:00,2026-08-30 00:09:00.631376+00:00,2026-08-30 00:08:59.977962+00:00
1066,CC0230,T028001205,OP,18,,,71,14,,,2026-08-30 00:09:00.788894+00:00,2026-08-30 00:09:00.788902+00:00,2026-08-30 00:08:59.977962+00:00
1067,CC0231,T028002603,OP,18,,,69,14,,,2026-08-30 00:09:00.789633+00:00,2026-08-30 00:09:00.789641+00:00,2026-08-30 00:08:59.977962+00:00
1068,CC0232,T028002604,OP,18,,,68,14,,,2026-08-30 00:09:00.790377+00:00,2026-08-30 00:09:00.790385+00:00,2026-08-30 00:08:59.977962+00:00
1069,CC0233,T028001305,OP,18,,,57,14,,,2026-08-30 00:09:00.791118+00:00,2026-08-30 00:09:00.791126+00:00,2026-08-30 00:08:59.977962+00:00
1070,CC0234,T028002690,OP,18,,,56,14,,,2026-08-30 00:09:00.791867+00:00,2026-08-30 00:09:00.791875+00:00,2026-08-30 00:08:59.977962+00:00
1071,CC0235,T028002630,OP,18,,,55,14,,,2026-08-30 00:09:00.792625+00:00,2026-08-30 00:09:00.792633+00:00,2026-08-30 00:08:59.977962+00:00
1072,CC0236,T028002638,OP,18,,,63,14,,,2026-08-30 00:09:00.793368+00:00,2026-08-30 00:09:00.793376+00:00,2026-08-30 00:08:59.977962+00:00
1073,CC0237,T028002622,OP,18,,,61,14,,,2026-08-30 00:09:00.794116+00:00,2026-08-30 00:09:00.794124+00:00,2026-08-30 00:08:59.977962+00:00
1074,CC0238,T028002667,OP,18,,,66,14,,,2026-08-30 00:09:00.795064+00:00,2026-08-30 00:09:00.795072+00:00,2026-08-30 00:08:59.977962+00:00
1075,CC0239,XXX-00065,OP,18,,,65,14,,,2026-08-30 00:09:00.795803+00:00,2026-08-30 00:09:00.795811+00:00,2026-08-30 00:08:59.977962+00:00
860,CC024,T028001240,OP,18,,,41,14,,,2026-08-30 00:09:00.632117+00:00,2026-08-30 00:09:00.632125+00:00,2026-08-30 00:08:59.977962+00:00
1076,CC0240,T028002633,OP,18,,,62,14,,,2026-08-30 00:09:00.796556+00:00,2026-08-30 00:09:00.796564+00:00,2026-08-30 00:08:59.977962+00:00
1077,CC0241,T028001352,OP,18,,,79,14,,,2026-08-30 00:09:00.797255+00:00,2026-08-30 00:09:00.797263+00:00,2026-08-30 00:08:59.977962+00:00
1078,CC0242,T028002634,OP,18,,,83,14,,,2026-08-30 00:09:00.798141+00:00,2026-08-30 00:09:00.798149+00:00,2026-08-30 00:08:59.977962+00:00
861,CC025,T028001250,OP,18,,,38,14,,,2026-08-30 00:09:00.632960+00:00,2026-08-30 00:09:00.632968+00:00,2026-08-30 00:08:59.977962+00:00
862,CC026,T028001319,OP,18,,,42,14,,,2026-08-30 00:09:00.633672+00:00,2026-08-30 00:09:00.633680+00:00,2026-08-30 00:08:59.977962+00:00
863,CC027,T028002441,OP,18,,,36,14,,,2026-08-30 00:09:00.634369+00:00,2026-08-30 00:09:00.634377+00:00,2026-08-30 00:08:59.977962+00:00
864,CC028,T028002668,OP,18,,,52,14,,,2026-08-30 00:09:00.635146+00:00,2026-08-30 00:09:00.635154+00:00,2026-08-30 00:08:59.977962+00:00
865,CC029,T028002658,OP,18,,,53,14,,,2026-08-30 00:09:00.636009+00:00,2026-08-30 00:09:00.636017+00:00,2026-08-30 00:08:59.977962+00:00
866,CC030,XXX-00062,OP,18,,,54,14,,,2026-08-30 00:09:00.636903+00:00,2026-08-30 00:09:00.636911+00:00,2026-08-30 00:08:59.977962+00:00
867,CC031,T028001388,OP,18,,,39,14,,,2026-08-30 00:09:00.637624+00:00,2026-08-30 00:09:00.637631+00:00,2026-08-30 00:08:59.977962+00:00
868,CC032,T028001252,OP,18,,,40,14,,,2026-08-30 00:09:00.638399+00:00,2026-08-30 00:09:00.638407+00:00,2026-08-30 00:08:59.977962+00:00
869,CC033,T028001184,OP,18,,,46,14,,,2026-08-30 00:09:00.639144+00:00,2026-08-30 00:09:00.639151+00:00,2026-08-30 00:08:59.977962+00:00
870,CC034,T028001257,OP,18,,,37,14,,,2026-08-30 00:09:00.639925+00:00,2026-08-30 00:09:00.639933+00:00,2026-08-30 00:08:59.977962+00:00
871,CC035,T028001407,OP,18,,,47,14,,,2026-08-30 00:09:00.640729+00:00,2026-08-30 00:09:00.640737+00:00,2026-08-30 00:08:59.977962+00:00
872,CC036,T028001211,OP,18,,,44,14,,,2026-08-30 00:09:00.641461+00:00,2026-08-30 00:09:00.641469+00:00,2026-08-30 00:08:59.977962+00:00
873,CC037,T028002666,OP,18,,,49,14,,,2026-08-30 00:09:00.642227+00:00,2026-08-30 00:09:00.642235+00:00,2026-08-30 00:08:59.977962+00:00
874,CC038,T028002644,OP,18,,,48,14,,,2026-08-30 00:09:00.643031+00:00,2026-08-30 00:09:00.643038+00:00,2026-08-30 00:08:59.977962+00:00
875,CC039,T028002656,OP,18,,,51,14,,,2026-08-30 00:09:00.643800+00:00,2026-08-30 00:09:00.643811+00:00,2026-08-30 00:08:59.977962+00:00
876,CC040,T028002685,OP,18,,,50,14,,,2026-08-30 00:09:00.644828+00:00,2026-08-30 00:09:00.644836+00:00,2026-08-30 00:08:59.977962+00:00
877,CC041,T028001703,OP,18,,,29,14,,,2026-08-30 00:09:00.645497+00:00,2026-08-30 00:09:00.645505+00:00,2026-08-30 00:08:59.977962+00:00
878,CC042,T028001358,OP,18,,,27,14,,,2026-08-30 00:09:00.646188+00:00,2026-08-30 00:09:00.646195+00:00,2026-08-30 00:08:59.977962+00:00
879,CC043,T028001340,OP,18,,,23,14,,,2026-08-30 00:09:00.646979+00:00,2026-08-30 00:09:00.646986+00:00,2026-08-30 00:08:59.977962+00:00
880,CC044,T028001231,OP,18,,,32,14,,,2026-08-30 00:09:00.647749+00:00,2026-08-30 00:09:00.647757+00:00,2026-08-30 00:08:59.977962+00:00
881,CC045,T028001683,OP,18,,,31,14,,,2026-08-30 00:09:00.648453+00:00,2026-08-30 00:09:00.648460+00:00,2026-08-30 00:08:59.977962+00:00
882,CC046,T028001202,OP,18,,,30,14,,,2026-08-30 00:09:00.649201+00:00,2026-08-30 00:09:00.649209+00:00,2026-08-30 00:08:59.977962+00:00
883,CC047,T028001343,OP,18,,,22,14,,,2026-08-30 00:09:00.649905+00:00,2026-08-30 00:09:00.649913+00:00,2026-08-30 00:08:59.977962+00:00
884,CC048,T028002683,OP,18,,,78,14,,,2026-08-30 00:09:00.650661+00:00,2026-08-30 00:09:00.650675+00:00,2026-08-30 00:08:59.977962+00:00
885,CC049,T028001087,OP,18,,,81,14,,,2026-08-30 00:09:00.651424+00:00,2026-08-30 00:09:00.651431+00:00,2026-08-30 00:08:59.977962+00:00
886,CC050,T028002677,OP,18,,,82,14,,,2026-08-30 00:09:00.652113+00:00,2026-08-30 00:09:00.652120+00:00,2026-08-30 00:08:59.977962+00:00
887,CC051,T028001321,OP,18,,,9,14,,,2026-08-30 00:09:00.652956+00:00,2026-08-30 00:09:00.652964+00:00,2026-08-30 00:08:59.977962+00:00
888,CC052,T028001387,OP,18,,,9,14,,,2026-08-30 00:09:00.653675+00:00,2026-08-30 00:09:00.653705+00:00,2026-08-30 00:08:59.977962+00:00
889,CC053,T028001258,OP,18,,,12,14,,,2026-08-30 00:09:00.654417+00:00,2026-08-30 00:09:00.654425+00:00,2026-08-30 00:08:59.977962+00:00
890,CC054,T028001313,OP,18,,,4,14,,,2026-08-30 00:09:00.655150+00:00,2026-08-30 00:09:00.655157+00:00,2026-08-30 00:08:59.977962+00:00
891,CC055,T028001254,OP,18,,,3,14,,,2026-08-30 00:09:00.655894+00:00,2026-08-30 00:09:00.655902+00:00,2026-08-30 00:08:59.977962+00:00
892,CC056,T028001083,OP,18,,,17,14,,,2026-08-30 00:09:00.656653+00:00,2026-08-30 00:09:00.656661+00:00,2026-08-30 00:08:59.977962+00:00
893,CC057,T028001410,OP,18,,,2,14,,,2026-08-30 00:09:00.657442+00:00,2026-08-30 00:09:00.657450+00:00,2026-08-30 00:08:59.977962+00:00
894,CC058,T028001325,OP,18,,,45,14,,,2026-08-30 00:09:00.658173+00:00,2026-08-30 00:09:00.658181+00:00,2026-08-30 00:08:59.977962+00:00
895,CC059,T028002457,OP,18,,,1,14,,,2026-08-30 00:09:00.658974+00:00,2026-08-30 00:09:00.658982+00:00,2026-08-30 00:08:59.977962+00:00
896,CC060,T028001338,OP,18,,,34,14,,,2026-08-30 00:09:00.659690+00:00,2026-08-30 00:09:00.659725+00:00,2026-08-30 00:08:59.977962+00:00
897,CC061,T028002446,OP,18,,,35,14,,,2026-08-30 00:09:00.660660+00:00,2026-08-30 00:09:00.660676+00:00,2026-08-30 00:08:59.977962+00:00
898,CC062,T028001348,OP,18,,,33,14,,,2026-08-30 00:09:00.661508+00:00,2026-08-30 00:09:00.661516+00:00,2026-08-30 00:08:59.977962+00:00
899,CC063,T028001296,OP,18,,,70,14,,,2026-08-30 00:09:00.662229+00:00,2026-08-30 00:09:00.662237+00:00,2026-08-30 00:08:59.977962+00:00
900,CC064,T028001311,OP,18,,,71,14,,,2026-08-30 00:09:00.663060+00:00,2026-08-30 00:09:00.663068+00:00,2026-08-30 00:08:59.977962+00:00
901,CC065,T028001336,OP,18,,,72,14,,,2026-08-30 00:09:00.663838+00:00,2026-08-30 00:09:00.663846+00:00,2026-08-30 00:08:59.977962+00:00
902,CC066,T028002678,OP,18,,,69,14,,,2026-08-30 00:09:00.664554+00:00,2026-08-30 00:09:00.664562+00:00,2026-08-30 00:08:59.977962+00:00
903,CC067,T028002659,OP,18,,,68,14,,,2026-08-30 00:09:00.665396+00:00,2026-08-30 00:09:00.665404+00:00,2026-08-30 00:08:59.977962+00:00
904,CC068,T028002635,OP,18,,,67,14,,,2026-08-30 00:09:00.666153+00:00,2026-08-30 00:09:00.666161+00:00,2026-08-30 00:08:59.977962+00:00
905,CC069,T028002655,OP,18,,,60,14,,,2026-08-30 00:09:00.666960+00:00,2026-08-30 00:09:00.666968+00:00,2026-08-30 00:08:59.977962+00:00
906,CC070,T028002631,OP,18,,,58,14,,,2026-08-30 00:09:00.667655+00:00,2026-08-30 00:09:00.667663+00:00,2026-08-30 00:08:59.977962+00:00
907,CC071,T028001332,OP,18,,,57,14,,,2026-08-30 00:09:00.668372+00:00,2026-08-30 00:09:00.668380+00:00,2026-08-30 00:08:59.977962+00:00
908,CC072,T028002676,OP,18,,,56,14,,,2026-08-30 00:09:00.669200+00:00,2026-08-30 00:09:00.669208+00:00,2026-08-30 00:08:59.977962+00:00
909,CC073,T028002687,OP,18,,,55,14,,,2026-08-30 00:09:00.669901+00:00,2026-08-30 00:09:00.669908+00:00,2026-08-30 00:08:59.977962+00:00
910,CC074,T028002647,OP,18,,,64,14,,,2026-08-30 00:09:00.670653+00:00,2026-08-30 00:09:00.670676+00:00,2026-08-30 00:08:59.977962+00:00
911,CC075,T028002626,OP,18,,,63,14,,,2026-08-30 00:09:00.671444+00:00,2026-08-30 00:09:00.671451+00:00,2026-08-30 00:08:59.977962+00:00
912,CC076,T028002648,OP,18,,,61,14,,,2026-08-30 00:09:00.672109+00:00,2026-08-30 00:09:00.672116+00:00,2026-08-30 00:08:59.977962+00:00
913,CC077,T028002653,OP,18,,,66,14,,,2026-08-30 00:09:00.672980+00:00,2026-08-30 00:09:00.672988+00:00,2026-08-30 00:08:59.977962+00:00
914,CC078,T028001236,OP,18,,,65,14,,,2026-08-30 00:09:00.673686+00:00,2026-08-30 00:09:00.673721+00:00,2026-08-30 00:08:59.977962+00:00
915,CC079,T028002670,OP,18,,,62,14,,,2026-08-30 00:09:00.674433+00:00,2026-08-30 00:09:00.674441+00:00,2026-08-30 00:08:59.977962+00:00
916,CC080,T028002452,OP,18,,,79,14,,,2026-08-30 00:09:00.675160+00:00,2026-08-30 00:09:00.675168+00:00,2026-08-30 00:08:59.977962+00:00
917,CC081,T028002665,OP,18,,,83,14,,,2026-08-30 00:09:00.675931+00:00,2026-08-30 00:09:00.675939+00:00,2026-08-30 00:08:59.977962+00:00
918,CC082,T028002664,OP,18,,,84,14,,,2026-08-30 00:09:00.676739+00:00,2026-08-30 00:09:00.676752+00:00,2026-08-30 00:08:59.977962+00:00
919,CC083,T028002623,OP,18,,,85,14,,,2026-08-30 00:09:00.677542+00:00,2026-08-30 00:09:00.677550+00:00,2026-08-30 00:08:59.977962+00:00
920,CC084,T028001403,OP,18,,,86,14,,,2026-08-30 00:09:00.678236+00:00,2026-08-30 00:09:00.678243+00:00,2026-08-30 00:08:59.977962+00:00
921,CC085,T028001399,OP,18,,,87,14,,,2026-08-30 00:09:00.678997+00:00,2026-08-30 00:09:00.679004+00:00,2026-08-30 00:08:59.977962+00:00
922,CC086,T028002642,OP,18,,,97,14,,,2026-08-30 00:09:00.679889+00:00,2026-08-30 00:09:00.679897+00:00,2026-08-30 00:08:59.977962+00:00
923,CC087,XXX-00063,OP,18,,,18,14,,,2026-08-30 00:09:00.680636+00:00,2026-08-30 00:09:00.680658+00:00,2026-08-30 00:08:59.977962+00:00
924,CC088,T028001189,OP,18,,,28,14,,,2026-08-30 00:09:00.681444+00:00,2026-08-30 00:09:00.681451+00:00,2026-08-30 00:08:59.977962+00:00
925,CC089,T028001334,OP,18,,,19,14,,,2026-08-30 00:09:00.682141+00:00,2026-08-30 00:09:00.682149+00:00,2026-08-30 00:08:59.977962+00:00
926,CC090,T028001317,OP,18,,,24,14,,,2026-08-30 00:09:00.682952+00:00,2026-08-30 00:09:00.682960+00:00,2026-08-30 00:08:59.977962+00:00
927,CC091,T028001696,OP,18,,,25,14,,,2026-08-30 00:09:00.683650+00:00,2026-08-30 00:09:00.683658+00:00,2026-08-30 00:08:59.977962+00:00
928,CC092,T028001302,OP,18,,,26,14,,,2026-08-30 00:09:00.684568+00:00,2026-08-30 00:09:00.684576+00:00,2026-08-30 00:08:59.977962+00:00
929,CC093,T028001300,OP,18,,,21,14,,,2026-08-30 00:09:00.685362+00:00,2026-08-30 00:09:00.685370+00:00,2026-08-30 00:08:59.977962+00:00
930,CC094,T028001692,OP,18,,,20,14,,,2026-08-30 00:09:00.686147+00:00,2026-08-30 00:09:00.686155+00:00,2026-08-30 00:08:59.977962+00:00
931,CC095,T028002662,OP,18,,,75,14,,,2026-08-30 00:09:00.686949+00:00,2026-08-30 00:09:00.686957+00:00,2026-08-30 00:08:59.977962+00:00
932,CC096,T028001187,OP,18,,,76,14,,,2026-08-30 00:09:00.687651+00:00,2026-08-30 00:09:00.687658+00:00,2026-08-30 00:08:59.977962+00:00
933,CC097,T028002444,OP,18,,,77,14,,,2026-08-30 00:09:00.688403+00:00,2026-08-30 00:09:00.688411+00:00,2026-08-30 00:08:59.977962+00:00
934,CC098,T028001220,OP,18,,,6,14,,,2026-08-30 00:09:00.689160+00:00,2026-08-30 00:09:00.689168+00:00,2026-08-30 00:08:59.977962+00:00
935,CC099,T028001381,OP,18,,,5,14,,,2026-08-30 00:09:00.689900+00:00,2026-08-30 00:09:00.689907+00:00,2026-08-30 00:08:59.977962+00:00
752,CS001,T021006115,OP,17,,,18,13,,,2026-08-30 00:09:00.550747+00:00,2026-08-30 00:09:00.550754+00:00,2026-08-30 00:08:59.977962+00:00
753,CS002,T021006131,OP,17,,,28,13,,,2026-08-30 00:09:00.551271+00:00,2026-08-30 00:09:00.551278+00:00,2026-08-30 00:08:59.977962+00:00
754,CS003,T021006116,OP,17,,,19,13,,,2026-08-30 00:09:00.551857+00:00,2026-08-30 00:09:00.551864+00:00,2026-08-30 00:08:59.977962+00:00
755,CS004,T021006119,OP,17,,,24,13,,,2026-08-30 00:09:00.552377+00:00,2026-08-30 00:09:00.552384+00:00,2026-08-30 00:08:59.977962+00:00
756,CS005,T021006118,OP,17,,,25,13,,,2026-08-30 00:09:00.552978+00:00,2026-08-30 00:09:00.552985+00:00,2026-08-30 00:08:59.977962+00:00
757,CS006,T021006117,OP,17,,,26,13,,,2026-08-30 00:09:00.553627+00:00,2026-08-30 00:09:00.553639+00:00,2026-08-30 00:08:59.977962+00:00
758,CS007,T021006160,OP,17,,,21,13,,,2026-08-30 00:09:00.554252+00:00,2026-08-30 00:09:00.554259+00:00,2026-08-30 00:08:59.977962+00:00
759,CS008,T021006166,OP,17,,,20,13,,,2026-08-30 00:09:00.554813+00:00,2026-08-30 00:09:00.554820+00:00,2026-08-30 00:08:59.977962+00:00
760,CS009,T021006444,OP,17,,,75,13,,,2026-08-30 00:09:00.555331+00:00,2026-08-30 00:09:00.555338+00:00,2026-08-30 00:08:59.977962+00:00
761,CS010,T021009196,OP,17,,,76,13,,,2026-08-30 00:09:00.555896+00:00,2026-08-30 00:09:00.555904+00:00,2026-08-30 00:08:59.977962+00:00
762,CS011,T021009184,OP,17,,,77,13,,,2026-08-30 00:09:00.556414+00:00,2026-08-30 00:09:00.556421+00:00,2026-08-30 00:08:59.977962+00:00
763,CS012,T021006120,OP,17,,,6,13,,,2026-08-30 00:09:00.557143+00:00,2026-08-30 00:09:00.557150+00:00,2026-08-30 00:08:59.977962+00:00
764,CS013,T021006111,OP,17,,,5,13,,,2026-08-30 00:09:00.557897+00:00,2026-08-30 00:09:00.557909+00:00,2026-08-30 00:08:59.977962+00:00
765,CS014,T021006130,OP,17,,,8,13,,,2026-08-30 00:09:00.558510+00:00,2026-08-30 00:09:00.558517+00:00,2026-08-30 00:08:59.977962+00:00
766,CS015,T021006114,OP,17,,,10,13,,,2026-08-30 00:09:00.559277+00:00,2026-08-30 00:09:00.559284+00:00,2026-08-30 00:08:59.977962+00:00
767,CS016,T021006144,OP,17,,,7,13,,,2026-08-30 00:09:00.559900+00:00,2026-08-30 00:09:00.559906+00:00,2026-08-30 00:08:59.977962+00:00
768,CS017,T021006432,OP,17,,,11,13,,,2026-08-30 00:09:00.560542+00:00,2026-08-30 00:09:00.560552+00:00,2026-08-30 00:08:59.977962+00:00
769,CS018,T021008793,OP,17,,,13,13,,,2026-08-30 00:09:00.561402+00:00,2026-08-30 00:09:00.561410+00:00,2026-08-30 00:08:59.977962+00:00
770,CS019,T021006431,OP,17,,,14,13,,,2026-08-30 00:09:00.562085+00:00,2026-08-30 00:09:00.562092+00:00,2026-08-30 00:08:59.977962+00:00
771,CS020,T021008764,OP,17,,,73,13,,,2026-08-30 00:09:00.562926+00:00,2026-08-30 00:09:00.562934+00:00,2026-08-30 00:08:59.977962+00:00
772,CS021,T021009197,OP,17,,,74,13,,,2026-08-30 00:09:00.563561+00:00,2026-08-30 00:09:00.563568+00:00,2026-08-30 00:08:59.977962+00:00
773,CS022,T021006430,OP,17,,,15,13,,,2026-08-30 00:09:00.564273+00:00,2026-08-30 00:09:00.564280+00:00,2026-08-30 00:08:59.977962+00:00
774,CS023,T021008791,OP,17,,,43,13,,,2026-08-30 00:09:00.565065+00:00,2026-08-30 00:09:00.565072+00:00,2026-08-30 00:08:59.977962+00:00
775,CS024,T021008796,OP,17,,,41,13,,,2026-08-30 00:09:00.565935+00:00,2026-08-30 00:09:00.565942+00:00,2026-08-30 00:08:59.977962+00:00
776,CS025,T021008794,OP,17,,,38,13,,,2026-08-30 00:09:00.566600+00:00,2026-08-30 00:09:00.566608+00:00,2026-08-30 00:08:59.977962+00:00
777,CS026,T021006139,OP,17,,,36,13,,,2026-08-30 00:09:00.567718+00:00,2026-08-30 00:09:00.567726+00:00,2026-08-30 00:08:59.977962+00:00
778,CS027,T021009211,OP,17,,,52,13,,,2026-08-30 00:09:00.568580+00:00,2026-08-30 00:09:00.568591+00:00,2026-08-30 00:08:59.977962+00:00
779,CS028,T021006441,OP,17,,,53,13,,,2026-08-30 00:09:00.569498+00:00,2026-08-30 00:09:00.569505+00:00,2026-08-30 00:08:59.977962+00:00
780,CS029,T021006154,OP,17,,,54,13,,,2026-08-30 00:09:00.570388+00:00,2026-08-30 00:09:00.570395+00:00,2026-08-30 00:08:59.977962+00:00
781,CS030,T021006440,OP,17,,,39,13,,,2026-08-30 00:09:00.571307+00:00,2026-08-30 00:09:00.571319+00:00,2026-08-30 00:08:59.977962+00:00
782,CS031,T021006121,OP,17,,,40,13,,,2026-08-30 00:09:00.572225+00:00,2026-08-30 00:09:00.572237+00:00,2026-08-30 00:08:59.977962+00:00
783,CS032,T021006153,OP,17,,,46,13,,,2026-08-30 00:09:00.573121+00:00,2026-08-30 00:09:00.573129+00:00,2026-08-30 00:08:59.977962+00:00
784,CS033,T021006137,OP,17,,,37,13,,,2026-08-30 00:09:00.573918+00:00,2026-08-30 00:09:00.573925+00:00,2026-08-30 00:08:59.977962+00:00
785,CS034,T021006152,OP,17,,,47,13,,,2026-08-30 00:09:00.574635+00:00,2026-08-30 00:09:00.574648+00:00,2026-08-30 00:08:59.977962+00:00
786,CS035,T021006146,OP,17,,,44,13,,,2026-08-30 00:09:00.575403+00:00,2026-08-30 00:09:00.575417+00:00,2026-08-30 00:08:59.977962+00:00
787,CS036,T021009103,OP,17,,,49,13,,,2026-08-30 00:09:00.576155+00:00,2026-08-30 00:09:00.576162+00:00,2026-08-30 00:08:59.977962+00:00
788,CS037,T021009100,OP,17,,,48,13,,,2026-08-30 00:09:00.576896+00:00,2026-08-30 00:09:00.576904+00:00,2026-08-30 00:08:59.977962+00:00
789,CS038,T021009097,OP,17,,,51,13,,,2026-08-30 00:09:00.577746+00:00,2026-08-30 00:09:00.577760+00:00,2026-08-30 00:08:59.977962+00:00
790,CS039,T021009096,OP,17,,,50,13,,,2026-08-30 00:09:00.578556+00:00,2026-08-30 00:09:00.578564+00:00,2026-08-30 00:08:59.977962+00:00
791,CS040,T021008799,OP,17,,,29,13,,,2026-08-30 00:09:00.579328+00:00,2026-08-30 00:09:00.579336+00:00,2026-08-30 00:08:59.977962+00:00
792,CS041,T021006148,OP,17,,,27,13,,,2026-08-30 00:09:00.579990+00:00,2026-08-30 00:09:00.579997+00:00,2026-08-30 00:08:59.977962+00:00
793,CS042,T021008780,OP,17,,,23,13,,,2026-08-30 00:09:00.580846+00:00,2026-08-30 00:09:00.580854+00:00,2026-08-30 00:08:59.977962+00:00
794,CS043,T021006135,OP,17,,,32,13,,,2026-08-30 00:09:00.581543+00:00,2026-08-30 00:09:00.581551+00:00,2026-08-30 00:08:59.977962+00:00
795,CS044,T021006145,OP,17,,,31,13,,,2026-08-30 00:09:00.582275+00:00,2026-08-30 00:09:00.582282+00:00,2026-08-30 00:08:59.977962+00:00
796,CS045,T021006129,OP,17,,,30,13,,,2026-08-30 00:09:00.583002+00:00,2026-08-30 00:09:00.583009+00:00,2026-08-30 00:08:59.977962+00:00
797,CS046,T021006165,OP,17,,,22,13,,,2026-08-30 00:09:00.583847+00:00,2026-08-30 00:09:00.583854+00:00,2026-08-30 00:08:59.977962+00:00
798,CS047,T021009098,OP,17,,,78,13,,,2026-08-30 00:09:00.584767+00:00,2026-08-30 00:09:00.584781+00:00,2026-08-30 00:08:59.977962+00:00
799,CS048,T021009187,OP,17,,,81,13,,,2026-08-30 00:09:00.585612+00:00,2026-08-30 00:09:00.585619+00:00,2026-08-30 00:08:59.977962+00:00
800,CS049,T021009192,OP,17,,,82,13,,,2026-08-30 00:09:00.586358+00:00,2026-08-30 00:09:00.586365+00:00,2026-08-30 00:08:59.977962+00:00
801,CS050,T021000782,OP,17,,,9,13,,,2026-08-30 00:09:00.587200+00:00,2026-08-30 00:09:00.587207+00:00,2026-08-30 00:08:59.977962+00:00
802,CS051,T0210016Q5,OP,17,,,9,13,,,2026-08-30 00:09:00.587939+00:00,2026-08-30 00:09:00.587947+00:00,2026-08-30 00:08:59.977962+00:00
803,CS052,T021006133,OP,17,,,12,13,,,2026-08-30 00:09:00.588768+00:00,2026-08-30 00:09:00.588776+00:00,2026-08-30 00:08:59.977962+00:00
804,CS053,T021005596,OP,17,,,4,13,,,2026-08-30 00:09:00.589571+00:00,2026-08-30 00:09:00.589578+00:00,2026-08-30 00:08:59.977962+00:00
805,CS054,T0210019Q1,OP,17,,,3,13,,,2026-08-30 00:09:00.590354+00:00,2026-08-30 00:09:00.590361+00:00,2026-08-30 00:08:59.977962+00:00
806,CS055,T021006451,OP,17,,,17,13,,,2026-08-30 00:09:00.591246+00:00,2026-08-30 00:09:00.591253+00:00,2026-08-30 00:08:59.977962+00:00
807,CS056,T0210009Q3,OP,17,,,2,13,,,2026-08-30 00:09:00.591988+00:00,2026-08-30 00:09:00.591996+00:00,2026-08-30 00:08:59.977962+00:00
808,CS057,T021006162,OP,17,,,45,13,,,2026-08-30 00:09:00.592770+00:00,2026-08-30 00:09:00.592783+00:00,2026-08-30 00:08:59.977962+00:00
809,CS058,T0210007Q3,OP,17,,,1,13,,,2026-08-30 00:09:00.593503+00:00,2026-08-30 00:09:00.593510+00:00,2026-08-30 00:08:59.977962+00:00
810,CS059,T0210007Q5,OP,17,,,34,13,,,2026-08-30 00:09:00.594264+00:00,2026-08-30 00:09:00.594271+00:00,2026-08-30 00:08:59.977962+00:00
811,CS060,T021009085,OP,17,,,35,13,,,2026-08-30 00:09:00.595083+00:00,2026-08-30 00:09:00.595091+00:00,2026-08-30 00:08:59.977962+00:00
812,CS061,T021006198,OP,17,,,33,13,,,2026-08-30 00:09:00.595839+00:00,2026-08-30 00:09:00.595846+00:00,2026-08-30 00:08:59.977962+00:00
813,CS062,T021008762,OP,17,,,70,13,,,2026-08-30 00:09:00.596502+00:00,2026-08-30 00:09:00.596509+00:00,2026-08-30 00:08:59.977962+00:00
814,CS063,T021006164,OP,17,,,71,13,,,2026-08-30 00:09:00.597270+00:00,2026-08-30 00:09:00.597277+00:00,2026-08-30 00:08:59.977962+00:00
815,CS064,T021008800,OP,17,,,72,13,,,2026-08-30 00:09:00.597960+00:00,2026-08-30 00:09:00.597967+00:00,2026-08-30 00:08:59.977962+00:00
816,CS065,T021009104,OP,17,,,69,13,,,2026-08-30 00:09:00.598657+00:00,2026-08-30 00:09:00.598696+00:00,2026-08-30 00:08:59.977962+00:00
817,CS066,T021009107,OP,17,,,68,13,,,2026-08-30 00:09:00.599456+00:00,2026-08-30 00:09:00.599464+00:00,2026-08-30 00:08:59.977962+00:00
818,CS067,T021009102,OP,17,,,67,13,,,2026-08-30 00:09:00.600218+00:00,2026-08-30 00:09:00.600243+00:00,2026-08-30 00:08:59.977962+00:00
819,CS068,T021009183,OP,17,,,60,13,,,2026-08-30 00:09:00.601171+00:00,2026-08-30 00:09:00.601178+00:00,2026-08-30 00:08:59.977962+00:00
820,CS069,T021009186,OP,17,,,58,13,,,2026-08-30 00:09:00.601881+00:00,2026-08-30 00:09:00.601888+00:00,2026-08-30 00:08:59.977962+00:00
821,CS070,T021009189,OP,17,,,57,13,,,2026-08-30 00:09:00.602543+00:00,2026-08-30 00:09:00.602551+00:00,2026-08-30 00:08:59.977962+00:00
822,CS071,T021009194,OP,17,,,56,13,,,2026-08-30 00:09:00.603379+00:00,2026-08-30 00:09:00.603387+00:00,2026-08-30 00:08:59.977962+00:00
823,CS072,T021009177,OP,17,,,55,13,,,2026-08-30 00:09:00.604140+00:00,2026-08-30 00:09:00.604147+00:00,2026-08-30 00:08:59.977962+00:00
824,CS073,T021009125,OP,17,,,64,13,,,2026-08-30 00:09:00.604994+00:00,2026-08-30 00:09:00.605003+00:00,2026-08-30 00:08:59.977962+00:00
825,CS074,T021009190,OP,17,,,63,13,,,2026-08-30 00:09:00.605706+00:00,2026-08-30 00:09:00.605714+00:00,2026-08-30 00:08:59.977962+00:00
826,CS075,T021009111,OP,17,,,61,13,,,2026-08-30 00:09:00.606401+00:00,2026-08-30 00:09:00.606409+00:00,2026-08-30 00:08:59.977962+00:00
827,CS076,T021009099,OP,17,,,66,13,,,2026-08-30 00:09:00.607161+00:00,2026-08-30 00:09:00.607168+00:00,2026-08-30 00:08:59.977962+00:00
828,CS077,T021009188,OP,17,,,65,13,,,2026-08-30 00:09:00.607920+00:00,2026-08-30 00:09:00.607928+00:00,2026-08-30 00:08:59.977962+00:00
829,CS078,T021009122,OP,17,,,62,13,,,2026-08-30 00:09:00.608693+00:00,2026-08-30 00:09:00.608720+00:00,2026-08-30 00:08:59.977962+00:00
830,CS079,T021009185,OP,17,,,79,13,,,2026-08-30 00:09:00.609470+00:00,2026-08-30 00:09:00.609478+00:00,2026-08-30 00:08:59.977962+00:00
831,CS080,T021009195,OP,17,,,83,13,,,2026-08-30 00:09:00.610211+00:00,2026-08-30 00:09:00.610218+00:00,2026-08-30 00:08:59.977962+00:00
832,CS081,T021009181,OP,17,,,84,13,,,2026-08-30 00:09:00.611227+00:00,2026-08-30 00:09:00.611234+00:00,2026-08-30 00:08:59.977962+00:00
833,CS082,T021009182,OP,17,,,85,13,,,2026-08-30 00:09:00.611986+00:00,2026-08-30 00:09:00.611994+00:00,2026-08-30 00:08:59.977962+00:00
834,CS083,T021009179,OP,17,,,86,13,,,2026-08-30 00:09:00.612828+00:00,2026-08-30 00:09:00.612841+00:00,2026-08-30 00:08:59.977962+00:00
835,CS084,T021009199,OP,17,,,87,13,,,2026-08-30 00:09:00.613560+00:00,2026-08-30 00:09:00.613568+00:00,2026-08-30 00:08:59.977962+00:00
836,CS085,T021009191,OP,17,,,97,13,,,2026-08-30 00:09:00.614282+00:00,2026-08-30 00:09:00.614289+00:00,2026-08-30 00:08:59.977962+00:00
1079,LT001,76815,OP,,,,89,11,3.7.0,,2026-08-30 00:09:00.798891+00:00,2026-08-30 00:09:00.798899+00:00,2026-08-30 00:08:59.977962+00:00
708,LT01,86296,OP,15,,,68,11,,,2026-08-30 00:09:00.522502+00:00,2026-08-30 00:09:00.522509+00:00,2026-08-30 00:08:59.977962+00:00
709,LT02,89965,OP,15,,,68,11,,,2026-08-30 00:09:00.523134+00:00,2026-08-30 00:09:00.523141+00:00,2026-08-30 00:08:59.977962+00:00
710,LT03,76818,OP,15,,,62,11,,,2026-08-30 00:09:00.523718+00:00,2026-08-30 00:09:00.523744+00:00,2026-08-30 00:08:59.977962+00:00
711,LT04,75242,OP,15,,,62,11,,,2026-08-30 00:09:00.524303+00:00,2026-08-30 00:09:00.524311+00:00,2026-08-30 00:08:59.977962+00:00
712,LT05,XXX-00032,OP,15,,,55,11,,,2026-08-30 00:09:00.524921+00:00,2026-08-30 00:09:00.524929+00:00,2026-08-30 00:08:59.977962+00:00
713,LT06,XXX-00033,OP,15,,,55,11,,,2026-08-30 00:09:00.525471+00:00,2026-08-30 00:09:00.525478+00:00,2026-08-30 00:08:59.977962+00:00
714,LT07,86300,OP,15,,,34,11,,,2026-08-30 00:09:00.526109+00:00,2026-08-30 00:09:00.526117+00:00,2026-08-30 00:08:59.977962+00:00
715,LT08,86291,OP,15,,,34,11,,,2026-08-30 00:09:00.526763+00:00,2026-08-30 00:09:00.526770+00:00,2026-08-30 00:08:59.977962+00:00
716,LT09,XXX-00034,OP,15,,,34,11,,,2026-08-30 00:09:00.527380+00:00,2026-08-30 00:09:00.527388+00:00,2026-08-30 00:08:59.977962+00:00
717,LT10,XXX-00035,OP,15,,,34,11,,,2026-08-30 00:09:00.528095+00:00,2026-08-30 00:09:00.528102+00:00,2026-08-30 00:08:59.977962+00:00
718,LT11,86290,OP,15,,,89,11,,,2026-08-30 00:09:00.528651+00:00,2026-08-30 00:09:00.528659+00:00,2026-08-30 00:08:59.977962+00:00
719,LT12,86294,OP,15,,,94,11,,,2026-08-30 00:09:00.529285+00:00,2026-08-30 00:09:00.529292+00:00,2026-08-30 00:08:59.977962+00:00
720,LT13,XXX-00036,OP,15,,,80,11,,,2026-08-30 00:09:00.529917+00:00,2026-08-30 00:09:00.529924+00:00,2026-08-30 00:08:59.977962+00:00
721,LT14,XXX-00037,OP,15,,,80,11,,,2026-08-30 00:09:00.530467+00:00,2026-08-30 00:09:00.530474+00:00,2026-08-30 00:08:59.977962+00:00
672,MA54,W01B00002,OP,11,,,34,7,,,2026-08-30 00:09:00.497545+00:00,2026-08-30 00:09:00.497553+00:00,2026-08-30 00:08:59.977962+00:00
587,MR01,MAA30007Q7,OP,3,,,95,2,,,2026-08-30 00:09:00.435153+00:00,2026-08-30 00:09:00.435165+00:00,2026-08-30 00:08:59.977962+00:00
588,MR02,MAA30008Q7,OP,3,,,95,2,,,2026-08-30 00:09:00.435912+00:00,2026-08-30 00:09:00.435920+00:00,2026-08-30 00:08:59.977962+00:00
589,MR03,MAA30009Q7,OP,3,,,95,2,,,2026-08-30 00:09:00.436680+00:00,2026-08-30 00:09:00.436688+00:00,2026-08-30 00:08:59.977962+00:00
590,MR04,MAA30010Q7,OP,3,,,95,2,,,2026-08-30 00:09:00.437451+00:00,2026-08-30 00:09:00.437459+00:00,2026-08-30 00:08:59.977962+00:00
591,MR05,MAA30011Q7,OP,3,,,95,2,,,2026-08-30 00:09:00.438213+00:00,2026-08-30 00:09:00.438221+00:00,2026-08-30 00:08:59.977962+00:00
592,MR06,XXX-00025,OP,3,,,95,2,,,2026-08-30 00:09:00.438952+00:00,2026-08-30 00:09:00.438960+00:00,2026-08-30 00:08:59.977962+00:00
593,MR07,MAA30013Q7,OP,3,,,110,2,,,2026-08-30 00:09:00.439661+00:00,2026-08-30 00:09:00.439678+00:00,2026-08-30 00:08:59.977962+00:00
594,MR08,MAA30014Q7,OP,3,,,95,2,,,2026-08-30 00:09:00.440432+00:00,2026-08-30 00:09:00.440440+00:00,2026-08-30 00:08:59.977962+00:00
595,MR09,MAA30015Q7,OP,3,,,95,2,,,2026-08-30 00:09:00.441134+00:00,2026-08-30 00:09:00.441142+00:00,2026-08-30 00:08:59.977962+00:00
596,MR10,XXX-00026,OP,3,,,95,2,,,2026-08-30 00:09:00.441871+00:00,2026-08-30 00:09:00.441879+00:00,2026-08-30 00:08:59.977962+00:00
597,MR11,MAA30017Q7,OP,3,,,95,2,,,2026-08-30 00:09:00.442603+00:00,2026-08-30 00:09:00.442611+00:00,2026-08-30 00:08:59.977962+00:00
604,MR12,XXX-00030,OP,3,,,95,2,,,2026-08-30 00:09:00.447705+00:00,2026-08-30 00:09:00.447713+00:00,2026-08-30 00:08:59.977962+00:00
598,MR13,M01C001832,OP,3,,,95,2,,,2026-08-30 00:09:00.443350+00:00,2026-08-30 00:09:00.443358+00:00,2026-08-30 00:08:59.977962+00:00
599,MR14,MAA30020Q7,OP,3,,,95,2,,,2026-08-30 00:09:00.444030+00:00,2026-08-30 00:09:00.444038+00:00,2026-08-30 00:08:59.977962+00:00
611,MR15,MAA30021Q7,OP,5,,,95,2,,,2026-08-30 00:09:00.452728+00:00,2026-08-30 00:09:00.452736+00:00,2026-08-30 00:08:59.977962+00:00
600,MR16,XXX-00027,OP,3,,,95,2,,,2026-08-30 00:09:00.444770+00:00,2026-08-30 00:09:00.444778+00:00,2026-08-30 00:08:59.977962+00:00
605,MR17,XXX-00031,OP,3,,,95,2,,,2026-08-30 00:09:00.448381+00:00,2026-08-30 00:09:00.448389+00:00,2026-08-30 00:08:59.977962+00:00
606,MR18,MAA30024Q7,OP,4,,,89,2,,,2026-08-30 00:09:00.449134+00:00,2026-08-30 00:09:00.449142+00:00,2026-08-30 00:08:59.977962+00:00
607,MR19,MAA30099Q6,OP,4,,,95,2,,,2026-08-30 00:09:00.449864+00:00,2026-08-30 00:09:00.449872+00:00,2026-08-30 00:08:59.977962+00:00
608,MR20,MAA30100Q6,OP,4,,,95,2,,,2026-08-30 00:09:00.450478+00:00,2026-08-30 00:09:00.450487+00:00,2026-08-30 00:08:59.977962+00:00
612,MR21,MAA30005Q7,OP,5,,,95,2,,,2026-08-30 00:09:00.453474+00:00,2026-08-30 00:09:00.453482+00:00,2026-08-30 00:08:59.977962+00:00
613,MR22,MAA30006Q7,OP,5,,,95,2,1.54,,2026-08-30 00:09:00.454179+00:00,2026-08-30 00:09:00.454186+00:00,2026-08-30 00:08:59.977962+00:00
617,MR23,MCA30002Q7,OP,6,,,95,2,,,2026-08-30 00:09:00.457148+00:00,2026-08-30 00:09:00.457156+00:00,2026-08-30 00:08:59.977962+00:00
618,MR24,MCA30003Q7,OP,6,,,95,2,,,2026-08-30 00:09:00.457876+00:00,2026-08-30 00:09:00.457884+00:00,2026-08-30 00:08:59.977962+00:00
619,MR25,MCA300015Q5,OP,6,,,89,2,,,2026-08-30 00:09:00.458608+00:00,2026-08-30 00:09:00.458616+00:00,2026-08-30 00:08:59.977962+00:00
621,MR26,M01F002293,OP,6,,,89,2,,,2026-08-30 00:09:00.460028+00:00,2026-08-30 00:09:00.460036+00:00,2026-08-30 00:08:59.977962+00:00
616,MR29,M01C036841,OP,5,,,95,2,,,2026-08-30 00:09:00.456381+00:00,2026-08-30 00:09:00.456389+00:00,2026-08-30 00:08:59.977962+00:00
615,MR31,M01C008878,OP,5,,,89,2,,,2026-08-30 00:09:00.455627+00:00,2026-08-30 00:09:00.455635+00:00,2026-08-30 00:08:59.977962+00:00
620,MR32,M01F001185,OP,6,,,95,2,,,2026-08-30 00:09:00.459337+00:00,2026-08-30 00:09:00.459345+00:00,2026-08-30 00:08:59.977962+00:00
609,MR33,M01C008331,OP,4,,,95,2,,,2026-08-30 00:09:00.451270+00:00,2026-08-30 00:09:00.451277+00:00,2026-08-30 00:08:59.977962+00:00
601,MR34,XXX-00028,OP,3,,,116,2,,,2026-08-30 00:09:00.445504+00:00,2026-08-30 00:09:00.445512+00:00,2026-08-30 00:08:59.977962+00:00
602,MR35,M01C005074,OP,3,,,95,2,,,2026-08-30 00:09:00.446236+00:00,2026-08-30 00:09:00.446244+00:00,2026-08-30 00:08:59.977962+00:00
614,MR36,M01C008876,OP,5,,,89,2,,,2026-08-30 00:09:00.454884+00:00,2026-08-30 00:09:00.454892+00:00,2026-08-30 00:08:59.977962+00:00
610,MR888,M01C008882,OP,4,,,95,2,,,2026-08-30 00:09:00.451979+00:00,2026-08-30 00:09:00.451987+00:00,2026-08-30 00:08:59.977962+00:00
603,MRHART01,XXX-00029,OP,3,,,95,2,,,2026-08-30 00:09:00.446967+00:00,2026-08-30 00:09:00.446975+00:00,2026-08-30 00:08:59.977962+00:00
1,PGM001,M03140482221,OP,1,,,8,1,,,2026-08-30 00:08:59.977234+00:00,2026-08-30 00:08:59.977299+00:00,2026-08-30 00:08:59.977962+00:00
2,PGM002,M03140483421,OP,1,,,96,1,,,2026-08-30 00:08:59.997374+00:00,2026-08-30 00:08:59.997404+00:00,2026-08-30 00:08:59.977962+00:00
3,PGM003,M03140478221,OP,1,,,109,1,,,2026-08-30 00:08:59.999959+00:00,2026-08-30 00:08:59.999987+00:00,2026-08-30 00:08:59.977962+00:00
4,PGM004,M03140482121,OP,1,,,95,1,,,2026-08-30 00:09:00.002806+00:00,2026-08-30 00:09:00.002871+00:00,2026-08-30 00:08:59.977962+00:00
5,PGM005,XXX-00001,OP,1,,,110,1,,,2026-08-30 00:09:00.005898+00:00,2026-08-30 00:09:00.005929+00:00,2026-08-30 00:08:59.977962+00:00
6,PGM006,M03140483021,OP,1,,,106,1,,,2026-08-30 00:09:00.008353+00:00,2026-08-30 00:09:00.008382+00:00,2026-08-30 00:08:59.977962+00:00
7,PGM007,M03140483721,OP,1,,,95,1,,,2026-08-30 00:09:00.011033+00:00,2026-08-30 00:09:00.011065+00:00,2026-08-30 00:08:59.977962+00:00
8,PGM008,M03140424621,OP,1,,,95,1,,,2026-08-30 00:09:00.013355+00:00,2026-08-30 00:09:00.013382+00:00,2026-08-30 00:08:59.977962+00:00
9,PGM009,M03140421421,OP,1,,,111,1,,,2026-08-30 00:09:00.015592+00:00,2026-08-30 00:09:00.015612+00:00,2026-08-30 00:08:59.977962+00:00
10,PGM010,M03140417521,OP,1,,,95,1,,,2026-08-30 00:09:00.017329+00:00,2026-08-30 00:09:00.017348+00:00,2026-08-30 00:08:59.977962+00:00
11,PGM011,M03140435521,OP,1,,,95,1,,,2026-08-30 00:09:00.019139+00:00,2026-08-30 00:09:00.019159+00:00,2026-08-30 00:08:59.977962+00:00
12,PGM012,M03140453821,OP,1,,,98,1,,,2026-08-30 00:09:00.021095+00:00,2026-08-30 00:09:00.021120+00:00,2026-08-30 00:08:59.977962+00:00
13,PGM013,M03140476821,OP,1,,,95,1,,,2026-08-30 00:09:00.022993+00:00,2026-08-30 00:09:00.023010+00:00,2026-08-30 00:08:59.977962+00:00
14,PGM014,M03140428621,OP,1,,,95,1,,,2026-08-30 00:09:00.024214+00:00,2026-08-30 00:09:00.024229+00:00,2026-08-30 00:08:59.977962+00:00
15,PGM015,M03140419621,OP,1,,,103,1,,,2026-08-30 00:09:00.025414+00:00,2026-08-30 00:09:00.025427+00:00,2026-08-30 00:08:59.977962+00:00
16,PGM016,M03140415621,OP,1,,,112,1,,,2026-08-30 00:09:00.026394+00:00,2026-08-30 00:09:00.026407+00:00,2026-08-30 00:08:59.977962+00:00
17,PGM017,M03140480621,OP,1,,,98,1,,,2026-08-30 00:09:00.027381+00:00,2026-08-30 00:09:00.027392+00:00,2026-08-30 00:08:59.977962+00:00
18,PGM018,M03140426521,OP,1,,,95,1,,,2026-08-30 00:09:00.028428+00:00,2026-08-30 00:09:00.028440+00:00,2026-08-30 00:08:59.977962+00:00
19,PGM019,M03140427321,OP,1,,,95,1,,,2026-08-30 00:09:00.029327+00:00,2026-08-30 00:09:00.029339+00:00,2026-08-30 00:08:59.977962+00:00
20,PGM020,M03140424021,OP,2,,,95,1,,,2026-08-30 00:09:00.030333+00:00,2026-08-30 00:09:00.030345+00:00,2026-08-30 00:08:59.977962+00:00
21,PGM021,M03140414321,OP,1,,,95,1,,,2026-08-30 00:09:00.031371+00:00,2026-08-30 00:09:00.031384+00:00,2026-08-30 00:08:59.977962+00:00
22,PGM022,M03140427721,OP,1,,,95,1,,,2026-08-30 00:09:00.032418+00:00,2026-08-30 00:09:00.032430+00:00,2026-08-30 00:08:59.977962+00:00
23,PGM023,M03140423221,OP,1,,,19,1,,,2026-08-30 00:09:00.033478+00:00,2026-08-30 00:09:00.033491+00:00,2026-08-30 00:08:59.977962+00:00
24,PGM024,M03140478421,OP,1,,,95,1,,,2026-08-30 00:09:00.034527+00:00,2026-08-30 00:09:00.034540+00:00,2026-08-30 00:08:59.977962+00:00
25,PGM025,M03140477421,OP,1,,,98,1,,,2026-08-30 00:09:00.035486+00:00,2026-08-30 00:09:00.035499+00:00,2026-08-30 00:08:59.977962+00:00
26,PGM026,M03140479321,OP,1,,,95,1,,,2026-08-30 00:09:00.036405+00:00,2026-08-30 00:09:00.036417+00:00,2026-08-30 00:08:59.977962+00:00
27,PGM027,M03140453221,OP,1,,,95,1,,,2026-08-30 00:09:00.037298+00:00,2026-08-30 00:09:00.037309+00:00,2026-08-30 00:08:59.977962+00:00
28,PGM028,M03140449521,OP,1,,,95,1,,,2026-08-30 00:09:00.038173+00:00,2026-08-30 00:09:00.038185+00:00,2026-08-30 00:08:59.977962+00:00
29,PGM029,M03140414621,OP,1,,,95,1,,,2026-08-30 00:09:00.039064+00:00,2026-08-30 00:09:00.039076+00:00,2026-08-30 00:08:59.977962+00:00
30,PGM030,M03240423721,OP,1,,,95,1,,,2026-08-30 00:09:00.039942+00:00,2026-08-30 00:09:00.039953+00:00,2026-08-30 00:08:59.977962+00:00
31,PGM031,M03140477821,OP,1,,,95,1,,,2026-08-30 00:09:00.040819+00:00,2026-08-30 00:09:00.040831+00:00,2026-08-30 00:08:59.977962+00:00
32,PGM032,M03140456021,OP,1,,,95,1,,,2026-08-30 00:09:00.041769+00:00,2026-08-30 00:09:00.041781+00:00,2026-08-30 00:08:59.977962+00:00
33,PGM033,M03140420421,OP,1,,,40,1,,,2026-08-30 00:09:00.042727+00:00,2026-08-30 00:09:00.042739+00:00,2026-08-30 00:08:59.977962+00:00
34,PGM034,M03140453121,OP,1,,,95,1,,,2026-08-30 00:09:00.043587+00:00,2026-08-30 00:09:00.043598+00:00,2026-08-30 00:08:59.977962+00:00
35,PGM035,M03140429521,OP,1,,,111,1,,,2026-08-30 00:09:00.044534+00:00,2026-08-30 00:09:00.044546+00:00,2026-08-30 00:08:59.977962+00:00
36,PGM036,M03140415321,OP,1,,,95,1,,,2026-08-30 00:09:00.045418+00:00,2026-08-30 00:09:00.045430+00:00,2026-08-30 00:08:59.977962+00:00
37,PGM037,M03140483521,OP,1,,,95,1,,,2026-08-30 00:09:00.046289+00:00,2026-08-30 00:09:00.046301+00:00,2026-08-30 00:08:59.977962+00:00
38,PGM038,M03140417721,OP,1,,,111,1,,,2026-08-30 00:09:00.047156+00:00,2026-08-30 00:09:00.047168+00:00,2026-08-30 00:08:59.977962+00:00
39,PGM039,M03140429221,OP,1,,,95,1,,,2026-08-30 00:09:00.048024+00:00,2026-08-30 00:09:00.048036+00:00,2026-08-30 00:08:59.977962+00:00
40,PGM040,M03140485221,OP,1,,,95,1,,,2026-08-30 00:09:00.048951+00:00,2026-08-30 00:09:00.048962+00:00,2026-08-30 00:08:59.977962+00:00
41,PGM041,M03140415721,OP,1,,,98,1,,,2026-08-30 00:09:00.049943+00:00,2026-08-30 00:09:00.049955+00:00,2026-08-30 00:08:59.977962+00:00
42,PGM042,M03140419321,OP,1,,,95,1,,,2026-08-30 00:09:00.050811+00:00,2026-08-30 00:09:00.050821+00:00,2026-08-30 00:08:59.977962+00:00
43,PGM043,M03140476521,OP,1,,,95,1,,,2026-08-30 00:09:00.051541+00:00,2026-08-30 00:09:00.051551+00:00,2026-08-30 00:08:59.977962+00:00
44,PGM044,M03140428521,OP,1,,,95,1,,,2026-08-30 00:09:00.052375+00:00,2026-08-30 00:09:00.052385+00:00,2026-08-30 00:08:59.977962+00:00
45,PGM045,M03140416521,OP,1,,,100,1,,,2026-08-30 00:09:00.053166+00:00,2026-08-30 00:09:00.053177+00:00,2026-08-30 00:08:59.977962+00:00
46,PGM046,M03140478821,OP,1,,,112,1,,,2026-08-30 00:09:00.053911+00:00,2026-08-30 00:09:00.053921+00:00,2026-08-30 00:08:59.977962+00:00
47,PGM047,M03140425821,OP,1,,,95,1,,,2026-08-30 00:09:00.054648+00:00,2026-08-30 00:09:00.054659+00:00,2026-08-30 00:08:59.977962+00:00
48,PGM048,M03140412921,OP,1,,,40,1,,,2026-08-30 00:09:00.055387+00:00,2026-08-30 00:09:00.055396+00:00,2026-08-30 00:08:59.977962+00:00
49,PGM049,M03140430921,OP,1,,,95,1,,,2026-08-30 00:09:00.056064+00:00,2026-08-30 00:09:00.056073+00:00,2026-08-30 00:08:59.977962+00:00
50,PGM050,M03140413921,OP,1,,,95,1,,,2026-08-30 00:09:00.056704+00:00,2026-08-30 00:09:00.056712+00:00,2026-08-30 00:08:59.977962+00:00
51,PGM051,M03140431121,OP,1,,,95,1,,,2026-08-30 00:09:00.057327+00:00,2026-08-30 00:09:00.057336+00:00,2026-08-30 00:08:59.977962+00:00
52,PGM052,M03140432421,OP,1,,,95,1,,,2026-08-30 00:09:00.058014+00:00,2026-08-30 00:09:00.058023+00:00,2026-08-30 00:08:59.977962+00:00
53,PGM053,M03140435621,OP,1,,,95,1,,,2026-08-30 00:09:00.058639+00:00,2026-08-30 00:09:00.058647+00:00,2026-08-30 00:08:59.977962+00:00
54,PGM054,M03140426721,OP,1,,,95,1,,,2026-08-30 00:09:00.059283+00:00,2026-08-30 00:09:00.059292+00:00,2026-08-30 00:08:59.977962+00:00
55,PGM055,M03140481021,OP,1,,,95,1,,,2026-08-30 00:09:00.059914+00:00,2026-08-30 00:09:00.059923+00:00,2026-08-30 00:08:59.977962+00:00
56,PGM056,M03140428421,OP,1,,,95,1,,,2026-08-30 00:09:00.060562+00:00,2026-08-30 00:09:00.060570+00:00,2026-08-30 00:08:59.977962+00:00
57,PGM057,M03140413121,OP,1,,,106,1,,,2026-08-30 00:09:00.061128+00:00,2026-08-30 00:09:00.061136+00:00,2026-08-30 00:08:59.977962+00:00
58,PGM058,M03140486121,OP,1,,,95,1,,,2026-08-30 00:09:00.061687+00:00,2026-08-30 00:09:00.061695+00:00,2026-08-30 00:08:59.977962+00:00
59,PGM059,M03140478521,OP,1,,,98,1,,,2026-08-30 00:09:00.062239+00:00,2026-08-30 00:09:00.062247+00:00,2026-08-30 00:08:59.977962+00:00
60,PGM060,M03140419121,OP,1,,,95,1,,,2026-08-30 00:09:00.062839+00:00,2026-08-30 00:09:00.062847+00:00,2026-08-30 00:08:59.977962+00:00
61,PGM061,M03140481821,OP,1,,,95,1,,,2026-08-30 00:09:00.063576+00:00,2026-08-30 00:09:00.063589+00:00,2026-08-30 00:08:59.977962+00:00
62,PGM062,M03140423121,OP,1,,,111,1,,,2026-08-30 00:09:00.064178+00:00,2026-08-30 00:09:00.064186+00:00,2026-08-30 00:08:59.977962+00:00
63,PGM063,M03140431321,OP,1,,,111,1,,,2026-08-30 00:09:00.064736+00:00,2026-08-30 00:09:00.064744+00:00,2026-08-30 00:08:59.977962+00:00
64,PGM064,XXX-00002,OP,1,,,110,1,,,2026-08-30 00:09:00.065438+00:00,2026-08-30 00:09:00.065451+00:00,2026-08-30 00:08:59.977962+00:00
65,PGM065,M03140431521,OP,1,,,95,1,,,2026-08-30 00:09:00.066059+00:00,2026-08-30 00:09:00.066066+00:00,2026-08-30 00:08:59.977962+00:00
66,PGM066,M03140428221,OP,1,,,23,1,,,2026-08-30 00:09:00.066590+00:00,2026-08-30 00:09:00.066597+00:00,2026-08-30 00:08:59.977962+00:00
67,PGM067,XXX-00003,OP,1,,,95,1,,,2026-08-30 00:09:00.067245+00:00,2026-08-30 00:09:00.067252+00:00,2026-08-30 00:08:59.977962+00:00
68,PGM068,M03140427921,OP,1,,,41,1,,,2026-08-30 00:09:00.068094+00:00,2026-08-30 00:09:00.068102+00:00,2026-08-30 00:08:59.977962+00:00
69,PGM069,M03140414421,OP,1,,,54,1,,,2026-08-30 00:09:00.068975+00:00,2026-08-30 00:09:00.068982+00:00,2026-08-30 00:08:59.977962+00:00
70,PGM070,M03140415921,OP,1,,,95,1,,,2026-08-30 00:09:00.069571+00:00,2026-08-30 00:09:00.069578+00:00,2026-08-30 00:08:59.977962+00:00
71,PGM071,M03140431021,OP,1,,,95,1,,,2026-08-30 00:09:00.070241+00:00,2026-08-30 00:09:00.070248+00:00,2026-08-30 00:08:59.977962+00:00
72,PGM072,M03140476921,OP,1,,,100,1,,,2026-08-30 00:09:00.070865+00:00,2026-08-30 00:09:00.070872+00:00,2026-08-30 00:08:59.977962+00:00
73,PGM073,M03140415121,OP,1,,,95,1,,,2026-08-30 00:09:00.071402+00:00,2026-08-30 00:09:00.071409+00:00,2026-08-30 00:08:59.977962+00:00
74,PGM074,M03140480321,OP,1,,,97,1,,,2026-08-30 00:09:00.072068+00:00,2026-08-30 00:09:00.072075+00:00,2026-08-30 00:08:59.977962+00:00
75,PGM075,M03140428021,OP,1,,,95,1,,,2026-08-30 00:09:00.072635+00:00,2026-08-30 00:09:00.072642+00:00,2026-08-30 00:08:59.977962+00:00
76,PGM076,M03140428121,OP,1,,,27,1,,,2026-08-30 00:09:00.073225+00:00,2026-08-30 00:09:00.073232+00:00,2026-08-30 00:08:59.977962+00:00
77,PGM077,M03140420821,OP,1,,,95,1,,,2026-08-30 00:09:00.073887+00:00,2026-08-30 00:09:00.073894+00:00,2026-08-30 00:08:59.977962+00:00
78,PGM078,M03140480521,OP,1,,,95,1,,,2026-08-30 00:09:00.074394+00:00,2026-08-30 00:09:00.074400+00:00,2026-08-30 00:08:59.977962+00:00
79,PGM079,M03140486521,OP,1,,,33,1,,,2026-08-30 00:09:00.075023+00:00,2026-08-30 00:09:00.075030+00:00,2026-08-30 00:08:59.977962+00:00
80,PGM080,M02140433221,OP,1,,,106,1,,,2026-08-30 00:09:00.075547+00:00,2026-08-30 00:09:00.075567+00:00,2026-08-30 00:08:59.977962+00:00
81,PGM081,M03140432321,OP,1,,,95,1,,,2026-08-30 00:09:00.076150+00:00,2026-08-30 00:09:00.076157+00:00,2026-08-30 00:08:59.977962+00:00
82,PGM082,M03140434621,OP,1,,,98,1,,,2026-08-30 00:09:00.076756+00:00,2026-08-30 00:09:00.076762+00:00,2026-08-30 00:08:59.977962+00:00
83,PGM083,M03140420921,OP,2,,,95,1,,,2026-08-30 00:09:00.077386+00:00,2026-08-30 00:09:00.077398+00:00,2026-08-30 00:08:59.977962+00:00
84,PGM084,M03140435021,OP,1,,,98,1,,,2026-08-30 00:09:00.078379+00:00,2026-08-30 00:09:00.078391+00:00,2026-08-30 00:08:59.977962+00:00
85,PGM085,M03140431421,OP,1,,,95,1,,,2026-08-30 00:09:00.079151+00:00,2026-08-30 00:09:00.079163+00:00,2026-08-30 00:08:59.977962+00:00
86,PGM086,M03140485921,OP,1,,,40,1,,,2026-08-30 00:09:00.079845+00:00,2026-08-30 00:09:00.079853+00:00,2026-08-30 00:08:59.977962+00:00
87,PGM087,M03140421521,OP,1,,,95,1,,,2026-08-30 00:09:00.080363+00:00,2026-08-30 00:09:00.080370+00:00,2026-08-30 00:08:59.977962+00:00
88,PGM088,M03140486621,OP,1,,,95,1,,,2026-08-30 00:09:00.080948+00:00,2026-08-30 00:09:00.080956+00:00,2026-08-30 00:08:59.977962+00:00
89,PGM089,M03140426221,OP,1,,,95,1,,,2026-08-30 00:09:00.081532+00:00,2026-08-30 00:09:00.081539+00:00,2026-08-30 00:08:59.977962+00:00
90,PGM090,M03140422121,OP,1,,,95,1,,,2026-08-30 00:09:00.082111+00:00,2026-08-30 00:09:00.082118+00:00,2026-08-30 00:08:59.977962+00:00
91,PGM091,M03140434421,OP,1,,,95,1,,,2026-08-30 00:09:00.082659+00:00,2026-08-30 00:09:00.082696+00:00,2026-08-30 00:08:59.977962+00:00
92,PGM092,M03140433421,OP,1,,,95,1,,,2026-08-30 00:09:00.083287+00:00,2026-08-30 00:09:00.083294+00:00,2026-08-30 00:08:59.977962+00:00
93,PGM093,M03140433521,OP,1,,,100,1,,,2026-08-30 00:09:00.084003+00:00,2026-08-30 00:09:00.084010+00:00,2026-08-30 00:08:59.977962+00:00
94,PGM094,M03140486821,OP,1,,,95,1,,,2026-08-30 00:09:00.084757+00:00,2026-08-30 00:09:00.084765+00:00,2026-08-30 00:08:59.977962+00:00
95,PGM095,M03140427821,OP,1,,,95,1,,,2026-08-30 00:09:00.085374+00:00,2026-08-30 00:09:00.085381+00:00,2026-08-30 00:08:59.977962+00:00
96,PGM096,M03140482921,OP,1,,,95,1,,,2026-08-30 00:09:00.086062+00:00,2026-08-30 00:09:00.086069+00:00,2026-08-30 00:08:59.977962+00:00
97,PGM097,M03140426121,OP,1,,,95,1,,,2026-08-30 00:09:00.086630+00:00,2026-08-30 00:09:00.086637+00:00,2026-08-30 00:08:59.977962+00:00
98,PGM098,M03140435921,OP,1,,,95,1,,,2026-08-30 00:09:00.087221+00:00,2026-08-30 00:09:00.087228+00:00,2026-08-30 00:08:59.977962+00:00
99,PGM099,M03140425021,OP,1,,,95,1,,,2026-08-30 00:09:00.087916+00:00,2026-08-30 00:09:00.087923+00:00,2026-08-30 00:08:59.977962+00:00
100,PGM100,M03140421921,OP,1,,,8,1,,,2026-08-30 00:09:00.088450+00:00,2026-08-30 00:09:00.088457+00:00,2026-08-30 00:08:59.977962+00:00
101,PGM101,M03140484921,OP,1,,,40,1,,,2026-08-30 00:09:00.089062+00:00,2026-08-30 00:09:00.089070+00:00,2026-08-30 00:08:59.977962+00:00
102,PGM102,M03140425421,OP,1,,,95,1,,,2026-08-30 00:09:00.089596+00:00,2026-08-30 00:09:00.089603+00:00,2026-08-30 00:08:59.977962+00:00
103,PGM103,M03140479521,OP,1,,,40,1,,,2026-08-30 00:09:00.090194+00:00,2026-08-30 00:09:00.090201+00:00,2026-08-30 00:08:59.977962+00:00
104,PGM104,M03140480421,OP,1,,,95,1,,,2026-08-30 00:09:00.090734+00:00,2026-08-30 00:09:00.090741+00:00,2026-08-30 00:08:59.977962+00:00
105,PGM105,M03140424921,OP,1,,,95,1,,,2026-08-30 00:09:00.091267+00:00,2026-08-30 00:09:00.091275+00:00,2026-08-30 00:08:59.977962+00:00
106,PGM106,M03140416721,OP,1,,,95,1,,,2026-08-30 00:09:00.091862+00:00,2026-08-30 00:09:00.091869+00:00,2026-08-30 00:08:59.977962+00:00
107,PGM107,M03140479421,OP,1,,,95,1,,,2026-08-30 00:09:00.092417+00:00,2026-08-30 00:09:00.092425+00:00,2026-08-30 00:08:59.977962+00:00
108,PGM108,M03140480821,OP,1,,,95,1,,,2026-08-30 00:09:00.093004+00:00,2026-08-30 00:09:00.093011+00:00,2026-08-30 00:08:59.977962+00:00
109,PGM109,M03140483821,OP,1,,,95,1,,,2026-08-30 00:09:00.093682+00:00,2026-08-30 00:09:00.093695+00:00,2026-08-30 00:08:59.977962+00:00
110,PGM110,M03140418021,OP,1,,,95,1,,,2026-08-30 00:09:00.094652+00:00,2026-08-30 00:09:00.094672+00:00,2026-08-30 00:08:59.977962+00:00
111,PGM111,M03140426921,OP,1,,,95,1,,,2026-08-30 00:09:00.095240+00:00,2026-08-30 00:09:00.095247+00:00,2026-08-30 00:08:59.977962+00:00
112,PGM112,M03140415821,OP,1,,,95,1,,,2026-08-30 00:09:00.095812+00:00,2026-08-30 00:09:00.095819+00:00,2026-08-30 00:08:59.977962+00:00
113,PGM113,M03140479021,OP,1,,,95,1,,,2026-08-30 00:09:00.096347+00:00,2026-08-30 00:09:00.096354+00:00,2026-08-30 00:08:59.977962+00:00
114,PGM114,M03140420621,OP,1,,,95,1,,,2026-08-30 00:09:00.096975+00:00,2026-08-30 00:09:00.096982+00:00,2026-08-30 00:08:59.977962+00:00
115,PGM115,M03140428821,OP,1,,,106,1,,,2026-08-30 00:09:00.097509+00:00,2026-08-30 00:09:00.097529+00:00,2026-08-30 00:08:59.977962+00:00
116,PGM116,M03140414521,OP,1,,,95,1,,,2026-08-30 00:09:00.098096+00:00,2026-08-30 00:09:00.098103+00:00,2026-08-30 00:08:59.977962+00:00
117,PGM117,M03140485321,OP,1,,,111,1,,,2026-08-30 00:09:00.098634+00:00,2026-08-30 00:09:00.098640+00:00,2026-08-30 00:08:59.977962+00:00
118,PGM118,M03140484021,OP,1,,,95,1,,,2026-08-30 00:09:00.099215+00:00,2026-08-30 00:09:00.099222+00:00,2026-08-30 00:08:59.977962+00:00
119,PGM119,M03140480921,OP,1,,,95,1,,,2026-08-30 00:09:00.099836+00:00,2026-08-30 00:09:00.099843+00:00,2026-08-30 00:08:59.977962+00:00
120,PGM120,XXX-00004,OP,1,,,110,1,,,2026-08-30 00:09:00.100518+00:00,2026-08-30 00:09:00.100526+00:00,2026-08-30 00:08:59.977962+00:00
121,PGM121,M03140478021,OP,1,,,95,1,,,2026-08-30 00:09:00.101185+00:00,2026-08-30 00:09:00.101193+00:00,2026-08-30 00:08:59.977962+00:00
122,PGM122,M03140413521,OP,1,,,95,1,,,2026-08-30 00:09:00.101995+00:00,2026-08-30 00:09:00.102011+00:00,2026-08-30 00:08:59.977962+00:00
123,PGM123,M03140420521,OP,1,,,95,1,,,2026-08-30 00:09:00.102925+00:00,2026-08-30 00:09:00.102933+00:00,2026-08-30 00:08:59.977962+00:00
124,PGM124,M03140419021,OP,1,,,6,1,,,2026-08-30 00:09:00.103465+00:00,2026-08-30 00:09:00.103473+00:00,2026-08-30 00:08:59.977962+00:00
125,PGM125,M03140412621,OP,1,,,95,1,,,2026-08-30 00:09:00.104086+00:00,2026-08-30 00:09:00.104093+00:00,2026-08-30 00:08:59.977962+00:00
126,PGM126,M03140417621,OP,1,,,95,1,,,2026-08-30 00:09:00.104590+00:00,2026-08-30 00:09:00.104597+00:00,2026-08-30 00:08:59.977962+00:00
127,PGM127,M03140422421,OP,1,,,95,1,,,2026-08-30 00:09:00.105205+00:00,2026-08-30 00:09:00.105212+00:00,2026-08-30 00:08:59.977962+00:00
128,PGM128,M03140416321,OP,1,,,96,1,,,2026-08-30 00:09:00.105840+00:00,2026-08-30 00:09:00.105848+00:00,2026-08-30 00:08:59.977962+00:00
129,PGM129,M03140414221,OP,1,,,106,1,,,2026-08-30 00:09:00.106427+00:00,2026-08-30 00:09:00.106434+00:00,2026-08-30 00:08:59.977962+00:00
130,PGM130,M02140484321,OP,1,,,95,1,,,2026-08-30 00:09:00.107093+00:00,2026-08-30 00:09:00.107100+00:00,2026-08-30 00:08:59.977962+00:00
131,PGM131,M03140482621,OP,1,,,106,1,,,2026-08-30 00:09:00.107704+00:00,2026-08-30 00:09:00.107713+00:00,2026-08-30 00:08:59.977962+00:00
132,PGM132,M02140416221,OP,1,,,95,1,,,2026-08-30 00:09:00.108285+00:00,2026-08-30 00:09:00.108292+00:00,2026-08-30 00:08:59.977962+00:00
133,PGM133,M03140483321,OP,1,,,95,1,,,2026-08-30 00:09:00.108897+00:00,2026-08-30 00:09:00.108904+00:00,2026-08-30 00:08:59.977962+00:00
134,PGM134,M03140425121,OP,1,,,95,1,,,2026-08-30 00:09:00.109468+00:00,2026-08-30 00:09:00.109476+00:00,2026-08-30 00:08:59.977962+00:00
135,PGM135,M03140477021,OP,1,,,95,1,,,2026-08-30 00:09:00.110068+00:00,2026-08-30 00:09:00.110075+00:00,2026-08-30 00:08:59.977962+00:00
136,PGM136,M03140477521,OP,1,,,95,1,,,2026-08-30 00:09:00.110604+00:00,2026-08-30 00:09:00.110612+00:00,2026-08-30 00:08:59.977962+00:00
137,PGM137,M03140413321,OP,1,,,95,1,,,2026-08-30 00:09:00.111377+00:00,2026-08-30 00:09:00.111385+00:00,2026-08-30 00:08:59.977962+00:00
138,PGM138,XXX-00005,OP,1,,,110,1,,,2026-08-30 00:09:00.112100+00:00,2026-08-30 00:09:00.112108+00:00,2026-08-30 00:08:59.977962+00:00
139,PGM139,M03140482421,OP,1,,,95,1,,,2026-08-30 00:09:00.112648+00:00,2026-08-30 00:09:00.112656+00:00,2026-08-30 00:08:59.977962+00:00
140,PGM140,M03140458921,OP,1,,,95,1,,,2026-08-30 00:09:00.113197+00:00,2026-08-30 00:09:00.113204+00:00,2026-08-30 00:08:59.977962+00:00
141,PGM141,M03140481721,OP,1,,,95,1,,,2026-08-30 00:09:00.113822+00:00,2026-08-30 00:09:00.113830+00:00,2026-08-30 00:08:59.977962+00:00
142,PGM142,M03140482021,OP,1,,,95,1,,,2026-08-30 00:09:00.114361+00:00,2026-08-30 00:09:00.114368+00:00,2026-08-30 00:08:59.977962+00:00
143,PGM143,M03140478721,OP,1,,,95,1,,,2026-08-30 00:09:00.114950+00:00,2026-08-30 00:09:00.114957+00:00,2026-08-30 00:08:59.977962+00:00
144,PGM144,M03140413221,OP,1,,,95,1,,,2026-08-30 00:09:00.115482+00:00,2026-08-30 00:09:00.115489+00:00,2026-08-30 00:08:59.977962+00:00
145,PGM145,M03140418121,OP,1,,,95,1,,,2026-08-30 00:09:00.116039+00:00,2026-08-30 00:09:00.116047+00:00,2026-08-30 00:08:59.977962+00:00
146,PGM146,M03140480121,OP,1,,,95,1,,,2026-08-30 00:09:00.116582+00:00,2026-08-30 00:09:00.116589+00:00,2026-08-30 00:08:59.977962+00:00
147,PGM147,M03140377721,OP,1,,,98,1,,,2026-08-30 00:09:00.117191+00:00,2026-08-30 00:09:00.117198+00:00,2026-08-30 00:08:59.977962+00:00
148,PGM148,M03140458321,OP,1,,,95,1,,,2026-08-30 00:09:00.117954+00:00,2026-08-30 00:09:00.117967+00:00,2026-08-30 00:08:59.977962+00:00
149,PGM149,XXX-00006,OP,1,,,110,1,,,2026-08-30 00:09:00.118936+00:00,2026-08-30 00:09:00.118944+00:00,2026-08-30 00:08:59.977962+00:00
150,PGM150,M03140452921,OP,1,,,95,1,,,2026-08-30 00:09:00.119734+00:00,2026-08-30 00:09:00.119742+00:00,2026-08-30 00:08:59.977962+00:00
151,PGM151,M03140479721,OP,1,,,95,1,,,2026-08-30 00:09:00.120423+00:00,2026-08-30 00:09:00.120430+00:00,2026-08-30 00:08:59.977962+00:00
152,PGM152,M03140458821,OP,1,,,95,1,,,2026-08-30 00:09:00.121096+00:00,2026-08-30 00:09:00.121103+00:00,2026-08-30 00:08:59.977962+00:00
153,PGM153,M03140456521,OP,1,,,95,1,,,2026-08-30 00:09:00.121794+00:00,2026-08-30 00:09:00.121802+00:00,2026-08-30 00:08:59.977962+00:00
154,PGM154,M03140456221,OP,1,,,95,1,,,2026-08-30 00:09:00.122510+00:00,2026-08-30 00:09:00.122518+00:00,2026-08-30 00:08:59.977962+00:00
155,PGM155,M03140457921,OP,1,,,95,1,,,2026-08-30 00:09:00.123212+00:00,2026-08-30 00:09:00.123219+00:00,2026-08-30 00:08:59.977962+00:00
156,PGM156,M03140417021,OP,1,,,95,1,,,2026-08-30 00:09:00.123952+00:00,2026-08-30 00:09:00.123959+00:00,2026-08-30 00:08:59.977962+00:00
157,PGM157,M03140480721,OP,1,,,106,1,,,2026-08-30 00:09:00.124561+00:00,2026-08-30 00:09:00.124568+00:00,2026-08-30 00:08:59.977962+00:00
158,PGM158,XXX-00007,OP,1,,,110,1,,,2026-08-30 00:09:00.125271+00:00,2026-08-30 00:09:00.125277+00:00,2026-08-30 00:08:59.977962+00:00
159,PGM159,M03140424721,OP,1,,,95,1,,,2026-08-30 00:09:00.125965+00:00,2026-08-30 00:09:00.125972+00:00,2026-08-30 00:08:59.977962+00:00
160,PGM160,M03140475821,OP,1,,,98,1,,,2026-08-30 00:09:00.126573+00:00,2026-08-30 00:09:00.126580+00:00,2026-08-30 00:08:59.977962+00:00
161,PGM161,XXX-00008,OP,1,,,110,1,,,2026-08-30 00:09:00.127362+00:00,2026-08-30 00:09:00.127390+00:00,2026-08-30 00:08:59.977962+00:00
162,PGM162,M03140486421,OP,2,,,95,1,,,2026-08-30 00:09:00.128124+00:00,2026-08-30 00:09:00.128132+00:00,2026-08-30 00:08:59.977962+00:00
163,PGM163,M03140477321,OP,1,,,95,1,,,2026-08-30 00:09:00.128802+00:00,2026-08-30 00:09:00.128809+00:00,2026-08-30 00:08:59.977962+00:00
164,PGM164,M03140455521,OP,1,,,98,1,,,2026-08-30 00:09:00.129492+00:00,2026-08-30 00:09:00.129499+00:00,2026-08-30 00:08:59.977962+00:00
165,PGM165,M03140435221,OP,1,,,95,1,,,2026-08-30 00:09:00.130206+00:00,2026-08-30 00:09:00.130213+00:00,2026-08-30 00:08:59.977962+00:00
166,PGM166,M03140448921,OP,1,,,95,1,,,2026-08-30 00:09:00.130919+00:00,2026-08-30 00:09:00.130926+00:00,2026-08-30 00:08:59.977962+00:00
167,PGM167,M03140453521,OP,1,,,95,1,,,2026-08-30 00:09:00.131603+00:00,2026-08-30 00:09:00.131611+00:00,2026-08-30 00:08:59.977962+00:00
168,PGM168,M03140416821,OP,1,,,95,1,,,2026-08-30 00:09:00.132346+00:00,2026-08-30 00:09:00.132354+00:00,2026-08-30 00:08:59.977962+00:00
169,PGM169,M03140419521,OP,1,,,114,1,,,2026-08-30 00:09:00.133068+00:00,2026-08-30 00:09:00.133076+00:00,2026-08-30 00:08:59.977962+00:00
170,PGM170,M03140420321,OP,1,,,95,1,,,2026-08-30 00:09:00.133874+00:00,2026-08-30 00:09:00.133882+00:00,2026-08-30 00:08:59.977962+00:00
171,PGM171,M03140423621,OP,1,,,95,1,,,2026-08-30 00:09:00.134644+00:00,2026-08-30 00:09:00.134656+00:00,2026-08-30 00:08:59.977962+00:00
172,PGM172,M03140484821,OP,1,,,95,1,,,2026-08-30 00:09:00.135559+00:00,2026-08-30 00:09:00.135566+00:00,2026-08-30 00:08:59.977962+00:00
173,PGM173,M03140485521,OP,1,,,95,1,,,2026-08-30 00:09:00.136310+00:00,2026-08-30 00:09:00.136317+00:00,2026-08-30 00:08:59.977962+00:00
174,PGM174,M03140452221,OP,1,,,95,1,,,2026-08-30 00:09:00.136998+00:00,2026-08-30 00:09:00.137005+00:00,2026-08-30 00:08:59.977962+00:00
175,PGM175,M03140422621,OP,1,,,95,1,,,2026-08-30 00:09:00.137656+00:00,2026-08-30 00:09:00.137670+00:00,2026-08-30 00:08:59.977962+00:00
176,PGM176,M03140454221,OP,1,,,95,1,,,2026-08-30 00:09:00.138465+00:00,2026-08-30 00:09:00.138473+00:00,2026-08-30 00:08:59.977962+00:00
177,PGM177,M03140459021,OP,1,,,95,1,,,2026-08-30 00:09:00.139169+00:00,2026-08-30 00:09:00.139176+00:00,2026-08-30 00:08:59.977962+00:00
178,PGM178,M03140450621,OP,1,,,95,1,,,2026-08-30 00:09:00.139929+00:00,2026-08-30 00:09:00.139936+00:00,2026-08-30 00:08:59.977962+00:00
179,PGM179,M03140475721,OP,1,,,95,1,,,2026-08-30 00:09:00.140625+00:00,2026-08-30 00:09:00.140633+00:00,2026-08-30 00:08:59.977962+00:00
180,PGM180,M03140425921,OP,1,,,100,1,,,2026-08-30 00:09:00.141364+00:00,2026-08-30 00:09:00.141371+00:00,2026-08-30 00:08:59.977962+00:00
181,PGM181,M03140478321,OP,1,,,95,1,,,2026-08-30 00:09:00.142146+00:00,2026-08-30 00:09:00.142153+00:00,2026-08-30 00:08:59.977962+00:00
182,PGM182,M03140453021,OP,1,,,40,1,,,2026-08-30 00:09:00.142900+00:00,2026-08-30 00:09:00.142907+00:00,2026-08-30 00:08:59.977962+00:00
183,PGM183,M03140477121,OP,1,,,99,1,,,2026-08-30 00:09:00.143531+00:00,2026-08-30 00:09:00.143538+00:00,2026-08-30 00:08:59.977962+00:00
184,PGM184,M03140476321,OP,1,,,95,1,,,2026-08-30 00:09:00.144228+00:00,2026-08-30 00:09:00.144249+00:00,2026-08-30 00:08:59.977962+00:00
185,PGM185,M03140450121,OP,1,,,111,1,,,2026-08-30 00:09:00.145118+00:00,2026-08-30 00:09:00.145125+00:00,2026-08-30 00:08:59.977962+00:00
186,PGM186,M03140421321,OP,1,,,95,1,,,2026-08-30 00:09:00.145855+00:00,2026-08-30 00:09:00.145863+00:00,2026-08-30 00:08:59.977962+00:00
187,PGM187,M03140435421,OP,1,,,95,1,,,2026-08-30 00:09:00.146536+00:00,2026-08-30 00:09:00.146544+00:00,2026-08-30 00:08:59.977962+00:00
188,PGM188,M03140414121,OP,1,,,40,1,,,2026-08-30 00:09:00.147243+00:00,2026-08-30 00:09:00.147251+00:00,2026-08-30 00:08:59.977962+00:00
189,PGM189,M03140419221,OP,1,,,98,1,,,2026-08-30 00:09:00.147978+00:00,2026-08-30 00:09:00.147986+00:00,2026-08-30 00:08:59.977962+00:00
190,PGM190,M03140433021,OP,1,,,95,1,,,2026-08-30 00:09:00.148661+00:00,2026-08-30 00:09:00.148676+00:00,2026-08-30 00:08:59.977962+00:00
191,PGM191,M03140423321,OP,1,,,95,1,,,2026-08-30 00:09:00.149398+00:00,2026-08-30 00:09:00.149406+00:00,2026-08-30 00:08:59.977962+00:00
192,PGM192,M03140432721,OP,1,,,95,1,,,2026-08-30 00:09:00.150141+00:00,2026-08-30 00:09:00.150149+00:00,2026-08-30 00:08:59.977962+00:00
193,PGM193,M03140427021,OP,1,,,103,1,,,2026-08-30 00:09:00.150965+00:00,2026-08-30 00:09:00.150973+00:00,2026-08-30 00:08:59.977962+00:00
194,PGM194,XXX-00009,OP,1,,,110,1,,,2026-08-30 00:09:00.151851+00:00,2026-08-30 00:09:00.151859+00:00,2026-08-30 00:08:59.977962+00:00
195,PGM195,M03140432221,OP,1,,,95,1,,,2026-08-30 00:09:00.152573+00:00,2026-08-30 00:09:00.152581+00:00,2026-08-30 00:08:59.977962+00:00
196,PGM196,M03140417921,OP,1,,,95,1,,,2026-08-30 00:09:00.153347+00:00,2026-08-30 00:09:00.153355+00:00,2026-08-30 00:08:59.977962+00:00
197,PGM197,M03140481321,OP,1,,,95,1,,,2026-08-30 00:09:00.154092+00:00,2026-08-30 00:09:00.154099+00:00,2026-08-30 00:08:59.977962+00:00
198,PGM198,M03140416121,OP,1,,,95,1,,,2026-08-30 00:09:00.154857+00:00,2026-08-30 00:09:00.154865+00:00,2026-08-30 00:08:59.977962+00:00
199,PGM199,M03140428321,OP,1,,,95,1,,,2026-08-30 00:09:00.155533+00:00,2026-08-30 00:09:00.155540+00:00,2026-08-30 00:08:59.977962+00:00
200,PGM200,M03140419821,OP,1,,,95,1,,,2026-08-30 00:09:00.156263+00:00,2026-08-30 00:09:00.156270+00:00,2026-08-30 00:08:59.977962+00:00
201,PGM201,M03140455621,OP,1,,,95,1,,,2026-08-30 00:09:00.156969+00:00,2026-08-30 00:09:00.156977+00:00,2026-08-30 00:08:59.977962+00:00
202,PGM202,M03140423821,OP,1,,,95,1,,,2026-08-30 00:09:00.157663+00:00,2026-08-30 00:09:00.157700+00:00,2026-08-30 00:08:59.977962+00:00
203,PGM203,M03140454521,OP,1,,,54,1,,,2026-08-30 00:09:00.158402+00:00,2026-08-30 00:09:00.158409+00:00,2026-08-30 00:08:59.977962+00:00
204,PGM204,M03140457521,OP,1,,,95,1,,,2026-08-30 00:09:00.159136+00:00,2026-08-30 00:09:00.159143+00:00,2026-08-30 00:08:59.977962+00:00
205,PGM205,M03140425221,OP,1,,,111,1,,,2026-08-30 00:09:00.159868+00:00,2026-08-30 00:09:00.159876+00:00,2026-08-30 00:08:59.977962+00:00
206,PGM206,M03140418321,OP,1,,,95,1,,,2026-08-30 00:09:00.160700+00:00,2026-08-30 00:09:00.160724+00:00,2026-08-30 00:08:59.977962+00:00
207,PGM207,M03140455221,OP,1,,,95,1,,,2026-08-30 00:09:00.161402+00:00,2026-08-30 00:09:00.161409+00:00,2026-08-30 00:08:59.977962+00:00
208,PGM208,M03140433621,OP,1,,,95,1,,,2026-08-30 00:09:00.162141+00:00,2026-08-30 00:09:00.162149+00:00,2026-08-30 00:08:59.977962+00:00
209,PGM209,M03140454921,OP,1,,,95,1,,,2026-08-30 00:09:00.162887+00:00,2026-08-30 00:09:00.162895+00:00,2026-08-30 00:08:59.977962+00:00
210,PGM210,M03140434021,OP,1,,,95,1,,,2026-08-30 00:09:00.163577+00:00,2026-08-30 00:09:00.163585+00:00,2026-08-30 00:08:59.977962+00:00
211,PGM211,M03140434121,OP,1,,,111,1,,,2026-08-30 00:09:00.164323+00:00,2026-08-30 00:09:00.164331+00:00,2026-08-30 00:08:59.977962+00:00
212,PGM212,XXX-00010,OP,1,,,95,1,,,2026-08-30 00:09:00.164980+00:00,2026-08-30 00:09:00.164987+00:00,2026-08-30 00:08:59.977962+00:00
213,PGM213,M03140460021,OP,1,,,95,1,,,2026-08-30 00:09:00.165630+00:00,2026-08-30 00:09:00.165637+00:00,2026-08-30 00:08:59.977962+00:00
214,PGM214,M03140476721,OP,1,,,54,1,,,2026-08-30 00:09:00.166339+00:00,2026-08-30 00:09:00.166346+00:00,2026-08-30 00:08:59.977962+00:00
215,PGM215,M03140420721,OP,1,,,95,1,,,2026-08-30 00:09:00.167204+00:00,2026-08-30 00:09:00.167211+00:00,2026-08-30 00:08:59.977962+00:00
216,PGM216,M03140482821,OP,1,,,111,1,,,2026-08-30 00:09:00.168121+00:00,2026-08-30 00:09:00.168129+00:00,2026-08-30 00:08:59.977962+00:00
217,PGM217,M03140434521,OP,1,,,95,1,,,2026-08-30 00:09:00.168905+00:00,2026-08-30 00:09:00.168913+00:00,2026-08-30 00:08:59.977962+00:00
218,PGM218,M03140418821,OP,1,,,99,1,,,2026-08-30 00:09:00.169612+00:00,2026-08-30 00:09:00.169619+00:00,2026-08-30 00:08:59.977962+00:00
219,PGM219,M03140484721,OP,1,,,104,1,,,2026-08-30 00:09:00.170353+00:00,2026-08-30 00:09:00.170360+00:00,2026-08-30 00:08:59.977962+00:00
220,PGM220,M03140421721,OP,1,,,95,1,,,2026-08-30 00:09:00.171151+00:00,2026-08-30 00:09:00.171159+00:00,2026-08-30 00:08:59.977962+00:00
221,PGM221,M03140429421,OP,1,,,95,1,,,2026-08-30 00:09:00.171912+00:00,2026-08-30 00:09:00.171937+00:00,2026-08-30 00:08:59.977962+00:00
222,PGM222,M03140432921,OP,1,,,95,1,,,2026-08-30 00:09:00.172626+00:00,2026-08-30 00:09:00.172634+00:00,2026-08-30 00:08:59.977962+00:00
223,PGM223,XXX-00011,OP,1,,,110,1,,,2026-08-30 00:09:00.173388+00:00,2026-08-30 00:09:00.173395+00:00,2026-08-30 00:08:59.977962+00:00
224,PGM224,M03140421821,OP,1,,,40,1,,,2026-08-30 00:09:00.174146+00:00,2026-08-30 00:09:00.174153+00:00,2026-08-30 00:08:59.977962+00:00
225,PGM225,M03140450821,OP,1,,,106,1,,,2026-08-30 00:09:00.174834+00:00,2026-08-30 00:09:00.174841+00:00,2026-08-30 00:08:59.977962+00:00
226,PGM226,M03140427621,OP,1,,,95,1,,,2026-08-30 00:09:00.175509+00:00,2026-08-30 00:09:00.175516+00:00,2026-08-30 00:08:59.977962+00:00
227,PGM227,M03140479621,OP,2,,,95,1,,,2026-08-30 00:09:00.176216+00:00,2026-08-30 00:09:00.176224+00:00,2026-08-30 00:08:59.977962+00:00
228,PGM228,M03140458421,OP,1,,,95,1,,,2026-08-30 00:09:00.176898+00:00,2026-08-30 00:09:00.176906+00:00,2026-08-30 00:08:59.977962+00:00
229,PGM229,M03140432021,OP,1,,,104,1,,,2026-08-30 00:09:00.177597+00:00,2026-08-30 00:09:00.177605+00:00,2026-08-30 00:08:59.977962+00:00
230,PGM230,M03140459221,OP,1,,,95,1,,,2026-08-30 00:09:00.178306+00:00,2026-08-30 00:09:00.178314+00:00,2026-08-30 00:08:59.977962+00:00
231,PGM231,M03140422321,OP,1,,,111,1,,,2026-08-30 00:09:00.178946+00:00,2026-08-30 00:09:00.178954+00:00,2026-08-30 00:08:59.977962+00:00
232,PGM232,M03140418721,OP,1,,,95,1,,,2026-08-30 00:09:00.179645+00:00,2026-08-30 00:09:00.179653+00:00,2026-08-30 00:08:59.977962+00:00
233,PGM233,M03140454721,OP,1,,,95,1,,,2026-08-30 00:09:00.180358+00:00,2026-08-30 00:09:00.180366+00:00,2026-08-30 00:08:59.977962+00:00
234,PGM234,M03140485721,OP,1,,,111,1,,,2026-08-30 00:09:00.181055+00:00,2026-08-30 00:09:00.181062+00:00,2026-08-30 00:08:59.977962+00:00
235,PGM235,M03140425721,OP,1,,,95,1,,,2026-08-30 00:09:00.181758+00:00,2026-08-30 00:09:00.181766+00:00,2026-08-30 00:08:59.977962+00:00
236,PGM236,M03140432821,OP,1,,,95,1,,,2026-08-30 00:09:00.182459+00:00,2026-08-30 00:09:00.182467+00:00,2026-08-30 00:08:59.977962+00:00
237,PGM237,M03140450721,OP,1,,,95,1,,,2026-08-30 00:09:00.183096+00:00,2026-08-30 00:09:00.183103+00:00,2026-08-30 00:08:59.977962+00:00
238,PGM238,M03140413621,OP,1,,,95,1,,,2026-08-30 00:09:00.183806+00:00,2026-08-30 00:09:00.183814+00:00,2026-08-30 00:08:59.977962+00:00
239,PGM239,M03149414721,OP,1,,,95,1,,,2026-08-30 00:09:00.184447+00:00,2026-08-30 00:09:00.184454+00:00,2026-08-30 00:08:59.977962+00:00
240,PGM240,M03140434221,OP,1,,,112,1,,,2026-08-30 00:09:00.185235+00:00,2026-08-30 00:09:00.185248+00:00,2026-08-30 00:08:59.977962+00:00
241,PGM241,M03140459921,OP,1,,,95,1,,,2026-08-30 00:09:00.185993+00:00,2026-08-30 00:09:00.186001+00:00,2026-08-30 00:08:59.977962+00:00
242,PGM242,M03140452021,OP,1,,,95,1,,,2026-08-30 00:09:00.186756+00:00,2026-08-30 00:09:00.186763+00:00,2026-08-30 00:08:59.977962+00:00
243,PGM243,M03140456321,OP,1,,,95,1,,,2026-08-30 00:09:00.187464+00:00,2026-08-30 00:09:00.187472+00:00,2026-08-30 00:08:59.977962+00:00
244,PGM244,M03140482721,OP,1,,,95,1,,,2026-08-30 00:09:00.188193+00:00,2026-08-30 00:09:00.188201+00:00,2026-08-30 00:08:59.977962+00:00
245,PGM245,M03140480021,OP,1,,,106,1,,,2026-08-30 00:09:00.188921+00:00,2026-08-30 00:09:00.188929+00:00,2026-08-30 00:08:59.977962+00:00
246,PGM246,M03140449321,OP,1,,,95,1,,,2026-08-30 00:09:00.189622+00:00,2026-08-30 00:09:00.189630+00:00,2026-08-30 00:08:59.977962+00:00
247,PGM247,M03140416621,OP,1,,,95,1,,,2026-08-30 00:09:00.190386+00:00,2026-08-30 00:09:00.190394+00:00,2026-08-30 00:08:59.977962+00:00
248,PGM248,M03140450321,OP,1,,,95,1,,,2026-08-30 00:09:00.191105+00:00,2026-08-30 00:09:00.191113+00:00,2026-08-30 00:08:59.977962+00:00
249,PGM249,M03140482321,OP,1,,,95,1,,,2026-08-30 00:09:00.191859+00:00,2026-08-30 00:09:00.191867+00:00,2026-08-30 00:08:59.977962+00:00
250,PGM250,XXX-00013,OP,1,,,110,1,,,2026-08-30 00:09:00.192554+00:00,2026-08-30 00:09:00.192562+00:00,2026-08-30 00:08:59.977962+00:00
251,PGM251,M03140431921,OP,1,,,99,1,,,2026-08-30 00:09:00.193203+00:00,2026-08-30 00:09:00.193211+00:00,2026-08-30 00:08:59.977962+00:00
252,PGM252,M03140422721,OP,1,,,95,1,,,2026-08-30 00:09:00.193884+00:00,2026-08-30 00:09:00.193892+00:00,2026-08-30 00:08:59.977962+00:00
253,PGM253,XXX-00014,OP,1,,,110,1,,,2026-08-30 00:09:00.194609+00:00,2026-08-30 00:09:00.194616+00:00,2026-08-30 00:08:59.977962+00:00
254,PGM254,M03140422221`,OP,1,,,98,1,,,2026-08-30 00:09:00.195366+00:00,2026-08-30 00:09:00.195374+00:00,2026-08-30 00:08:59.977962+00:00
255,PGM255,M03140425621,OP,1,,,95,1,,,2026-08-30 00:09:00.196075+00:00,2026-08-30 00:09:00.196083+00:00,2026-08-30 00:08:59.977962+00:00
256,PGM256,M02140424221,OP,1,,,95,1,,,2026-08-30 00:09:00.196784+00:00,2026-08-30 00:09:00.196792+00:00,2026-08-30 00:08:59.977962+00:00
257,PGM257,M03140485021,OP,1,,,95,1,,,2026-08-30 00:09:00.197480+00:00,2026-08-30 00:09:00.197488+00:00,2026-08-30 00:08:59.977962+00:00
258,PGM258,M03140457321,OP,1,,,38,1,,,2026-08-30 00:09:00.198184+00:00,2026-08-30 00:09:00.198192+00:00,2026-08-30 00:08:59.977962+00:00
259,PGM259,M03140435321,OP,1,,,95,1,,,2026-08-30 00:09:00.198862+00:00,2026-08-30 00:09:00.198869+00:00,2026-08-30 00:08:59.977962+00:00
260,PGM260,XXX-00015,OP,1,,,110,1,,,2026-08-30 00:09:00.199565+00:00,2026-08-30 00:09:00.199573+00:00,2026-08-30 00:08:59.977962+00:00
261,PGM261,M03140416421,OP,2,,,9,1,,,2026-08-30 00:09:00.200253+00:00,2026-08-30 00:09:00.200261+00:00,2026-08-30 00:08:59.977962+00:00
262,PGM262,M03140418221,OP,1,,,95,1,,,2026-08-30 00:09:00.200932+00:00,2026-08-30 00:09:00.200940+00:00,2026-08-30 00:08:59.977962+00:00
263,PGM263,XXX-00016,OP,1,,,110,1,,,2026-08-30 00:09:00.201718+00:00,2026-08-30 00:09:00.201730+00:00,2026-08-30 00:08:59.977962+00:00
264,PGM264,M03140417421,OP,1,,,95,1,,,2026-08-30 00:09:00.202469+00:00,2026-08-30 00:09:00.202478+00:00,2026-08-30 00:08:59.977962+00:00
265,PGM265,M03140426621,OP,1,,,95,1,,,2026-08-30 00:09:00.203193+00:00,2026-08-30 00:09:00.203200+00:00,2026-08-30 00:08:59.977962+00:00
266,PGM266,M03140434721,OP,1,,,95,1,,,2026-08-30 00:09:00.203903+00:00,2026-08-30 00:09:00.203910+00:00,2026-08-30 00:08:59.977962+00:00
267,PGM267,XXX-00017,OP,1,,,110,1,,,2026-08-30 00:09:00.204598+00:00,2026-08-30 00:09:00.204606+00:00,2026-08-30 00:08:59.977962+00:00
268,PGM268,M03140427121,OP,1,,,95,1,,,2026-08-30 00:09:00.205234+00:00,2026-08-30 00:09:00.205243+00:00,2026-08-30 00:08:59.977962+00:00
269,PGM269,M03140476421,OP,1,,,95,1,,,2026-08-30 00:09:00.205913+00:00,2026-08-30 00:09:00.205921+00:00,2026-08-30 00:08:59.977962+00:00
270,PGM270,M03140417121,OP,1,,,95,1,,,2026-08-30 00:09:00.206633+00:00,2026-08-30 00:09:00.206641+00:00,2026-08-30 00:08:59.977962+00:00
271,PGM271,M03140484621,OP,1,,,95,1,,,2026-08-30 00:09:00.207335+00:00,2026-08-30 00:09:00.207343+00:00,2026-08-30 00:08:59.977962+00:00
272,PGM272,M03140413821,OP,2,,,9,1,,,2026-08-30 00:09:00.208014+00:00,2026-08-30 00:09:00.208022+00:00,2026-08-30 00:08:59.977962+00:00
273,PGM273,M03140476121,OP,1,,,95,1,,,2026-08-30 00:09:00.208726+00:00,2026-08-30 00:09:00.208734+00:00,2026-08-30 00:08:59.977962+00:00
274,PGM274,M03140433321,OP,1,,,95,1,,,2026-08-30 00:09:00.209478+00:00,2026-08-30 00:09:00.209487+00:00,2026-08-30 00:08:59.977962+00:00
275,PGM275,M03140433121,OP,1,,,33,1,,,2026-08-30 00:09:00.210232+00:00,2026-08-30 00:09:00.210240+00:00,2026-08-30 00:08:59.977962+00:00
276,PGM276,M03140486221,OP,1,,,95,1,,,2026-08-30 00:09:00.210969+00:00,2026-08-30 00:09:00.210977+00:00,2026-08-30 00:08:59.977962+00:00
277,PGM277,M03140484221,OP,1,,,98,1,,,2026-08-30 00:09:00.211657+00:00,2026-08-30 00:09:00.211670+00:00,2026-08-30 00:08:59.977962+00:00
278,PGM278,M03140485621,OP,1,,,95,1,,,2026-08-30 00:09:00.212328+00:00,2026-08-30 00:09:00.212336+00:00,2026-08-30 00:08:59.977962+00:00
279,PGM279,M03140431221,OP,1,,,95,1,,,2026-08-30 00:09:00.212943+00:00,2026-08-30 00:09:00.212950+00:00,2026-08-30 00:08:59.977962+00:00
280,PGM280,M03140477621,OP,1,,,95,1,,,2026-08-30 00:09:00.213586+00:00,2026-08-30 00:09:00.213593+00:00,2026-08-30 00:08:59.977962+00:00
281,PGM281,M03140421021,OP,1,,,54,1,,,2026-08-30 00:09:00.214261+00:00,2026-08-30 00:09:00.214269+00:00,2026-08-30 00:08:59.977962+00:00
282,PGM282,XXX-00018,OP,1,,,110,1,,,2026-08-30 00:09:00.214898+00:00,2026-08-30 00:09:00.214906+00:00,2026-08-30 00:08:59.977962+00:00
283,PGM283,M03140476021,OP,2,,,95,1,,,2026-08-30 00:09:00.215556+00:00,2026-08-30 00:09:00.215563+00:00,2026-08-30 00:08:59.977962+00:00
284,PGM284,M03140421621,OP,1,,,95,1,,,2026-08-30 00:09:00.216178+00:00,2026-08-30 00:09:00.216185+00:00,2026-08-30 00:08:59.977962+00:00
285,PGM285,XXX-00019,OP,1,,,110,1,,,2026-08-30 00:09:00.216855+00:00,2026-08-30 00:09:00.216862+00:00,2026-08-30 00:08:59.977962+00:00
286,PGM286,M03140418421,OP,1,,,40,1,,,2026-08-30 00:09:00.217538+00:00,2026-08-30 00:09:00.217545+00:00,2026-08-30 00:08:59.977962+00:00
287,PGM287,M03140481621,OP,1,,,100,1,,,2026-08-30 00:09:00.218375+00:00,2026-08-30 00:09:00.218383+00:00,2026-08-30 00:08:59.977962+00:00
288,PGM288,M03140484421,OP,2,,,113,1,,,2026-08-30 00:09:00.219079+00:00,2026-08-30 00:09:00.219087+00:00,2026-08-30 00:08:59.977962+00:00
289,PGM289,M03140450921,OP,1,,,95,1,,,2026-08-30 00:09:00.219855+00:00,2026-08-30 00:09:00.219863+00:00,2026-08-30 00:08:59.977962+00:00
290,PGM290,M03140413421,OP,1,,,100,1,,,2026-08-30 00:09:00.220561+00:00,2026-08-30 00:09:00.220568+00:00,2026-08-30 00:08:59.977962+00:00
291,PGM291,M03140419421,OP,1,,,95,1,,,2026-08-30 00:09:00.221340+00:00,2026-08-30 00:09:00.221348+00:00,2026-08-30 00:08:59.977962+00:00
292,PGM292,M03140485421,OP,1,,,95,1,,,2026-08-30 00:09:00.222069+00:00,2026-08-30 00:09:00.222077+00:00,2026-08-30 00:08:59.977962+00:00
293,PGM293,M03140459621,OP,1,,,40,1,,,2026-08-30 00:09:00.223030+00:00,2026-08-30 00:09:00.223038+00:00,2026-08-30 00:08:59.977962+00:00
294,PGM294,M03140427421,OP,1,,,100,1,,,2026-08-30 00:09:00.223757+00:00,2026-08-30 00:09:00.223765+00:00,2026-08-30 00:08:59.977962+00:00
295,PGM295,M03140428721,OP,1,,,95,1,,,2026-08-30 00:09:00.224457+00:00,2026-08-30 00:09:00.224464+00:00,2026-08-30 00:08:59.977962+00:00
296,PGM296,M03140423421,OP,1,,,19,1,,,2026-08-30 00:09:00.225166+00:00,2026-08-30 00:09:00.225173+00:00,2026-08-30 00:08:59.977962+00:00
297,PGM297,M03140433821,OP,1,,,95,1,,,2026-08-30 00:09:00.225821+00:00,2026-08-30 00:09:00.225829+00:00,2026-08-30 00:08:59.977962+00:00
298,PGM298,M03140416021,OP,1,,,95,1,,,2026-08-30 00:09:00.226523+00:00,2026-08-30 00:09:00.226531+00:00,2026-08-30 00:08:59.977962+00:00
299,PGM299,M03140415521,OP,1,,,95,1,,,2026-08-30 00:09:00.227222+00:00,2026-08-30 00:09:00.227230+00:00,2026-08-30 00:08:59.977962+00:00
300,PGM300,M03140422821,OP,1,,,95,1,,,2026-08-30 00:09:00.227972+00:00,2026-08-30 00:09:00.227980+00:00,2026-08-30 00:08:59.977962+00:00
301,PGM301,M03140478621,OP,1,,,95,1,,,2026-08-30 00:09:00.228640+00:00,2026-08-30 00:09:00.228648+00:00,2026-08-30 00:08:59.977962+00:00
302,PGM302,M02140477221,OP,1,,,54,1,,,2026-08-30 00:09:00.229253+00:00,2026-08-30 00:09:00.229260+00:00,2026-08-30 00:08:59.977962+00:00
303,PGM303,M03140414821,OP,1,,,95,1,,,2026-08-30 00:09:00.229867+00:00,2026-08-30 00:09:00.229874+00:00,2026-08-30 00:08:59.977962+00:00
304,PGM304,M03140449121,OP,1,,,100,1,,,2026-08-30 00:09:00.230534+00:00,2026-08-30 00:09:00.230541+00:00,2026-08-30 00:08:59.977962+00:00
305,PGM305,M03140483221,OP,1,,,95,1,,,2026-08-30 00:09:00.231180+00:00,2026-08-30 00:09:00.231188+00:00,2026-08-30 00:08:59.977962+00:00
306,PGM306,M03140426821,OP,1,,,98,1,,,2026-08-30 00:09:00.231887+00:00,2026-08-30 00:09:00.231895+00:00,2026-08-30 00:08:59.977962+00:00
307,PGM307,M03140451221,OP,1,,,19,1,,,2026-08-30 00:09:00.232567+00:00,2026-08-30 00:09:00.232574+00:00,2026-08-30 00:08:59.977962+00:00
308,PGM308,M03140426421,OP,1,,,95,1,,,2026-08-30 00:09:00.233222+00:00,2026-08-30 00:09:00.233229+00:00,2026-08-30 00:08:59.977962+00:00
309,PGM309,M03140458521,OP,1,,,95,1,,,2026-08-30 00:09:00.233899+00:00,2026-08-30 00:09:00.233906+00:00,2026-08-30 00:08:59.977962+00:00
310,PGM310,XXX-00020,OP,1,,,110,1,,,2026-08-30 00:09:00.234574+00:00,2026-08-30 00:09:00.234586+00:00,2026-08-30 00:08:59.977962+00:00
311,PGM311,M03140459321,OP,1,,,103,1,,,2026-08-30 00:09:00.235269+00:00,2026-08-30 00:09:00.235277+00:00,2026-08-30 00:08:59.977962+00:00
312,PGM312,M03140455421,OP,1,,,95,1,,,2026-08-30 00:09:00.235978+00:00,2026-08-30 00:09:00.235986+00:00,2026-08-30 00:08:59.977962+00:00
313,PGM313,M03140415421,OP,1,,,95,1,,,2026-08-30 00:09:00.236661+00:00,2026-08-30 00:09:00.236700+00:00,2026-08-30 00:08:59.977962+00:00
314,PGM314,M03140435721,OP,1,,,110,1,,,2026-08-30 00:09:00.237437+00:00,2026-08-30 00:09:00.237444+00:00,2026-08-30 00:08:59.977962+00:00
315,PGM315,M03140431621,OP,1,,,95,1,,,2026-08-30 00:09:00.238151+00:00,2026-08-30 00:09:00.238159+00:00,2026-08-30 00:08:59.977962+00:00
316,PGM316,M03140455021,OP,1,,,95,1,,,2026-08-30 00:09:00.238936+00:00,2026-08-30 00:09:00.238944+00:00,2026-08-30 00:08:59.977962+00:00
317,PGM317,M03140486021,OP,1,,,95,1,,,2026-08-30 00:09:00.239654+00:00,2026-08-30 00:09:00.239662+00:00,2026-08-30 00:08:59.977962+00:00
318,PGM318,M03140452721,OP,1,,,95,1,,,2026-08-30 00:09:00.240306+00:00,2026-08-30 00:09:00.240314+00:00,2026-08-30 00:08:59.977962+00:00
319,PGM319,M03140448821,OP,1,,,95,1,,,2026-08-30 00:09:00.240978+00:00,2026-08-30 00:09:00.240987+00:00,2026-08-30 00:08:59.977962+00:00
320,PGM320,M03140484121,OP,1,,,7,1,,,2026-08-30 00:09:00.241691+00:00,2026-08-30 00:09:00.241699+00:00,2026-08-30 00:08:59.977962+00:00
321,PGM321,M03140419721,OP,1,,,95,1,,,2026-08-30 00:09:00.242374+00:00,2026-08-30 00:09:00.242382+00:00,2026-08-30 00:08:59.977962+00:00
322,PGM322,M03140423021,OP,1,,,24,1,,,2026-08-30 00:09:00.243083+00:00,2026-08-30 00:09:00.243090+00:00,2026-08-30 00:08:59.977962+00:00
323,PGM323,M03140426321,OP,1,,,95,1,,,2026-08-30 00:09:00.243864+00:00,2026-08-30 00:09:00.243871+00:00,2026-08-30 00:08:59.977962+00:00
324,PGM324,M03140413021,OP,1,,,95,1,,,2026-08-30 00:09:00.244537+00:00,2026-08-30 00:09:00.244545+00:00,2026-08-30 00:08:59.977962+00:00
325,PGM325,M03140420121,OP,1,,,95,1,,,2026-08-30 00:09:00.245421+00:00,2026-08-30 00:09:00.245429+00:00,2026-08-30 00:08:59.977962+00:00
326,PGM326,M03140429321,OP,1,,,95,1,,,2026-08-30 00:09:00.246135+00:00,2026-08-30 00:09:00.246143+00:00,2026-08-30 00:08:59.977962+00:00
327,PGM327,M03140424121,OP,1,,,104,1,,,2026-08-30 00:09:00.246844+00:00,2026-08-30 00:09:00.246852+00:00,2026-08-30 00:08:59.977962+00:00
328,PGM328,M03140426021,OP,1,,,95,1,,,2026-08-30 00:09:00.247467+00:00,2026-08-30 00:09:00.247475+00:00,2026-08-30 00:08:59.977962+00:00
329,PGM329,M03140422021,OP,1,,,98,1,,,2026-08-30 00:09:00.248200+00:00,2026-08-30 00:09:00.248208+00:00,2026-08-30 00:08:59.977962+00:00
330,PGM330,XXX-00022,OP,1,,,110,1,,,2026-08-30 00:09:00.248855+00:00,2026-08-30 00:09:00.248862+00:00,2026-08-30 00:08:59.977962+00:00
331,PGM331,M03140481921,OP,1,,,95,1,,,2026-08-30 00:09:00.249549+00:00,2026-08-30 00:09:00.249557+00:00,2026-08-30 00:08:59.977962+00:00
332,PGM332,M03140420221,OP,1,,,95,1,,,2026-08-30 00:09:00.250287+00:00,2026-08-30 00:09:00.250294+00:00,2026-08-30 00:08:59.977962+00:00
333,PGM333,M03140479821,OP,1,,,95,1,,,2026-08-30 00:09:00.251053+00:00,2026-08-30 00:09:00.251061+00:00,2026-08-30 00:08:59.977962+00:00
334,PGM334,M03140484521,OP,1,,,98,1,,,2026-08-30 00:09:00.251841+00:00,2026-08-30 00:09:00.251854+00:00,2026-08-30 00:08:59.977962+00:00
335,PGM335,M03140414921,OP,1,,,95,1,,,2026-08-30 00:09:00.252597+00:00,2026-08-30 00:09:00.252605+00:00,2026-08-30 00:08:59.977962+00:00
336,PGM336,M03140486721,OP,1,,,95,1,,,2026-08-30 00:09:00.253331+00:00,2026-08-30 00:09:00.253339+00:00,2026-08-30 00:08:59.977962+00:00
337,PGM337,M03140424521,OP,1,,,95,1,,,2026-08-30 00:09:00.254084+00:00,2026-08-30 00:09:00.254092+00:00,2026-08-30 00:08:59.977962+00:00
338,PGM338,M03140479921,OP,1,,,99,1,,,2026-08-30 00:09:00.254787+00:00,2026-08-30 00:09:00.254795+00:00,2026-08-30 00:08:59.977962+00:00
339,PGM339,M03101845621,OP,1,,,95,1,,,2026-08-30 00:09:00.255517+00:00,2026-08-30 00:09:00.255525+00:00,2026-08-30 00:08:59.977962+00:00
340,PGM340,M03104018621,OP,1,,,95,1,,,2026-08-30 00:09:00.256276+00:00,2026-08-30 00:09:00.256284+00:00,2026-08-30 00:08:59.977962+00:00
341,PGM341,M03140449721,OP,1,,,104,1,,,2026-08-30 00:09:00.256942+00:00,2026-08-30 00:09:00.256950+00:00,2026-08-30 00:08:59.977962+00:00
342,PGM342,M03140423921,OP,1,,,95,1,,,2026-08-30 00:09:00.257631+00:00,2026-08-30 00:09:00.257638+00:00,2026-08-30 00:08:59.977962+00:00
343,PGM343,M03140480221,OP,2,,,9,1,,,2026-08-30 00:09:00.258351+00:00,2026-08-30 00:09:00.258358+00:00,2026-08-30 00:08:59.977962+00:00
344,PGM344,M03140417321,OP,1,,,95,1,,,2026-08-30 00:09:00.259086+00:00,2026-08-30 00:09:00.259094+00:00,2026-08-30 00:08:59.977962+00:00
345,PGM345,M03140485121,OP,1,,,111,1,,,2026-08-30 00:09:00.259789+00:00,2026-08-30 00:09:00.259797+00:00,2026-08-30 00:08:59.977962+00:00
346,PGM346,M03140402521,OP,1,,,95,1,,,2026-08-30 00:09:00.260489+00:00,2026-08-30 00:09:00.260496+00:00,2026-08-30 00:08:59.977962+00:00
347,PGM347,M03140456721,OP,1,,,95,1,,,2026-08-30 00:09:00.261155+00:00,2026-08-30 00:09:00.261162+00:00,2026-08-30 00:08:59.977962+00:00
348,PGM348,M03140475921,OP,1,,,95,1,,,2026-08-30 00:09:00.261844+00:00,2026-08-30 00:09:00.261851+00:00,2026-08-30 00:08:59.977962+00:00
349,PGM349,M03140412521,OP,1,,,104,1,,,2026-08-30 00:09:00.262494+00:00,2026-08-30 00:09:00.262502+00:00,2026-08-30 00:08:59.977962+00:00
350,PGM350,M03140476621,OP,1,,,95,1,,,2026-08-30 00:09:00.263154+00:00,2026-08-30 00:09:00.263162+00:00,2026-08-30 00:08:59.977962+00:00
351,PGM351,M03140434921,OP,1,,,95,1,,,2026-08-30 00:09:00.263848+00:00,2026-08-30 00:09:00.263855+00:00,2026-08-30 00:08:59.977962+00:00
352,PGM352,M03140424821,OP,1,,,111,1,,,2026-08-30 00:09:00.264528+00:00,2026-08-30 00:09:00.264536+00:00,2026-08-30 00:08:59.977962+00:00
353,PGM353,M03140435821,OP,1,,,95,1,,,2026-08-30 00:09:00.265214+00:00,2026-08-30 00:09:00.265221+00:00,2026-08-30 00:08:59.977962+00:00
354,PGM354,M03140449221,OP,1,,,95,1,,,2026-08-30 00:09:00.265893+00:00,2026-08-30 00:09:00.265900+00:00,2026-08-30 00:08:59.977962+00:00
355,PGM355,M03140434321,OP,1,,,95,1,,,2026-08-30 00:09:00.266570+00:00,2026-08-30 00:09:00.266577+00:00,2026-08-30 00:08:59.977962+00:00
356,PGM356,M03140419921,OP,1,,,95,1,,,2026-08-30 00:09:00.267288+00:00,2026-08-30 00:09:00.267296+00:00,2026-08-30 00:08:59.977962+00:00
357,PGM357,M03140475021,OP,1,,,95,1,,,2026-08-30 00:09:00.268129+00:00,2026-08-30 00:09:00.268138+00:00,2026-08-30 00:08:59.977962+00:00
358,PGM358,M03140477921,OP,1,,,95,1,,,2026-08-30 00:09:00.268938+00:00,2026-08-30 00:09:00.268950+00:00,2026-08-30 00:08:59.977962+00:00
359,PGM359,M03140421121,OP,1,,,95,1,,,2026-08-30 00:09:00.269805+00:00,2026-08-30 00:09:00.269813+00:00,2026-08-30 00:08:59.977962+00:00
360,PGM360,M03140422921,OP,1,,,95,1,,,2026-08-30 00:09:00.270515+00:00,2026-08-30 00:09:00.270522+00:00,2026-08-30 00:08:59.977962+00:00
361,PGM361,M03140417221,OP,1,,,103,1,,,2026-08-30 00:09:00.271144+00:00,2026-08-30 00:09:00.271152+00:00,2026-08-30 00:08:59.977962+00:00
362,PGM362,M03140415221,OP,1,,,95,1,,,2026-08-30 00:09:00.271893+00:00,2026-08-30 00:09:00.271901+00:00,2026-08-30 00:08:59.977962+00:00
363,PGM363,M03140422521,OP,1,,,106,1,,,2026-08-30 00:09:00.272630+00:00,2026-08-30 00:09:00.272637+00:00,2026-08-30 00:08:59.977962+00:00
364,PGM364,M03140460221,OP,1,,,104,1,,,2026-08-30 00:09:00.273366+00:00,2026-08-30 00:09:00.273373+00:00,2026-08-30 00:08:59.977962+00:00
365,PGM365,M03140483921,OP,1,,,11,1,,,2026-08-30 00:09:00.274121+00:00,2026-08-30 00:09:00.274129+00:00,2026-08-30 00:08:59.977962+00:00
366,PGM366,M0314042521,OP,1,,,104,1,,,2026-08-30 00:09:00.274851+00:00,2026-08-30 00:09:00.274859+00:00,2026-08-30 00:08:59.977962+00:00
367,PGM367,M03140448721,OP,1,,,111,1,,,2026-08-30 00:09:00.275554+00:00,2026-08-30 00:09:00.275562+00:00,2026-08-30 00:08:59.977962+00:00
368,PGM368,M03140453421,OP,1,,,100,1,,,2026-08-30 00:09:00.276205+00:00,2026-08-30 00:09:00.276213+00:00,2026-08-30 00:08:59.977962+00:00
369,PGM369,M03140449421,OP,1,,,95,1,,,2026-08-30 00:09:00.276868+00:00,2026-08-30 00:09:00.276876+00:00,2026-08-30 00:08:59.977962+00:00
370,PGM370,M03140459721,OP,1,,,95,1,,,2026-08-30 00:09:00.277580+00:00,2026-08-30 00:09:00.277588+00:00,2026-08-30 00:08:59.977962+00:00
371,PGM371,M03140457621,OP,1,,,95,1,,,2026-08-30 00:09:00.278323+00:00,2026-08-30 00:09:00.278331+00:00,2026-08-30 00:08:59.977962+00:00
372,PGM372,M03140452121,OP,1,,,95,1,,,2026-08-30 00:09:00.279055+00:00,2026-08-30 00:09:00.279063+00:00,2026-08-30 00:08:59.977962+00:00
373,PGM373,M03140452321,OP,1,,,100,1,,,2026-08-30 00:09:00.279778+00:00,2026-08-30 00:09:00.279787+00:00,2026-08-30 00:08:59.977962+00:00
374,PGM374,M03140451421,OP,1,,,95,1,,,2026-08-30 00:09:00.280499+00:00,2026-08-30 00:09:00.280507+00:00,2026-08-30 00:08:59.977962+00:00
375,PGM375,M03140454621,OP,1,,,95,1,,,2026-08-30 00:09:00.281195+00:00,2026-08-30 00:09:00.281203+00:00,2026-08-30 00:08:59.977962+00:00
376,PGM376,M03140457821,OP,2,,,95,1,,,2026-08-30 00:09:00.281922+00:00,2026-08-30 00:09:00.281930+00:00,2026-08-30 00:08:59.977962+00:00
377,PGM377,M03140460121,OP,1,,,97,1,,,2026-08-30 00:09:00.282643+00:00,2026-08-30 00:09:00.282651+00:00,2026-08-30 00:08:59.977962+00:00
378,PGM378,M03140451521,OP,1,,,95,1,,,2026-08-30 00:09:00.283378+00:00,2026-08-30 00:09:00.283386+00:00,2026-08-30 00:08:59.977962+00:00
379,PGM379,XXX-00023,OP,1,,,110,1,,,2026-08-30 00:09:00.284070+00:00,2026-08-30 00:09:00.284078+00:00,2026-08-30 00:08:59.977962+00:00
380,PGM380,M03140449821,OP,1,,,111,1,,,2026-08-30 00:09:00.284861+00:00,2026-08-30 00:09:00.284876+00:00,2026-08-30 00:08:59.977962+00:00
381,PGM381,M03140421221,OP,1,,,54,1,,,2026-08-30 00:09:00.285585+00:00,2026-08-30 00:09:00.285593+00:00,2026-08-30 00:08:59.977962+00:00
382,PGM382,M03140416921,OP,1,,,95,1,,,2026-08-30 00:09:00.286344+00:00,2026-08-30 00:09:00.286352+00:00,2026-08-30 00:08:59.977962+00:00
383,PGM383,M03140459121,OP,1,,,100,1,,,2026-08-30 00:09:00.287079+00:00,2026-08-30 00:09:00.287088+00:00,2026-08-30 00:08:59.977962+00:00
384,PGM384,M03140454121,OP,1,,,95,1,,,2026-08-30 00:09:00.287803+00:00,2026-08-30 00:09:00.287811+00:00,2026-08-30 00:08:59.977962+00:00
385,PGM385,M03140457021,OP,1,,,95,1,,,2026-08-30 00:09:00.288540+00:00,2026-08-30 00:09:00.288548+00:00,2026-08-30 00:08:59.977962+00:00
386,PGM386,M03140427521,OP,1,,,95,1,,,2026-08-30 00:09:00.289241+00:00,2026-08-30 00:09:00.289250+00:00,2026-08-30 00:08:59.977962+00:00
387,PGM387,M03140481221,OP,1,,,95,1,,,2026-08-30 00:09:00.289937+00:00,2026-08-30 00:09:00.289945+00:00,2026-08-30 00:08:59.977962+00:00
388,PGM388,M03140453321,OP,1,,,95,1,,,2026-08-30 00:09:00.290654+00:00,2026-08-30 00:09:00.290663+00:00,2026-08-30 00:08:59.977962+00:00
389,PGM389,M03140455821,OP,1,,,95,1,,,2026-08-30 00:09:00.291353+00:00,2026-08-30 00:09:00.291362+00:00,2026-08-30 00:08:59.977962+00:00
390,PGM390,M03140459521,OP,1,,,95,1,,,2026-08-30 00:09:00.292076+00:00,2026-08-30 00:09:00.292084+00:00,2026-08-30 00:08:59.977962+00:00
391,PGM391,M03140451821,OP,1,,,95,1,,,2026-08-30 00:09:00.292801+00:00,2026-08-30 00:09:00.292810+00:00,2026-08-30 00:08:59.977962+00:00
392,PGM392,M03140459821,OP,1,,,95,1,,,2026-08-30 00:09:00.293538+00:00,2026-08-30 00:09:00.293546+00:00,2026-08-30 00:08:59.977962+00:00
393,PGM393,M03140454821,OP,1,,,95,1,,,2026-08-30 00:09:00.294228+00:00,2026-08-30 00:09:00.294236+00:00,2026-08-30 00:08:59.977962+00:00
394,PGM394,M03140450221,OP,1,,,99,1,,,2026-08-30 00:09:00.294953+00:00,2026-08-30 00:09:00.294961+00:00,2026-08-30 00:08:59.977962+00:00
395,PGM395,M03140455121,OP,1,,,95,1,,,2026-08-30 00:09:00.295702+00:00,2026-08-30 00:09:00.295710+00:00,2026-08-30 00:08:59.977962+00:00
396,PGM396,M03140451321,OP,1,,,98,1,,,2026-08-30 00:09:00.296439+00:00,2026-08-30 00:09:00.296448+00:00,2026-08-30 00:08:59.977962+00:00
397,PGM397,M03140452621,OP,1,,,95,1,,,2026-08-30 00:09:00.297109+00:00,2026-08-30 00:09:00.297117+00:00,2026-08-30 00:08:59.977962+00:00
398,PGM398,M03140457421,OP,1,,,40,1,,,2026-08-30 00:09:00.297837+00:00,2026-08-30 00:09:00.297845+00:00,2026-08-30 00:08:59.977962+00:00
399,PGM399,M03140457221,OP,1,,,95,1,,,2026-08-30 00:09:00.298495+00:00,2026-08-30 00:09:00.298503+00:00,2026-08-30 00:08:59.977962+00:00
400,PGM400,M03140436121,OP,1,,,98,1,,,2026-08-30 00:09:00.299155+00:00,2026-08-30 00:09:00.299163+00:00,2026-08-30 00:08:59.977962+00:00
401,PGM401,M03140431721,OP,1,,,95,1,,,2026-08-30 00:09:00.299815+00:00,2026-08-30 00:09:00.299823+00:00,2026-08-30 00:08:59.977962+00:00
402,PGM402,M03101845021,OP,1,,,95,1,,,2026-08-30 00:09:00.300504+00:00,2026-08-30 00:09:00.300512+00:00,2026-08-30 00:08:59.977962+00:00
403,PGM403,M03101845521,OP,1,,,106,1,,,2026-08-30 00:09:00.301254+00:00,2026-08-30 00:09:00.301270+00:00,2026-08-30 00:08:59.977962+00:00
404,PGM404,M03140479121,OP,1,,,95,1,,,2026-08-30 00:09:00.301954+00:00,2026-08-30 00:09:00.301962+00:00,2026-08-30 00:08:59.977962+00:00
405,PGM405,M03140435121,OP,1,,,95,1,,,2026-08-30 00:09:00.302685+00:00,2026-08-30 00:09:00.302693+00:00,2026-08-30 00:08:59.977962+00:00
406,PGM406,M03101845421,OP,1,,,40,1,,,2026-08-30 00:09:00.303407+00:00,2026-08-30 00:09:00.303415+00:00,2026-08-30 00:08:59.977962+00:00
407,PGM407,M03140455921,OP,1,,,95,1,,,2026-08-30 00:09:00.304190+00:00,2026-08-30 00:09:00.304198+00:00,2026-08-30 00:08:59.977962+00:00
408,PGM408,M03140454321,OP,1,,,95,1,,,2026-08-30 00:09:00.304889+00:00,2026-08-30 00:09:00.304898+00:00,2026-08-30 00:08:59.977962+00:00
409,PGM409,M03140417821,OP,1,,,95,1,,,2026-08-30 00:09:00.306165+00:00,2026-08-30 00:09:00.306173+00:00,2026-08-30 00:08:59.977962+00:00
410,PGM410,M03140430821,OP,1,,,95,1,,,2026-08-30 00:09:00.306903+00:00,2026-08-30 00:09:00.306911+00:00,2026-08-30 00:08:59.977962+00:00
411,PGM411,M03101845321,OP,1,,,112,1,,,2026-08-30 00:09:00.307637+00:00,2026-08-30 00:09:00.307645+00:00,2026-08-30 00:08:59.977962+00:00
412,PGM412,M03101845721,OP,1,,,95,1,,,2026-08-30 00:09:00.308363+00:00,2026-08-30 00:09:00.308371+00:00,2026-08-30 00:08:59.977962+00:00
413,PGM413,M03101845221,OP,1,,,95,1,,,2026-08-30 00:09:00.309100+00:00,2026-08-30 00:09:00.309109+00:00,2026-08-30 00:08:59.977962+00:00
414,PGM414,M03140463121,OP,2,,,95,1,,,2026-08-30 00:09:00.309839+00:00,2026-08-30 00:09:00.309847+00:00,2026-08-30 00:08:59.977962+00:00
415,PGM415,M03140464721,OP,2,,,95,1,,,2026-08-30 00:09:00.310536+00:00,2026-08-30 00:09:00.310544+00:00,2026-08-30 00:08:59.977962+00:00
416,PGM416,M03140463721,OP,2,,,95,1,,,2026-08-30 00:09:00.311195+00:00,2026-08-30 00:09:00.311203+00:00,2026-08-30 00:08:59.977962+00:00
417,PGM417,M03140462821,OP,2,,,95,1,,,2026-08-30 00:09:00.311922+00:00,2026-08-30 00:09:00.311930+00:00,2026-08-30 00:08:59.977962+00:00
418,PGM418,M03140464621,OP,2,,,95,1,,,2026-08-30 00:09:00.312611+00:00,2026-08-30 00:09:00.312618+00:00,2026-08-30 00:08:59.977962+00:00
419,PGM419,M03140463421,OP,2,,,9,1,,,2026-08-30 00:09:00.313335+00:00,2026-08-30 00:09:00.313343+00:00,2026-08-30 00:08:59.977962+00:00
420,PGM420,M03140462121,OP,2,,,95,1,,,2026-08-30 00:09:00.314042+00:00,2026-08-30 00:09:00.314050+00:00,2026-08-30 00:08:59.977962+00:00
421,PGM421,M03140463521,OP,2,,,95,1,,,2026-08-30 00:09:00.314768+00:00,2026-08-30 00:09:00.314776+00:00,2026-08-30 00:08:59.977962+00:00
422,PGM422,M03140462621,OP,2,,,95,1,,,2026-08-30 00:09:00.315494+00:00,2026-08-30 00:09:00.315503+00:00,2026-08-30 00:08:59.977962+00:00
423,PGM423,M03140464321,OP,2,,,111,1,,,2026-08-30 00:09:00.316279+00:00,2026-08-30 00:09:00.316287+00:00,2026-08-30 00:08:59.977962+00:00
424,PGM424,M03140462521,OP,2,,,113,1,,,2026-08-30 00:09:00.317023+00:00,2026-08-30 00:09:00.317031+00:00,2026-08-30 00:08:59.977962+00:00
425,PGM425,M03140464421,OP,2,,,95,1,,,2026-08-30 00:09:00.317722+00:00,2026-08-30 00:09:00.317730+00:00,2026-08-30 00:08:59.977962+00:00
426,PGM426,M03140464521,OP,2,,,95,1,,,2026-08-30 00:09:00.318484+00:00,2026-08-30 00:09:00.318497+00:00,2026-08-30 00:08:59.977962+00:00
427,PGM427,M03140464121,OP,2,,,9,1,,,2026-08-30 00:09:00.319267+00:00,2026-08-30 00:09:00.319275+00:00,2026-08-30 00:08:59.977962+00:00
428,PGM428,M03140462321,OP,2,,,9,1,,,2026-08-30 00:09:00.319925+00:00,2026-08-30 00:09:00.319933+00:00,2026-08-30 00:08:59.977962+00:00
429,PGM429,M03140464221,OP,2,,,95,1,,,2026-08-30 00:09:00.320551+00:00,2026-08-30 00:09:00.320559+00:00,2026-08-30 00:08:59.977962+00:00
430,PGM430,M03140449621,OP,1,,,95,1,,,2026-08-30 00:09:00.321156+00:00,2026-08-30 00:09:00.321164+00:00,2026-08-30 00:08:59.977962+00:00
431,PGM431,M03140454021,OP,1,,,95,1,,,2026-08-30 00:09:00.321820+00:00,2026-08-30 00:09:00.321827+00:00,2026-08-30 00:08:59.977962+00:00
432,PGM432,M03140239921,OP,1,,,95,1,,,2026-08-30 00:09:00.322512+00:00,2026-08-30 00:09:00.322519+00:00,2026-08-30 00:08:59.977962+00:00
433,PGM433,MO3140392721,OP,1,,,95,1,,,2026-08-30 00:09:00.323168+00:00,2026-08-30 00:09:00.323175+00:00,2026-08-30 00:08:59.977962+00:00
434,PGM434,M03140436921,OP,1,,,95,1,,,2026-08-30 00:09:00.323890+00:00,2026-08-30 00:09:00.323897+00:00,2026-08-30 00:08:59.977962+00:00
435,PGM435,M03140465321,OP,2,,,95,1,,,2026-08-30 00:09:00.324590+00:00,2026-08-30 00:09:00.324598+00:00,2026-08-30 00:08:59.977962+00:00
436,PGM436,M03140467321,OP,2,,,95,1,,,2026-08-30 00:09:00.325324+00:00,2026-08-30 00:09:00.325332+00:00,2026-08-30 00:08:59.977962+00:00
437,PGM437,M03140467721,OP,2,,,95,1,,,2026-08-30 00:09:00.326069+00:00,2026-08-30 00:09:00.326077+00:00,2026-08-30 00:08:59.977962+00:00
438,PGM438,M03140465521,OP,2,,,115,1,,,2026-08-30 00:09:00.326797+00:00,2026-08-30 00:09:00.326805+00:00,2026-08-30 00:08:59.977962+00:00
439,PGM439,M03140448621,OP,1,,,104,1,,,2026-08-30 00:09:00.327479+00:00,2026-08-30 00:09:00.327488+00:00,2026-08-30 00:08:59.977962+00:00
440,PGM440,M03140481521,OP,1,,,98,1,,,2026-08-30 00:09:00.328244+00:00,2026-08-30 00:09:00.328253+00:00,2026-08-30 00:08:59.977962+00:00
441,PGM441,M03140453721,OP,1,,,95,1,,,2026-08-30 00:09:00.328937+00:00,2026-08-30 00:09:00.328945+00:00,2026-08-30 00:08:59.977962+00:00
442,PGM442,M03140403721,OP,1,,,95,1,,,2026-08-30 00:09:00.329663+00:00,2026-08-30 00:09:00.329680+00:00,2026-08-30 00:08:59.977962+00:00
443,PGM443,M03140488021,OP,1,,,111,1,,,2026-08-30 00:09:00.330378+00:00,2026-08-30 00:09:00.330386+00:00,2026-08-30 00:08:59.977962+00:00
444,PGM444,M03140489621,OP,1,,,95,1,,,2026-08-30 00:09:00.331111+00:00,2026-08-30 00:09:00.331119+00:00,2026-08-30 00:08:59.977962+00:00
445,PGM445,M03140489521,OP,1,,,95,1,,,2026-08-30 00:09:00.331843+00:00,2026-08-30 00:09:00.331850+00:00,2026-08-30 00:08:59.977962+00:00
446,PGM446,M03140488721,OP,1,,,97,1,,,2026-08-30 00:09:00.332570+00:00,2026-08-30 00:09:00.332578+00:00,2026-08-30 00:08:59.977962+00:00
447,PGM447,M03140487321,OP,1,,,95,1,,,2026-08-30 00:09:00.333235+00:00,2026-08-30 00:09:00.333242+00:00,2026-08-30 00:08:59.977962+00:00
448,PGM448,M03140489121,OP,1,,,95,1,,,2026-08-30 00:09:00.333962+00:00,2026-08-30 00:09:00.333970+00:00,2026-08-30 00:08:59.977962+00:00
449,PGM449,M03140487621,OP,1,,,95,1,,,2026-08-30 00:09:00.334715+00:00,2026-08-30 00:09:00.334727+00:00,2026-08-30 00:08:59.977962+00:00
450,PGM450,M03140489021,OP,1,,,97,1,,,2026-08-30 00:09:00.335443+00:00,2026-08-30 00:09:00.335451+00:00,2026-08-30 00:08:59.977962+00:00
451,PGM451,M03140488821,OP,1,,,95,1,,,2026-08-30 00:09:00.336152+00:00,2026-08-30 00:09:00.336160+00:00,2026-08-30 00:08:59.977962+00:00
452,PGM452,M03140488221,OP,1,,,98,1,,,2026-08-30 00:09:00.336895+00:00,2026-08-30 00:09:00.336904+00:00,2026-08-30 00:08:59.977962+00:00
453,PGM453,M03140488521,OP,1,,,111,1,,,2026-08-30 00:09:00.337625+00:00,2026-08-30 00:09:00.337633+00:00,2026-08-30 00:08:59.977962+00:00
454,PGM454,M03140488121,OP,1,,,95,1,,,2026-08-30 00:09:00.338332+00:00,2026-08-30 00:09:00.338340+00:00,2026-08-30 00:08:59.977962+00:00
455,PGM455,M03140489221,OP,1,,,95,1,,,2026-08-30 00:09:00.339051+00:00,2026-08-30 00:09:00.339059+00:00,2026-08-30 00:08:59.977962+00:00
456,PGM456,M03140489421,OP,1,,,95,1,,,2026-08-30 00:09:00.339812+00:00,2026-08-30 00:09:00.339820+00:00,2026-08-30 00:08:59.977962+00:00
457,PGM457,M03140488321,OP,1,,,96,1,,,2026-08-30 00:09:00.340535+00:00,2026-08-30 00:09:00.340543+00:00,2026-08-30 00:08:59.977962+00:00
458,PGM458,M03140487421,OP,1,,,99,1,,,2026-08-30 00:09:00.341287+00:00,2026-08-30 00:09:00.341294+00:00,2026-08-30 00:08:59.977962+00:00
459,PGM459,M03140488421,OP,1,,,95,1,,,2026-08-30 00:09:00.342022+00:00,2026-08-30 00:09:00.342030+00:00,2026-08-30 00:08:59.977962+00:00
460,PGM460,M03140487721,OP,1,,,95,1,,,2026-08-30 00:09:00.342750+00:00,2026-08-30 00:09:00.342758+00:00,2026-08-30 00:08:59.977962+00:00
461,PGM461,M03140487821,OP,1,,,95,1,,,2026-08-30 00:09:00.343482+00:00,2026-08-30 00:09:00.343490+00:00,2026-08-30 00:08:59.977962+00:00
462,PGM462,M03140488621,OP,1,,,95,1,,,2026-08-30 00:09:00.344192+00:00,2026-08-30 00:09:00.344200+00:00,2026-08-30 00:08:59.977962+00:00
463,PGM463,M03140487921,OP,1,,,99,1,,,2026-08-30 00:09:00.344913+00:00,2026-08-30 00:09:00.344921+00:00,2026-08-30 00:08:59.977962+00:00
464,PGM464,M03140487221,OP,1,,,95,1,,,2026-08-30 00:09:00.345634+00:00,2026-08-30 00:09:00.345642+00:00,2026-08-30 00:08:59.977962+00:00
465,PGM465,M03140487521,OP,1,,,95,1,,,2026-08-30 00:09:00.346371+00:00,2026-08-30 00:09:00.346379+00:00,2026-08-30 00:08:59.977962+00:00
466,PGM466,M03140488921,OP,1,,,13,1,,,2026-08-30 00:09:00.347103+00:00,2026-08-30 00:09:00.347111+00:00,2026-08-30 00:08:59.977962+00:00
467,PGM467,M0314-489321,OP,1,,,95,1,,,2026-08-30 00:09:00.347834+00:00,2026-08-30 00:09:00.347842+00:00,2026-08-30 00:08:59.977962+00:00
468,PGM468,M03140452821,OP,1,,,95,1,,,2026-08-30 00:09:00.348557+00:00,2026-08-30 00:09:00.348564+00:00,2026-08-30 00:08:59.977962+00:00
469,PGM469,M03140437421,OP,1,,,99,1,,,2026-08-30 00:09:00.349231+00:00,2026-08-30 00:09:00.349239+00:00,2026-08-30 00:08:59.977962+00:00
470,PGM470,M03140403521,OP,1,,,95,1,,,2026-08-30 00:09:00.349939+00:00,2026-08-30 00:09:00.349947+00:00,2026-08-30 00:08:59.977962+00:00
471,PGM471,M03140437021,OP,1,,,100,1,,,2026-08-30 00:09:00.350646+00:00,2026-08-30 00:09:00.350654+00:00,2026-08-30 00:08:59.977962+00:00
472,PGM472,M03140436521,OP,1,,,95,1,,,2026-08-30 00:09:00.351417+00:00,2026-08-30 00:09:00.351434+00:00,2026-08-30 00:08:59.977962+00:00
473,PGM473,M03140394021,OP,1,,,95,1,,,2026-08-30 00:09:00.352144+00:00,2026-08-30 00:09:00.352152+00:00,2026-08-30 00:08:59.977962+00:00
474,PGM474,M03140437221,OP,1,,,97,1,,,2026-08-30 00:09:00.352907+00:00,2026-08-30 00:09:00.352915+00:00,2026-08-30 00:08:59.977962+00:00
475,PGM475,M03140403221,OP,1,,,106,1,,,2026-08-30 00:09:00.353655+00:00,2026-08-30 00:09:00.353663+00:00,2026-08-30 00:08:59.977962+00:00
476,PGM476,M03240438021,OP,1,,,95,1,,,2026-08-30 00:09:00.354392+00:00,2026-08-30 00:09:00.354400+00:00,2026-08-30 00:08:59.977962+00:00
477,PGM477,M03140008921,OP,2,,,95,1,,,2026-08-30 00:09:00.355137+00:00,2026-08-30 00:09:00.355145+00:00,2026-08-30 00:08:59.977962+00:00
478,PGM478,M03101845121,OP,1,,,95,1,,,2026-08-30 00:09:00.355887+00:00,2026-08-30 00:09:00.355895+00:00,2026-08-30 00:08:59.977962+00:00
479,PGM479,M03101378621,OP,1,,,95,1,,,2026-08-30 00:09:00.356612+00:00,2026-08-30 00:09:00.356620+00:00,2026-08-30 00:08:59.977962+00:00
480,PGM480,M03140436321,OP,1,,,95,1,,,2026-08-30 00:09:00.357350+00:00,2026-08-30 00:09:00.357358+00:00,2026-08-30 00:08:59.977962+00:00
481,PGM481,M02140483121,OP,1,,,106,1,,,2026-08-30 00:09:00.358084+00:00,2026-08-30 00:09:00.358092+00:00,2026-08-30 00:08:59.977962+00:00
482,PGM482,M03140238621,OP,1,,,95,1,,,2026-08-30 00:09:00.358809+00:00,2026-08-30 00:09:00.358817+00:00,2026-08-30 00:08:59.977962+00:00
483,PGM483,M03140437721,OP,1,,,95,1,,,2026-08-30 00:09:00.359537+00:00,2026-08-30 00:09:00.359545+00:00,2026-08-30 00:08:59.977962+00:00
484,PGM484,M03140393121,OP,1,,,95,1,,,2026-08-30 00:09:00.360295+00:00,2026-08-30 00:09:00.360304+00:00,2026-08-30 00:08:59.977962+00:00
485,PGM485,M03140392821,OP,1,,,95,1,,,2026-08-30 00:09:00.360938+00:00,2026-08-30 00:09:00.360946+00:00,2026-08-30 00:08:59.977962+00:00
486,PGM486,M03140393921,OP,1,,,95,1,,,2026-08-30 00:09:00.361660+00:00,2026-08-30 00:09:00.361675+00:00,2026-08-30 00:08:59.977962+00:00
487,PGM487,M03140436821,OP,1,,,95,1,,,2026-08-30 00:09:00.362402+00:00,2026-08-30 00:09:00.362411+00:00,2026-08-30 00:08:59.977962+00:00
488,PGM488,M03140404721,OP,1,,,95,1,,,2026-08-30 00:09:00.363130+00:00,2026-08-30 00:09:00.363138+00:00,2026-08-30 00:08:59.977962+00:00
489,PGM489,M03140239621,OP,1,,,95,1,,,2026-08-30 00:09:00.363862+00:00,2026-08-30 00:09:00.363870+00:00,2026-08-30 00:08:59.977962+00:00
490,PGM490,M03140240421,OP,1,,,95,1,,,2026-08-30 00:09:00.364585+00:00,2026-08-30 00:09:00.364593+00:00,2026-08-30 00:08:59.977962+00:00
491,PGM491,M03140393721,OP,1,,,95,1,,,2026-08-30 00:09:00.365310+00:00,2026-08-30 00:09:00.365318+00:00,2026-08-30 00:08:59.977962+00:00
492,PGM492,M03140393221,OP,1,,,95,1,,,2026-08-30 00:09:00.365977+00:00,2026-08-30 00:09:00.365985+00:00,2026-08-30 00:08:59.977962+00:00
493,PGM493,M03140393321,OP,1,,,95,1,,,2026-08-30 00:09:00.366709+00:00,2026-08-30 00:09:00.366717+00:00,2026-08-30 00:08:59.977962+00:00
494,PGM494,M03140240021,OP,1,,,95,1,,,2026-08-30 00:09:00.367432+00:00,2026-08-30 00:09:00.367443+00:00,2026-08-30 00:08:59.977962+00:00
495,PGM495,M03140403421,OP,1,,,95,1,,,2026-08-30 00:09:00.368211+00:00,2026-08-30 00:09:00.368219+00:00,2026-08-30 00:08:59.977962+00:00
496,PGM496,M03140438221,OP,1,,,95,1,,,2026-08-30 00:09:00.368942+00:00,2026-08-30 00:09:00.368950+00:00,2026-08-30 00:08:59.977962+00:00
497,PGM497,M03140240121,OP,1,,,95,1,,,2026-08-30 00:09:00.369679+00:00,2026-08-30 00:09:00.369688+00:00,2026-08-30 00:08:59.977962+00:00
498,PGM498,M03140437321,OP,1,,,95,1,,,2026-08-30 00:09:00.370414+00:00,2026-08-30 00:09:00.370422+00:00,2026-08-30 00:08:59.977962+00:00
499,PGM499,M03140404321,OP,1,,,95,1,,,2026-08-30 00:09:00.371170+00:00,2026-08-30 00:09:00.371178+00:00,2026-08-30 00:08:59.977962+00:00
500,PGM500,M03140437521,OP,1,,,95,1,,,2026-08-30 00:09:00.371872+00:00,2026-08-30 00:09:00.371880+00:00,2026-08-30 00:08:59.977962+00:00
501,PGM501,M03140438121,OP,1,,,95,1,,,2026-08-30 00:09:00.372609+00:00,2026-08-30 00:09:00.372617+00:00,2026-08-30 00:08:59.977962+00:00
502,PGM502,M03140437621,OP,1,,,95,1,,,2026-08-30 00:09:00.373343+00:00,2026-08-30 00:09:00.373351+00:00,2026-08-30 00:08:59.977962+00:00
503,PGM503,M03140240321,OP,1,,,95,1,,,2026-08-30 00:09:00.374054+00:00,2026-08-30 00:09:00.374062+00:00,2026-08-30 00:08:59.977962+00:00
504,PGM504,M03140404421,OP,1,,,95,1,,,2026-08-30 00:09:00.374793+00:00,2026-08-30 00:09:00.374801+00:00,2026-08-30 00:08:59.977962+00:00
505,PGM505,M03140436421,OP,1,,,95,1,,,2026-08-30 00:09:00.375522+00:00,2026-08-30 00:09:00.375530+00:00,2026-08-30 00:08:59.977962+00:00
506,PGM506,M03140436721,OP,1,,,95,1,,,2026-08-30 00:09:00.376307+00:00,2026-08-30 00:09:00.376315+00:00,2026-08-30 00:08:59.977962+00:00
507,PGM507,M03140436621,OP,1,,,95,1,,,2026-08-30 00:09:00.376983+00:00,2026-08-30 00:09:00.376990+00:00,2026-08-30 00:08:59.977962+00:00
508,PGM508,M03140404521,OP,1,,,95,1,,,2026-08-30 00:09:00.377732+00:00,2026-08-30 00:09:00.377741+00:00,2026-08-30 00:08:59.977962+00:00
509,PGM509,M03140405021,OP,1,,,95,1,,,2026-08-30 00:09:00.378490+00:00,2026-08-30 00:09:00.378498+00:00,2026-08-30 00:08:59.977962+00:00
510,PGM510,M03140238521,OP,1,,,95,1,,,2026-08-30 00:09:00.379217+00:00,2026-08-30 00:09:00.379225+00:00,2026-08-30 00:08:59.977962+00:00
511,PGM511,M03140404621,OP,1,,,95,1,,,2026-08-30 00:09:00.379916+00:00,2026-08-30 00:09:00.379924+00:00,2026-08-30 00:08:59.977962+00:00
512,PGM512,M03140436221,OP,1,,,95,1,,,2026-08-30 00:09:00.380658+00:00,2026-08-30 00:09:00.380674+00:00,2026-08-30 00:08:59.977962+00:00
513,PGM513,M03140392921,OP,1,,,95,1,,,2026-08-30 00:09:00.381389+00:00,2026-08-30 00:09:00.381397+00:00,2026-08-30 00:08:59.977962+00:00
514,PGM514,M03140240221,OP,1,,,95,1,,,2026-08-30 00:09:00.382123+00:00,2026-08-30 00:09:00.382131+00:00,2026-08-30 00:08:59.977962+00:00
515,PGM515,M03140239821,OP,1,,,95,1,,,2026-08-30 00:09:00.382868+00:00,2026-08-30 00:09:00.382876+00:00,2026-08-30 00:08:59.977962+00:00
516,PGM516,M03140393621,OP,1,,,95,1,,,2026-08-30 00:09:00.383597+00:00,2026-08-30 00:09:00.383605+00:00,2026-08-30 00:08:59.977962+00:00
517,PGM517,M03140393021,OP,1,,,95,1,,,2026-08-30 00:09:00.384280+00:00,2026-08-30 00:09:00.384288+00:00,2026-08-30 00:08:59.977962+00:00
518,PGM518,M03140437921,OP,1,,,95,1,,,2026-08-30 00:09:00.385088+00:00,2026-08-30 00:09:00.385101+00:00,2026-08-30 00:08:59.977962+00:00
519,PGM519,M03140493421,OP,1,,,95,1,,,2026-08-30 00:09:00.385859+00:00,2026-08-30 00:09:00.385868+00:00,2026-08-30 00:08:59.977962+00:00
520,PGM520,M03140403321,OP,1,,,95,1,,,2026-08-30 00:09:00.386621+00:00,2026-08-30 00:09:00.386629+00:00,2026-08-30 00:08:59.977962+00:00
521,PGM521,M03140437821,OP,1,,,95,1,,,2026-08-30 00:09:00.387330+00:00,2026-08-30 00:09:00.387338+00:00,2026-08-30 00:08:59.977962+00:00
522,PGM522,M03140403121,OP,1,,,95,1,,,2026-08-30 00:09:00.388015+00:00,2026-08-30 00:09:00.388023+00:00,2026-08-30 00:08:59.977962+00:00
523,PGM523,M03140404921,OP,1,,,95,1,,,2026-08-30 00:09:00.388760+00:00,2026-08-30 00:09:00.388768+00:00,2026-08-30 00:08:59.977962+00:00
524,PGM524,M03140024421,OP,2,,,95,1,,,2026-08-30 00:09:00.389504+00:00,2026-08-30 00:09:00.389512+00:00,2026-08-30 00:08:59.977962+00:00
525,PGM525,M03140403621,OP,1,,,95,1,,,2026-08-30 00:09:00.390300+00:00,2026-08-30 00:09:00.390307+00:00,2026-08-30 00:08:59.977962+00:00
526,PGM526,M03140415021,OP,1,,,95,1,,,2026-08-30 00:09:00.390962+00:00,2026-08-30 00:09:00.390969+00:00,2026-08-30 00:08:59.977962+00:00
527,PGM527,M03140456821,OP,1,,,111,1,,,2026-08-30 00:09:00.391698+00:00,2026-08-30 00:09:00.391706+00:00,2026-08-30 00:08:59.977962+00:00
528,PGM528,M03140449921,OP,1,,,111,1,,,2026-08-30 00:09:00.392461+00:00,2026-08-30 00:09:00.392469+00:00,2026-08-30 00:08:59.977962+00:00
529,PGM529,XXX-00024,OP,1,,,95,1,,,2026-08-30 00:09:00.393189+00:00,2026-08-30 00:09:00.393197+00:00,2026-08-30 00:08:59.977962+00:00
530,PGM530,M03140451921,OP,1,,,95,1,,,2026-08-30 00:09:00.393847+00:00,2026-08-30 00:09:00.393855+00:00,2026-08-30 00:08:59.977962+00:00
531,PGM531,M03140436021,OP,1,,,95,1,,,2026-08-30 00:09:00.394557+00:00,2026-08-30 00:09:00.394565+00:00,2026-08-30 00:08:59.977962+00:00
532,PGM532,M03140458021,OP,1,,,95,1,,,2026-08-30 00:09:00.395233+00:00,2026-08-30 00:09:00.395240+00:00,2026-08-30 00:08:59.977962+00:00
533,PGM533,M03140449021,OP,1,,,95,1,,,2026-08-30 00:09:00.395933+00:00,2026-08-30 00:09:00.395941+00:00,2026-08-30 00:08:59.977962+00:00
534,PGM534,M03140478921,OP,1,,,95,1,,,2026-08-30 00:09:00.396619+00:00,2026-08-30 00:09:00.396627+00:00,2026-08-30 00:08:59.977962+00:00
535,PGM535,M03140452421,OP,1,,,95,1,,,2026-08-30 00:09:00.397312+00:00,2026-08-30 00:09:00.397319+00:00,2026-08-30 00:08:59.977962+00:00
536,PGM536,M03140457121,OP,1,,,95,1,,,2026-08-30 00:09:00.397950+00:00,2026-08-30 00:09:00.397957+00:00,2026-08-30 00:08:59.977962+00:00
537,PGM537,M03140459421,OP,1,,,95,1,,,2026-08-30 00:09:00.398641+00:00,2026-08-30 00:09:00.398648+00:00,2026-08-30 00:08:59.977962+00:00
538,PGM538,M03140457721,OP,1,,,95,1,,,2026-08-30 00:09:00.399343+00:00,2026-08-30 00:09:00.399350+00:00,2026-08-30 00:08:59.977962+00:00
539,PGM539,M03140451121,OP,1,,,95,1,,,2026-08-30 00:09:00.400006+00:00,2026-08-30 00:09:00.400013+00:00,2026-08-30 00:08:59.977962+00:00
540,PGM540,M03140456921,OP,1,,,95,1,,,2026-08-30 00:09:00.400704+00:00,2026-08-30 00:09:00.400712+00:00,2026-08-30 00:08:59.977962+00:00
541,PGM541,M03140450021,OP,1,,,95,1,,,2026-08-30 00:09:00.401421+00:00,2026-08-30 00:09:00.401434+00:00,2026-08-30 00:08:59.977962+00:00
542,PGM542,M03140453621,OP,1,,,95,1,,,2026-08-30 00:09:00.402186+00:00,2026-08-30 00:09:00.402194+00:00,2026-08-30 00:08:59.977962+00:00
543,PGM543,M03140428921,OP,1,,,95,1,,,2026-08-30 00:09:00.402914+00:00,2026-08-30 00:09:00.402922+00:00,2026-08-30 00:08:59.977962+00:00
544,PGM544,M03140451721,OP,1,,,95,1,,,2026-08-30 00:09:00.403677+00:00,2026-08-30 00:09:00.403686+00:00,2026-08-30 00:08:59.977962+00:00
545,PGM545,M03140458221,OP,1,,,95,1,,,2026-08-30 00:09:00.404416+00:00,2026-08-30 00:09:00.404424+00:00,2026-08-30 00:08:59.977962+00:00
546,PGM546,M03140433721,OP,1,,,95,1,,,2026-08-30 00:09:00.405163+00:00,2026-08-30 00:09:00.405170+00:00,2026-08-30 00:08:59.977962+00:00
547,PGM547,M03140456621,OP,1,,,95,1,,,2026-08-30 00:09:00.405928+00:00,2026-08-30 00:09:00.405936+00:00,2026-08-30 00:08:59.977962+00:00
548,PGM548,M03140418921,OP,1,,,95,1,,,2026-08-30 00:09:00.406657+00:00,2026-08-30 00:09:00.406672+00:00,2026-08-30 00:08:59.977962+00:00
549,PGM549,M03140456421,OP,1,,,95,1,,,2026-08-30 00:09:00.407303+00:00,2026-08-30 00:09:00.407311+00:00,2026-08-30 00:08:59.977962+00:00
550,PGM550,M03140462221,OP,2,,,114,1,,,2026-08-30 00:09:00.408059+00:00,2026-08-30 00:09:00.408067+00:00,2026-08-30 00:08:59.977962+00:00
551,PGM551,M03140446321,OP,2,,,114,1,,,2026-08-30 00:09:00.408799+00:00,2026-08-30 00:09:00.408807+00:00,2026-08-30 00:08:59.977962+00:00
552,PGM552,M03140465221,OP,2,,,114,1,,,2026-08-30 00:09:00.409528+00:00,2026-08-30 00:09:00.409536+00:00,2026-08-30 00:08:59.977962+00:00
553,PGM553,M03140466121,OP,2,,,9,1,,,2026-08-30 00:09:00.410273+00:00,2026-08-30 00:09:00.410282+00:00,2026-08-30 00:08:59.977962+00:00
554,PGM554,M03140467221,OP,2,,,9,1,,,2026-08-30 00:09:00.411044+00:00,2026-08-30 00:09:00.411052+00:00,2026-08-30 00:08:59.977962+00:00
555,PGM555,M03140466521,OP,2,,,113,1,,,2026-08-30 00:09:00.411786+00:00,2026-08-30 00:09:00.411794+00:00,2026-08-30 00:08:59.977962+00:00
556,PGM556,M03140466221,OP,2,,,9,1,,,2026-08-30 00:09:00.412508+00:00,2026-08-30 00:09:00.412517+00:00,2026-08-30 00:08:59.977962+00:00
557,PGM557,M03140466821,OP,2,,,114,1,,,2026-08-30 00:09:00.413286+00:00,2026-08-30 00:09:00.413294+00:00,2026-08-30 00:08:59.977962+00:00
558,PGM558,M03140467521,OP,2,,,114,1,,,2026-08-30 00:09:00.413971+00:00,2026-08-30 00:09:00.413980+00:00,2026-08-30 00:08:59.977962+00:00
559,PGM559,M03140466921,OP,2,,,114,1,,,2026-08-30 00:09:00.414697+00:00,2026-08-30 00:09:00.414705+00:00,2026-08-30 00:08:59.977962+00:00
560,PGM560,M03140465421,OP,2,,,114,1,,,2026-08-30 00:09:00.415388+00:00,2026-08-30 00:09:00.415396+00:00,2026-08-30 00:08:59.977962+00:00
561,PGM561,M03140467121,OP,2,,,113,1,,,2026-08-30 00:09:00.416119+00:00,2026-08-30 00:09:00.416127+00:00,2026-08-30 00:08:59.977962+00:00
562,PGM562,M03140458721,OP,1,,,95,1,,,2026-08-30 00:09:00.416848+00:00,2026-08-30 00:09:00.416856+00:00,2026-08-30 00:08:59.977962+00:00
563,PGM563,M03140431821,OP,1,,,95,1,,,2026-08-30 00:09:00.417568+00:00,2026-08-30 00:09:00.417576+00:00,2026-08-30 00:08:59.977962+00:00
564,PGM564,M03140466621,OP,2,,,95,1,,H2S detector,2026-08-30 00:09:00.418252+00:00,2026-08-30 00:09:00.418260+00:00,2026-08-30 00:08:59.977962+00:00
565,PGM565,M03140465821,OP,2,,,95,1,,,2026-08-30 00:09:00.418986+00:00,2026-08-30 00:09:00.418994+00:00,2026-08-30 00:08:59.977962+00:00
566,PGM566,M03140463321,OP,2,,,95,1,,,2026-08-30 00:09:00.419660+00:00,2026-08-30 00:09:00.419677+00:00,2026-08-30 00:08:59.977962+00:00
567,PGM567,M03140464821,OP,2,,,9,1,,,2026-08-30 00:09:00.420339+00:00,2026-08-30 00:09:00.420347+00:00,2026-08-30 00:08:59.977962+00:00
568,PGM568,M03140466021,OP,2,,,95,1,,,2026-08-30 00:09:00.421017+00:00,2026-08-30 00:09:00.421025+00:00,2026-08-30 00:08:59.977962+00:00
569,PGM569,M03140466321,OP,2,,,95,1,,,2026-08-30 00:09:00.421686+00:00,2026-08-30 00:09:00.421694+00:00,2026-08-30 00:08:59.977962+00:00
570,PGM570,M03140463021,OP,2,,,95,1,,,2026-08-30 00:09:00.422431+00:00,2026-08-30 00:09:00.422439+00:00,2026-08-30 00:08:59.977962+00:00
571,PGM571,M03140467421,OP,1,,,95,1,,,2026-08-30 00:09:00.423176+00:00,2026-08-30 00:09:00.423184+00:00,2026-08-30 00:08:59.977962+00:00
572,PGM572,M03140465621,OP,2,,,95,1,,,2026-08-30 00:09:00.423927+00:00,2026-08-30 00:09:00.423934+00:00,2026-08-30 00:08:59.977962+00:00
573,PGM573,M03140462921,OP,2,,,95,1,,,2026-08-30 00:09:00.424655+00:00,2026-08-30 00:09:00.424662+00:00,2026-08-30 00:08:59.977962+00:00
574,PGM574,M03140465021,OP,2,,,95,1,,,2026-08-30 00:09:00.425399+00:00,2026-08-30 00:09:00.425407+00:00,2026-08-30 00:08:59.977962+00:00
575,PGM575,M03140465121,OP,2,,,95,1,,,2026-08-30 00:09:00.426154+00:00,2026-08-30 00:09:00.426162+00:00,2026-08-30 00:08:59.977962+00:00
576,PGM576,M03140466421,OP,2,,,95,1,,,2026-08-30 00:09:00.426890+00:00,2026-08-30 00:09:00.426898+00:00,2026-08-30 00:08:59.977962+00:00
577,PGM577,M03140463921,OP,2,,,95,1,,,2026-08-30 00:09:00.427592+00:00,2026-08-30 00:09:00.427601+00:00,2026-08-30 00:08:59.977962+00:00
578,PGM578,M03140466721,OP,2,,,95,1,,,2026-08-30 00:09:00.428363+00:00,2026-08-30 00:09:00.428371+00:00,2026-08-30 00:08:59.977962+00:00
579,PGM579,M03140465921,OP,2,,,95,1,,,2026-08-30 00:09:00.429295+00:00,2026-08-30 00:09:00.429304+00:00,2026-08-30 00:08:59.977962+00:00
580,PGM580,M03140462721,OP,2,,,95,1,,,2026-08-30 00:09:00.429982+00:00,2026-08-30 00:09:00.429990+00:00,2026-08-30 00:08:59.977962+00:00
581,PGM581,M03140485821,OP,1,,,95,1,,,2026-08-30 00:09:00.430655+00:00,2026-08-30 00:09:00.430663+00:00,2026-08-30 00:08:59.977962+00:00
582,PGM582,M03140451021,OP,1,,,95,1,,,2026-08-30 00:09:00.431387+00:00,2026-08-30 00:09:00.431395+00:00,2026-08-30 00:08:59.977962+00:00
583,PGM583,M03140458621,OP,1,,,95,1,,,2026-08-30 00:09:00.432124+00:00,2026-08-30 00:09:00.432132+00:00,2026-08-30 00:08:59.977962+00:00
584,PGM584,M03140450521,OP,1,,,100,1,,,2026-08-30 00:09:00.432883+00:00,2026-08-30 00:09:00.432891+00:00,2026-08-30 00:08:59.977962+00:00
585,PGM585,M03140462421,OP,2,,,95,1,,,2026-08-30 00:09:00.433608+00:00,2026-08-30 00:09:00.433617+00:00,2026-08-30 00:08:59.977962+00:00
586,PGM586,M03140465721,OP,1,,,95,1,,,2026-08-30 00:09:00.434343+00:00,2026-08-30 00:09:00.434351+00:00,2026-08-30 00:08:59.977962+00:00
1080,PGM588,M03140575721,OP,1,,,95,1,,,2026-08-30 00:09:00.799627+00:00,2026-08-30 00:09:00.799635+00:00,2026-08-30 00:08:59.977962+00:00
622,PID01,592-907573,OP,7,,,95,3,,,2026-08-30 00:09:00.460724+00:00,2026-08-30 00:09:00.460738+00:00,2026-08-30 00:08:59.977962+00:00
623,PID02,592-907615,OP,7,,,89,3,,,2026-08-30 00:09:00.461404+00:00,2026-08-30 00:09:00.461411+00:00,2026-08-30 00:08:59.977962+00:00
624,PID03,592-907644,OP,7,,,95,3,,,2026-08-30 00:09:00.462131+00:00,2026-08-30 00:09:00.462139+00:00,2026-08-30 00:08:59.977962+00:00
625,PID05,592-907588,OP,7,,,96,3,,,2026-08-30 00:09:00.462861+00:00,2026-08-30 00:09:00.462869+00:00,2026-08-30 00:08:59.977962+00:00
626,PID06,592-907622,OP,7,,,89,3,,,2026-08-30 00:09:00.463593+00:00,2026-08-30 00:09:00.463601+00:00,2026-08-30 00:08:59.977962+00:00
627,PID07,592-907586,OP,7,,,95,3,,,2026-08-30 00:09:00.464329+00:00,2026-08-30 00:09:00.464337+00:00,2026-08-30 00:08:59.977962+00:00
628,PID08,592-907613,OP,7,,,95,3,,,2026-08-30 00:09:00.465061+00:00,2026-08-30 00:09:00.465070+00:00,2026-08-30 00:08:59.977962+00:00
629,PID10,594-903188,OP,8,,,95,4,,,2026-08-30 00:09:00.465805+00:00,2026-08-30 00:09:00.465813+00:00,2026-08-30 00:08:59.977962+00:00
630,PID11,594-900086,OP,8,,,95,4,2.22A,,2026-08-30 00:09:00.466543+00:00,2026-08-30 00:09:00.466551+00:00,2026-08-30 00:08:59.977962+00:00
631,PID12,592-918998,OP,7,,,95,3,,,2026-08-30 00:09:00.467253+00:00,2026-08-30 00:09:00.467261+00:00,2026-08-30 00:08:59.977962+00:00
632,PID13,592-919000,OP,7,,,96,3,,,2026-08-30 00:09:00.468088+00:00,2026-08-30 00:09:00.468097+00:00,2026-08-30 00:08:59.977962+00:00
633,PID14,592-918999,OP,7,,,95,3,2.26,,2026-08-30 00:09:00.468810+00:00,2026-08-30 00:09:00.468818+00:00,2026-08-30 00:08:59.977962+00:00
634,PID15,594-920954,OP,8,,,95,4,2.22A,,2026-08-30 00:09:00.469471+00:00,2026-08-30 00:09:00.469479+00:00,2026-08-30 00:08:59.977962+00:00
722,RAD001,XXX-00038,OP,16,,,108,12,,,2026-08-30 00:09:00.531245+00:00,2026-08-30 00:09:00.531258+00:00,2026-08-30 00:08:59.977962+00:00
723,RAD002,XXX-00039,OP,16,,,108,12,,,2026-08-30 00:09:00.531919+00:00,2026-08-30 00:09:00.531926+00:00,2026-08-30 00:08:59.977962+00:00
724,RAD003,XXX-00040,OP,16,,,108,12,,,2026-08-30 00:09:00.532519+00:00,2026-08-30 00:09:00.532527+00:00,2026-08-30 00:08:59.977962+00:00
725,RAD004,151491274,OP,16,,,108,12,,,2026-08-30 00:09:00.533115+00:00,2026-08-30 00:09:00.533123+00:00,2026-08-30 00:08:59.977962+00:00
726,RAD005,805210004,OP,16,,,95,12,,,2026-08-30 00:09:00.533858+00:00,2026-08-30 00:09:00.533865+00:00,2026-08-30 00:08:59.977962+00:00
727,RAD006,873200002,OP,16,,,95,12,,,2026-08-30 00:09:00.534495+00:00,2026-08-30 00:09:00.534515+00:00,2026-08-30 00:08:59.977962+00:00
728,RAD007,805210002,OP,16,,,108,12,,,2026-08-30 00:09:00.535282+00:00,2026-08-30 00:09:00.535290+00:00,2026-08-30 00:08:59.977962+00:00
729,RAD008,805210003,OP,16,,,95,12,,,2026-08-30 00:09:00.535904+00:00,2026-08-30 00:09:00.535911+00:00,2026-08-30 00:08:59.977962+00:00
730,RAD009,XXX-00041,OP,16,,,110,12,,,2026-08-30 00:09:00.536458+00:00,2026-08-30 00:09:00.536465+00:00,2026-08-30 00:08:59.977962+00:00
731,RAD010,XXX-00042,OP,16,,,108,12,,,2026-08-30 00:09:00.537028+00:00,2026-08-30 00:09:00.537035+00:00,2026-08-30 00:08:59.977962+00:00
732,RAD011,151491271,OP,16,,,95,12,,,2026-08-30 00:09:00.537622+00:00,2026-08-30 00:09:00.537629+00:00,2026-08-30 00:08:59.977962+00:00
733,RAD012,XXX-00043,OP,16,,,108,12,,,2026-08-30 00:09:00.538249+00:00,2026-08-30 00:09:00.538257+00:00,2026-08-30 00:08:59.977962+00:00
734,RAD013,XXX-00044,OP,16,,,110,12,,,2026-08-30 00:09:00.538882+00:00,2026-08-30 00:09:00.538889+00:00,2026-08-30 00:08:59.977962+00:00
735,RAD014,XXX-00045,OP,16,,,110,12,,,2026-08-30 00:09:00.539661+00:00,2026-08-30 00:09:00.539705+00:00,2026-08-30 00:08:59.977962+00:00
736,RAD015,XXX-00046,OP,16,,,110,12,,,2026-08-30 00:09:00.540314+00:00,2026-08-30 00:09:00.540321+00:00,2026-08-30 00:08:59.977962+00:00
737,RAD016,XXX-00047,OP,16,,,110,12,,,2026-08-30 00:09:00.540915+00:00,2026-08-30 00:09:00.540923+00:00,2026-08-30 00:08:59.977962+00:00
738,RAD017,XXX-00048,OP,16,,,110,12,,,2026-08-30 00:09:00.541468+00:00,2026-08-30 00:09:00.541476+00:00,2026-08-30 00:08:59.977962+00:00
739,RAD018,XXX-00049,OP,16,,,110,12,,,2026-08-30 00:09:00.542079+00:00,2026-08-30 00:09:00.542086+00:00,2026-08-30 00:08:59.977962+00:00
740,RAD019,XXX-00050,OP,16,,,110,12,,,2026-08-30 00:09:00.542679+00:00,2026-08-30 00:09:00.542687+00:00,2026-08-30 00:08:59.977962+00:00
741,RAD020,XXX-00051,OP,16,,,110,12,,,2026-08-30 00:09:00.543410+00:00,2026-08-30 00:09:00.543423+00:00,2026-08-30 00:08:59.977962+00:00
742,RAD021,XXX-00052,OP,16,,,110,12,,,2026-08-30 00:09:00.544101+00:00,2026-08-30 00:09:00.544109+00:00,2026-08-30 00:08:59.977962+00:00
743,RAD022,XXX-00053,OP,16,,,110,12,,,2026-08-30 00:09:00.544926+00:00,2026-08-30 00:09:00.544939+00:00,2026-08-30 00:08:59.977962+00:00
744,RAD023,XXX-00054,OP,16,,,55,12,,,2026-08-30 00:09:00.545557+00:00,2026-08-30 00:09:00.545564+00:00,2026-08-30 00:08:59.977962+00:00
745,RAD024,XXX-00055,OP,16,,,55,12,,,2026-08-30 00:09:00.546117+00:00,2026-08-30 00:09:00.546124+00:00,2026-08-30 00:08:59.977962+00:00
746,RAD025,XXX-00056,OP,16,,,55,12,,,2026-08-30 00:09:00.546720+00:00,2026-08-30 00:09:00.546727+00:00,2026-08-30 00:08:59.977962+00:00
747,RAD026,XXX-00057,OP,16,,,55,12,,,2026-08-30 00:09:00.547267+00:00,2026-08-30 00:09:00.547274+00:00,2026-08-30 00:08:59.977962+00:00
748,RAD027,XXX-00058,OP,16,,,62,12,,,2026-08-30 00:09:00.547903+00:00,2026-08-30 00:09:00.547910+00:00,2026-08-30 00:08:59.977962+00:00
749,RAD028,XXX-00059,OP,16,,,62,12,,,2026-08-30 00:09:00.548425+00:00,2026-08-30 00:09:00.548432+00:00,2026-08-30 00:08:59.977962+00:00
750,RAD029,XXX-00060,OP,16,,,62,12,,,2026-08-30 00:09:00.549162+00:00,2026-08-30 00:09:00.549174+00:00,2026-08-30 00:08:59.977962+00:00
751,RAD030,XXX-00061,OP,16,,,62,12,,,2026-08-30 00:09:00.549942+00:00,2026-08-30 00:09:00.549954+00:00,2026-08-30 00:08:59.977962+00:00
698,RD040,01A03A82,OP,12,,,95,8,,,2026-08-30 00:09:00.515655+00:00,2026-08-30 00:09:00.515662+00:00,2026-08-30 00:08:59.977962+00:00
701,RD041,01A03A5A,OP,12,,,95,8,,,2026-08-30 00:09:00.517543+00:00,2026-08-30 00:09:00.517550+00:00,2026-08-30 00:08:59.977962+00:00
677,RD042,01A03A77,OP,12,,,34,8,,,2026-08-30 00:09:00.501224+00:00,2026-08-30 00:09:00.501232+00:00,2026-08-30 00:08:59.977962+00:00
678,RD043,01A03A83,OP,12,,,34,8,,,2026-08-30 00:09:00.501983+00:00,2026-08-30 00:09:00.501992+00:00,2026-08-30 00:08:59.977962+00:00
679,RD044,01A03A56,OP,12,,,34,8,,,2026-08-30 00:09:00.502709+00:00,2026-08-30 00:09:00.502718+00:00,2026-08-30 00:08:59.977962+00:00
680,RD045,01A03A53,OP,12,,,94,8,,,2026-08-30 00:09:00.503469+00:00,2026-08-30 00:09:00.503477+00:00,2026-08-30 00:08:59.977962+00:00
681,RD046,01A03A9B,OP,12,,,94,8,,,2026-08-30 00:09:00.504175+00:00,2026-08-30 00:09:00.504183+00:00,2026-08-30 00:08:59.977962+00:00
699,RD048,01A03AA7,OP,12,,,95,8,,,2026-08-30 00:09:00.516300+00:00,2026-08-30 00:09:00.516307+00:00,2026-08-30 00:08:59.977962+00:00
682,RD049,01A03A9E,OP,12,,,95,8,,,2026-08-30 00:09:00.504942+00:00,2026-08-30 00:09:00.504950+00:00,2026-08-30 00:08:59.977962+00:00
683,RD050,01A03A61,OP,12,,,34,8,,,2026-08-30 00:09:00.505693+00:00,2026-08-30 00:09:00.505702+00:00,2026-08-30 00:08:59.977962+00:00
684,RD051,01A03AA9,OP,12,,,34,8,,,2026-08-30 00:09:00.506440+00:00,2026-08-30 00:09:00.506448+00:00,2026-08-30 00:08:59.977962+00:00
685,RD052,01A03A73,OP,12,,,94,8,,,2026-08-30 00:09:00.507196+00:00,2026-08-30 00:09:00.507204+00:00,2026-08-30 00:08:59.977962+00:00
703,RD054,01A03A57,OP,12,,,95,8,,,2026-08-30 00:09:00.519270+00:00,2026-08-30 00:09:00.519278+00:00,2026-08-30 00:08:59.977962+00:00
686,RD056,01A03A7E,OP,12,,,34,8,,,2026-08-30 00:09:00.507905+00:00,2026-08-30 00:09:00.507913+00:00,2026-08-30 00:08:59.977962+00:00
700,RD057,01A03AA1,OP,12,,,95,8,,,2026-08-30 00:09:00.516942+00:00,2026-08-30 00:09:00.516950+00:00,2026-08-30 00:08:59.977962+00:00
687,RD058,01A03A99,OP,12,,,94,8,,,2026-08-30 00:09:00.508572+00:00,2026-08-30 00:09:00.508580+00:00,2026-08-30 00:08:59.977962+00:00
702,RD059,01A03A66,OP,12,,,95,8,,,2026-08-30 00:09:00.518526+00:00,2026-08-30 00:09:00.518533+00:00,2026-08-30 00:08:59.977962+00:00
688,RD060,01A03A92,OP,12,,,94,8,,,2026-08-30 00:09:00.509225+00:00,2026-08-30 00:09:00.509233+00:00,2026-08-30 00:08:59.977962+00:00
697,RD062,01A03A90,OP,12,,,95,8,,,2026-08-30 00:09:00.515054+00:00,2026-08-30 00:09:00.515061+00:00,2026-08-30 00:08:59.977962+00:00
689,RD063,01A03A93,OP,12,,,94,8,,,2026-08-30 00:09:00.509882+00:00,2026-08-30 00:09:00.509890+00:00,2026-08-30 00:08:59.977962+00:00
690,RD064,01A03A67,OP,12,,,34,8,,,2026-08-30 00:09:00.510570+00:00,2026-08-30 00:09:00.510578+00:00,2026-08-30 00:08:59.977962+00:00
691,RD065,01A03A5F,OP,12,,,95,8,,,2026-08-30 00:09:00.511375+00:00,2026-08-30 00:09:00.511383+00:00,2026-08-30 00:08:59.977962+00:00
692,RD066,01A03A50,OP,12,,,95,8,,,2026-08-30 00:09:00.512104+00:00,2026-08-30 00:09:00.512112+00:00,2026-08-30 00:08:59.977962+00:00
693,RD067,01A03A85,OP,12,,,95,8,,,2026-08-30 00:09:00.512660+00:00,2026-08-30 00:09:00.512675+00:00,2026-08-30 00:08:59.977962+00:00
694,RD068,01A03A98,OP,12,,,34,8,,,2026-08-30 00:09:00.513266+00:00,2026-08-30 00:09:00.513273+00:00,2026-08-30 00:08:59.977962+00:00
695,RD069,01A03A6E,OP,12,,,94,8,,,2026-08-30 00:09:00.513879+00:00,2026-08-30 00:09:00.513887+00:00,2026-08-30 00:08:59.977962+00:00
696,RD071,01A1DBDB,OP,12,,,34,8,,,2026-08-30 00:09:00.514429+00:00,2026-08-30 00:09:00.514436+00:00,2026-08-30 00:08:59.977962+00:00
706,RDRM01,119514,OP,13,,,34,10,,,2026-08-30 00:09:00.521129+00:00,2026-08-30 00:09:00.521136+00:00,2026-08-30 00:08:59.977962+00:00
707,RDRM02,39617,OP,13,,,95,10,,,2026-08-30 00:09:00.521773+00:00,2026-08-30 00:09:00.521780+00:00,2026-08-30 00:08:59.977962+00:00
635,RM001,955-008157,OP,9,,,68,5,,,2026-08-30 00:09:00.470118+00:00,2026-08-30 00:09:00.470126+00:00,2026-08-30 00:08:59.977962+00:00
636,RM002,955-008158,OP,9,,,68,5,,,2026-08-30 00:09:00.470751+00:00,2026-08-30 00:09:00.470758+00:00,2026-08-30 00:08:59.977962+00:00
637,RM003,955-008156,OP,9,,,68,5,,,2026-08-30 00:09:00.471471+00:00,2026-08-30 00:09:00.471479+00:00,2026-08-30 00:08:59.977962+00:00
638,RM004,955-008153,OP,9,,,55,5,,,2026-08-30 00:09:00.472239+00:00,2026-08-30 00:09:00.472247+00:00,2026-08-30 00:08:59.977962+00:00
639,RM005,955-008150,OP,9,,,55,5,,,2026-08-30 00:09:00.472943+00:00,2026-08-30 00:09:00.472951+00:00,2026-08-30 00:08:59.977962+00:00
640,RM006,955-008149,OP,9,,,55,5,,,2026-08-30 00:09:00.473683+00:00,2026-08-30 00:09:00.473691+00:00,2026-08-30 00:08:59.977962+00:00
641,RM007,955-006846,OP,9,,,62,5,,,2026-08-30 00:09:00.474422+00:00,2026-08-30 00:09:00.474430+00:00,2026-08-30 00:08:59.977962+00:00
642,RM008,955-008152,OP,9,,,62,5,,,2026-08-30 00:09:00.475203+00:00,2026-08-30 00:09:00.475211+00:00,2026-08-30 00:08:59.977962+00:00
643,RM009,955-008151,OP,9,,,62,5,,,2026-08-30 00:09:00.475933+00:00,2026-08-30 00:09:00.475941+00:00,2026-08-30 00:08:59.977962+00:00
644,RM010,955-006844,OP,9,,,34,5,,,2026-08-30 00:09:00.476605+00:00,2026-08-30 00:09:00.476613+00:00,2026-08-30 00:08:59.977962+00:00
645,RM011,955-008160,OP,9,,,34,5,,,2026-08-30 00:09:00.477281+00:00,2026-08-30 00:09:00.477289+00:00,2026-08-30 00:08:59.977962+00:00
646,RM012,955-006845,OP,9,,,34,5,,,2026-08-30 00:09:00.477956+00:00,2026-08-30 00:09:00.477963+00:00,2026-08-30 00:08:59.977962+00:00
647,RM013,251-904636,OP,10,,,95,6,,,2026-08-30 00:09:00.478707+00:00,2026-08-30 00:09:00.478715+00:00,2026-08-30 00:08:59.977962+00:00
648,RM014,251-903798,OP,10,,,95,6,,,2026-08-30 00:09:00.479417+00:00,2026-08-30 00:09:00.479425+00:00,2026-08-30 00:08:59.977962+00:00
649,RM015,251-903612,OP,10,,,95,6,,,2026-08-30 00:09:00.480145+00:00,2026-08-30 00:09:00.480153+00:00,2026-08-30 00:08:59.977962+00:00
650,RM016,251-903607,OP,10,,,95,6,,,2026-08-30 00:09:00.480884+00:00,2026-08-30 00:09:00.480892+00:00,2026-08-30 00:08:59.977962+00:00
704,RSM01,551428,OP,14,,,34,9,,,2026-08-30 00:09:00.519902+00:00,2026-08-30 00:09:00.519910+00:00,2026-08-30 00:08:59.977962+00:00
705,RSM02,35901,OP,14,,,95,9,,,2026-08-30 00:09:00.520508+00:00,2026-08-30 00:09:00.520516+00:00,2026-08-30 00:08:59.977962+00:00
1093,XAM002,ALRP0042,OP,21,,,95,22,,TOXIC,2026-08-30 00:09:00.809402+00:00,2026-08-30 00:09:00.809410+00:00,2026-08-30 00:08:59.977962+00:00
1097,XAM005,ALRP0041,OP,23,,,95,22,1.04.14,,2026-08-30 00:09:00.812368+00:00,2026-08-30 00:09:00.812376+00:00,2026-08-30 00:08:59.977962+00:00
1096,XAM006,ALRP0044,OP,21,,,95,22,1.04.14,,2026-08-30 00:09:00.811625+00:00,2026-08-30 00:09:00.811634+00:00,2026-08-30 00:08:59.977962+00:00
1095,XAM007,ARLA0036,OP,22,,,95,22,1.04.14,,2026-08-30 00:09:00.810888+00:00,2026-08-30 00:09:00.810896+00:00,2026-08-30 00:08:59.977962+00:00
1092,XAM012,ARLA0040,OP,,,,95,22,,VOLATILE,2026-08-30 00:09:00.808658+00:00,2026-08-30 00:09:00.808672+00:00,2026-08-30 00:08:59.977962+00:00
1094,XAM013,ALRP0037,OP,,,,95,22,,FIRE,2026-08-30 00:09:00.810143+00:00,2026-08-30 00:09:00.810151+00:00,2026-08-30 00:08:59.977962+00:00
1081,pgm598,M03140571321,OP,1,,,95,1,,,2026-08-30 00:09:00.800383+00:00,2026-08-30 00:09:00.800391+00:00,2026-08-30 00:08:59.977962+00:00
