id,serial,sensor_type,detector,status,order_date,receive_date,warranty_date,expiry_date,install_date,remove_date
1,S014170194D4,1,1,OP,,2023-04-30,2025-05-30,2025-05-30,,
2,S014170048D4,1,2,OP,,2023-04-30,2025-05-30,2025-05-30,,
3,S014170602C2,1,3,OP,,2022-02-28,2024-03-28,2024-03-28,,
4,S014170196D4,1,4,OP,,2023-04-30,2025-05-30,2025-05-30,,
5,S014170042D4,1,6,OP,,2023-04-30,2025-05-30,2025-05-30,,
6,S014170038D4,1,7,OP,,2023-04-30,2025-05-30,2025-05-30,,
7,S014170219D4,1,8,DC,,2023-04-30,2025-05-30,2025-05-30,,2026-05-18
8,S014170251D4,1,9,OP,,2023-04-30,2025-05-30,2025-05-30,,
9,S014170183D4,1,10,OP,,2023-04-30,2025-05-30,2025-05-30,,
10,S014170435D5,1,11,OP,,2023-05-31,2025-06-30,2025-06-30,,
11,S014170197D5,1,12,OP,,2023-05-31,2025-06-30,2025-06-30,,
12,S014170163D4,1,13,OP,,2023-04-30,2025-05-30,2025-05-30,,
13,S014170292D4,1,14,OP,,2023-04-30,2025-05-30,2025-05-30,,
14,S014170068D4,1,15,OP,,2023-04-30,2025-05-30,2025-05-30,,
15,S014170116D4,1,16,OP,,2023-04-30,2025-05-30,2025-05-30,,
16,S014170200D4,1,17,OP,,2023-04-30,2025-05-30,2025-05-30,,
17,S014170302D4,1,18,DC,,2023-04-30,2025-05-30,2025-05-30,,2026-05-19
18,S014170307D4,1,19,OP,,2023-04-30,2025-05-30,2025-05-30,,
19,S014170226D4,1,20,OP,,2023-04-30,2025-05-30,2025-05-30,,
20,S014170079D4,1,21,OP,,2023-04-30,2025-05-30,2025-05-30,,
21,S014170300D4,1,22,OP,,2023-04-30,2025-05-30,2025-05-30,,
22,S014170233D4,1,23,OP,,2023-04-30,2025-05-30,2025-05-30,,
23,S014170158D4,1,24,OP,,2023-04-30,2025-05-30,2025-05-30,,
24,S014170063D4,1,25,OP,,2023-04-30,2025-05-30,2025-05-30,,
25,S014170056D4,1,26,OP,,2023-04-30,2025-05-30,2025-05-30,,
26,S014170156D5,1,27,OP,,2023-05-31,2025-06-30,2025-06-30,,
27,S014170374D5,1,28,OP,,2023-05-31,2025-06-30,2025-06-30,,
28,S014170036D4,1,29,OP,,2023-04-30,2025-05-30,2025-05-30,,
29,S014170229D4,1,30,OP,,2023-04-30,2025-05-30,2025-05-30,,
30,S014170190D5,1,32,OP,,2023-05-31,2025-06-30,2025-06-30,,
31,S014170167D4,1,33,OP,,2023-04-30,2025-05-30,2025-05-30,,
32,S014170154D5,1,34,OP,,2023-05-31,2025-06-30,2025-06-30,,
33,S014170363D4,1,35,OP,,2023-04-30,2025-05-30,2025-05-30,,
34,S014170189D4,1,36,OP,,2023-04-30,2025-05-30,2025-05-30,,
35,S014170041D4,1,37,OP,,2023-04-30,2025-05-30,2025-05-30,,
36,S014170092D4,1,38,OP,,2023-04-30,2025-05-30,2025-05-30,,
37,S014170341D4,1,39,OP,,2023-04-30,2025-05-30,2025-05-30,,
38,S014170122D4,1,40,OP,,2023-04-30,2025-05-30,2025-05-30,,
39,S014170145D4,1,41,OP,,2023-04-30,2025-05-30,2025-05-30,,
40,S014170026D4,1,42,OP,,2023-04-30,2025-05-30,2025-05-30,,
41,S014170108D4,1,43,OP,,2023-04-30,2025-05-30,2025-05-30,,
42,S014170293D4,1,44,OP,,2023-04-30,2025-05-30,2025-05-30,,
43,S014170186D4,1,45,OP,,2023-04-30,2025-05-30,2025-05-30,,
44,S014170202D4,1,46,OP,,2023-04-30,2025-05-30,2025-05-30,,
45,S014170275D4,1,47,OP,,2023-04-30,2025-05-30,2025-05-30,,
46,S014170139D4,1,48,OP,,2023-04-30,2025-05-30,2025-05-30,,
47,S014170491D5,1,49,OP,,2023-05-31,2025-06-30,2025-06-30,,
48,S014170176D4,1,50,OP,,2023-04-30,2025-05-30,2025-05-30,,
49,S014170492D5,1,51,DC,,2023-05-31,2025-06-30,2025-06-30,,2026-05-19
50,S014170498D5,1,52,OP,,2023-05-31,2025-06-30,2025-06-30,,
51,S014170407D5,1,53,OP,,2023-05-31,2025-06-30,2025-06-30,,
52,S014170271D4,1,54,OP,,2023-04-30,2025-05-30,2025-05-30,,
53,S014170053D4,1,55,OP,,2023-04-30,2025-05-30,2025-05-30,,
54,S014170294D4,1,56,OP,,2023-04-30,2025-05-30,2025-05-30,,
55,S014170140D4,1,57,OP,,2023-04-30,2025-05-30,2025-05-30,,
56,S014170182D4,1,58,OP,,2023-04-30,2025-05-30,2025-05-30,,
57,S014170157D4,1,59,OP,,2023-04-30,2025-05-30,2025-05-30,,
58,S014170115D4,1,60,OP,,2023-04-30,2025-05-30,2025-05-30,,
59,S014170234D4,1,62,OP,,2023-04-30,2025-05-30,2025-05-30,,
60,S014170489D5,1,63,OP,,2023-05-31,2025-06-30,2025-06-30,,
61,S014170476D5,1,65,OP,,2023-05-31,2025-06-30,2025-06-30,,
62,S014170295D4,1,66,OP,,2023-04-30,2025-05-30,2025-05-30,,
63,S014170642E7,1,68,OP,,2024-07-31,2026-08-31,2026-08-31,,
64,S014170124D4,1,69,OP,,2023-04-30,2025-05-30,2025-05-30,,
65,S014170142D4,1,70,OP,,2023-04-30,2025-05-30,2025-05-30,,
66,S014170490D5,1,71,OP,,2023-05-31,2025-06-30,2025-06-30,,
67,S014170162D4,1,72,OP,,2023-04-30,2025-05-30,2025-05-30,,
68,S014170081D4,1,73,OP,,2023-04-30,2025-05-30,2025-05-30,,
69,S014170003D4,1,74,OP,,2023-04-30,2025-05-30,2025-05-30,,
70,S014170285D4,1,75,OP,,2023-04-30,2025-05-30,2025-05-30,,
71,S014170284D4,1,76,OP,,2023-04-30,2025-05-30,2025-05-30,,
72,S014170255D4,1,77,OP,,2023-04-30,2025-05-30,2025-05-30,,
73,S014170199D4,1,78,OP,,2023-04-30,2025-05-30,2025-05-30,,
74,S014170178D4,1,79,OP,,2023-04-30,2025-05-30,2025-05-30,,
75,S014170445D5,1,80,OP,,2023-05-31,2025-06-30,2025-06-30,,
76,S014170460D5,1,81,OP,,2023-05-31,2025-06-30,2025-06-30,,
77,S014170432D5,1,82,OP,,2023-05-31,2025-06-30,2025-06-30,,
78,S014170256D4,1,83,OP,,2023-04-30,2025-05-30,2025-05-30,,
79,S014170434D5,1,84,OP,,2023-05-31,2025-06-30,2025-06-30,,
80,S014170120F8,1,85,OP,,2025-08-31,2027-09-30,2027-09-30,,
81,S014170073D4,1,86,OP,,2023-04-30,2025-05-30,2025-05-30,,
82,S014170249D4,1,87,OP,,2023-04-30,2025-05-30,2025-05-30,,
83,S014170082D4,1,88,OP,,2023-04-30,2025-05-30,2025-05-30,,
84,S014170303D4,1,89,OP,,2023-04-30,2025-05-30,2025-05-30,,
85,S014170243D4,1,90,OP,,2023-04-30,2025-05-30,2025-05-30,,
86,S014170481D5,1,91,OP,,2023-05-31,2025-06-30,2025-06-30,,
87,S014170114F8,1,92,OP,,2025-08-31,2027-09-30,2027-09-30,,
88,S014170329AB,1,93,OP,,2020-11-30,2022-12-30,2022-12-30,,
89,S014170084D4,1,94,DC,,2023-04-30,2025-05-30,2025-05-30,,2026-05-19
90,S014170291D4,1,95,OP,,2023-04-30,2025-05-30,2025-05-30,,
91,S014170044D4,1,96,OP,,2023-04-30,2025-05-30,2025-05-30,,
92,S014170272D4,1,97,OP,,2023-04-30,2025-05-30,2025-05-30,,
93,S014170465D5,1,98,OP,,2023-05-31,2025-06-30,2025-06-30,,
94,S014170260D4,1,99,OP,,2023-04-30,2025-05-30,2025-05-30,,
95,S014170245D4,1,100,OP,,2023-04-30,2025-05-30,2025-05-30,,
96,S014170131D4,1,101,OP,,2023-04-30,2025-05-30,2025-05-30,,
97,S014170013F8,1,102,OP,,2025-08-31,2027-09-30,2027-09-30,,
98,S014170103D4,1,103,OP,,2023-04-30,2025-05-30,2025-05-30,,
99,S014170002D4,1,104,OP,,2023-04-30,2025-05-30,2025-05-30,,
100,S014170259D4,1,105,OP,,2023-04-30,2025-05-30,2025-05-30,,
101,S014170076D4,1,106,OP,,2023-04-30,2025-05-30,2025-05-30,,
102,S014170102D4,1,107,OP,,2023-04-30,2025-05-30,2025-05-30,,
103,S014170197D4,1,108,OP,,2023-04-30,2025-05-30,2025-05-30,,
104,S014170037D4,1,109,OP,,2023-04-30,2025-05-30,2025-05-30,,
105,S014170029D4,1,110,OP,,2023-04-30,2025-05-30,2025-05-30,,
106,S014170276D4,1,111,OP,,2023-04-30,2025-05-30,2025-05-30,,
107,S014170143D4,1,112,DC,,2023-04-30,2025-05-30,2025-05-30,,2026-05-19
108,S014170059D4,1,113,DC,,2023-04-30,2025-05-30,2025-05-30,,2026-05-19
109,S014170385D4,1,114,OP,,2023-04-30,2025-05-30,2025-05-30,,
110,S014170296D4,1,115,OP,,2023-04-30,2025-05-30,2025-05-30,,
111,S014170035D4,1,116,OP,,2023-04-30,2025-05-30,2025-05-30,,
112,S014170211D4,1,117,OP,,2023-04-30,2025-05-30,2025-05-30,,
113,S014170135D4,1,118,OP,,2023-04-30,2025-05-30,2025-05-30,,
114,S014170052D4,1,119,OP,,2023-04-30,2025-05-30,2025-05-30,,
115,S014170001D4,1,121,OP,,2023-04-30,2025-05-30,2025-05-30,,
116,S014170045D4,1,122,OP,,2023-04-30,2025-05-30,2025-05-30,,
117,S014170168D4,1,123,OP,,2023-04-30,2025-05-30,2025-05-30,,
118,S014170021D4,1,124,OP,,2023-04-30,2025-05-30,2025-05-30,,
119,S014170087D4,1,125,OP,,2023-04-30,2025-05-30,2025-05-30,,
120,S014170071D4,1,126,OP,,2023-04-30,2025-05-30,2025-05-30,,
121,S014170242D4,1,127,OP,,2023-04-30,2025-05-30,2025-05-30,,
122,S014170030D4,1,128,OP,,2023-04-30,2025-05-30,2025-05-30,,
123,S014170033D4,1,129,OP,,2023-04-30,2025-05-30,2025-05-30,,
124,S014170128F8,1,130,OP,,2025-08-31,2027-09-30,2027-09-30,,
125,S014170216D4,1,131,OP,,2023-04-30,2025-05-30,2025-05-30,,
126,S014170053F8,1,132,OP,,2025-08-31,2027-09-30,2027-09-30,,
127,S014170049D4,1,133,OP,,2023-04-30,2025-05-30,2025-05-30,,
128,S014170258D4,1,134,OP,,2023-04-30,2025-05-30,2025-05-30,,
129,S014170209D4,1,135,OP,,2023-04-30,2025-05-30,2025-05-30,,
130,S014170052F8,1,136,OP,,2025-08-31,2027-09-30,2027-09-30,,
131,S014170022D4,1,137,OP,,2023-04-30,2025-05-30,2025-05-30,,
132,S014170192D4,1,139,OP,,2023-04-30,2025-05-30,2025-05-30,,
133,S014170178D5,1,140,OP,,2023-05-31,2025-06-30,2025-06-30,,
134,S014170149D4,1,141,DC,,2023-04-30,2025-05-30,2025-05-30,,2026-05-19
135,S014170195D4,1,142,OP,,2023-04-30,2025-05-30,2025-05-30,,
136,S014170205D4,1,143,OP,,2023-04-30,2025-05-30,2025-05-30,,
137,S014170161D4,1,144,OP,,2023-04-30,2025-05-30,2025-05-30,,
138,S014170019D4,1,145,OP,,2023-04-30,2025-05-30,2025-05-30,,
139,S014170152D4,1,146,OP,,2023-04-30,2025-05-30,2025-05-30,,
140,S014170107D4,1,147,OP,,2023-04-30,2025-05-30,2025-05-30,,
141,S014170184D4,1,148,OP,,2023-04-30,2025-05-30,2025-05-30,,
142,S014170200D5,1,150,OP,,2023-05-31,2025-06-30,2025-06-30,,
143,S014170100D4,1,151,OP,,2023-04-30,2025-05-30,2025-05-30,,
144,S014170177D5,1,152,OP,,2023-05-31,2025-06-30,2025-06-30,,
145,S014170142D5,1,153,OP,,2023-05-31,2025-06-30,2025-06-30,,
146,S014170148D5,1,154,OP,,2023-05-31,2025-06-30,2025-06-30,,
147,S014170139D5,1,155,OP,,2023-05-31,2025-06-30,2025-06-30,,
148,S014170095D4,1,156,DC,,2023-04-30,2025-05-30,2025-05-30,,2026-05-19
149,S014170198D4,1,157,OP,,2023-04-30,2025-05-30,2025-05-30,,
150,S014170066D4,1,160,OP,,2023-04-30,2025-05-30,2025-05-30,,
151,S014170181D4,1,162,OP,,2023-04-30,2025-05-30,2025-05-30,,
152,S014170062D4,1,163,OP,,2023-04-30,2025-05-30,2025-05-30,,
153,S014170386D5,1,164,OP,,2023-05-31,2025-06-30,2025-06-30,,
154,S014170499D5,1,165,OP,,2023-05-31,2025-06-30,2025-06-30,,
155,S014170133F8,1,166,OP,,2025-08-31,2027-09-30,2027-09-30,,
156,S014170194D5,1,167,OP,,2023-05-31,2025-06-30,2025-06-30,,
157,S014170134F8,1,168,OP,,2025-08-31,2027-09-30,2027-09-30,,
158,S014170169D4,1,170,OP,,2023-04-30,2025-05-30,2025-05-30,,
159,S014170299D4,1,171,OP,,2023-04-30,2025-05-30,2025-05-30,,
160,S014170404D4,1,172,OP,,2023-04-30,2025-05-30,2025-05-30,,
161,S014170089D4,1,173,OP,,2023-04-30,2025-05-30,2025-05-30,,
162,S014170351D5,1,174,OP,,2023-05-31,2025-06-30,2025-06-30,,
163,S014170238D4,1,175,OP,,2023-04-30,2025-05-30,2025-05-30,,
164,S014170153D5,1,176,OP,,2023-05-31,2025-06-30,2025-06-30,,
165,S014170179D5,1,177,OP,,2023-05-31,2025-06-30,2025-06-30,,
166,S014170230D5,1,178,OP,,2023-05-31,2025-06-30,2025-06-30,,
167,S014170065D4,1,179,OP,,2023-04-30,2025-05-30,2025-05-30,,
168,S014170273D4,1,180,OP,,2023-04-30,2025-05-30,2025-05-30,,
169,S014170160D4,1,181,OP,,2023-04-30,2025-05-30,2025-05-30,,
170,S014170031F8,1,182,OP,,2025-08-31,2027-09-30,2027-09-30,,
171,S014170208D4,1,183,OP,,2023-04-30,2025-05-30,2025-05-30,,
172,S014170111D4,1,184,OP,,2023-04-30,2025-05-30,2025-05-30,,
173,S014170236D5,1,185,OP,,2023-05-31,2025-06-30,2025-06-30,,
174,S014170250D4,1,186,OP,,2023-04-30,2025-05-30,2025-05-30,,
175,S014170436D5,1,187,OP,,2023-05-31,2025-06-30,2025-06-30,,
176,S014170034D4,1,188,OP,,2023-04-30,2025-05-30,2025-05-30,,
177,S014170202F2,1,189,OP,,2025-02-28,2027-03-28,2027-03-28,,
178,S014170461D5,1,190,OP,,2023-05-31,2025-06-30,2025-06-30,,
179,S014170232D4,1,191,OP,,2023-04-30,2025-05-30,2025-05-30,,
180,S014170504D5,1,192,OP,,2023-05-31,2025-06-30,2025-06-30,,
181,S014170616C2,1,193,OP,,2022-02-28,2024-03-28,2024-03-28,,
182,S014170447D5,1,195,OP,,2023-05-31,2025-06-30,2025-06-30,,
183,S014170091D4,1,196,OP,,2023-04-30,2025-05-30,2025-05-30,,
184,S014170098D4,1,197,OP,,2023-04-30,2025-05-30,2025-05-30,,
185,S014170023D4,1,198,OP,,2023-04-30,2025-05-30,2025-05-30,,
186,S014170298D4,1,199,OP,,2023-04-30,2025-05-30,2025-05-30,,
187,S014170212D4,1,200,OP,,2023-04-30,2025-05-30,2025-05-30,,
188,S014170384D5,1,201,OP,,2023-05-31,2025-06-30,2025-06-30,,
189,S014170228D4,1,202,OP,,2023-04-30,2025-05-30,2025-05-30,,
190,S014170143D5,1,204,OP,,2023-05-31,2025-06-30,2025-06-30,,
191,S014170265D4,1,205,OP,,2023-04-30,2025-05-30,2025-05-30,,
192,S014170016D4,1,206,OP,,2023-04-30,2025-05-30,2025-05-30,,
193,S014170300D5,1,207,OP,,2023-05-31,2025-06-30,2025-06-30,,
194,S014170442D5,1,208,OP,,2023-05-31,2025-06-30,2025-06-30,,
195,S014170405D5,1,209,OP,,2023-05-31,2025-06-30,2025-06-30,,
196,S014170651C2,1,210,OP,,2022-02-28,2024-03-28,2024-03-28,,
197,S014170070AB,1,211,OP,,2020-11-30,2022-12-30,2022-12-30,,
198,S014170270D4,1,212,OP,,2023-04-30,2025-05-30,2025-05-30,,
199,S014170124D5,1,213,OP,,2023-05-31,2025-06-30,2025-06-30,,
200,S014170165D4,1,214,OP,,2023-04-30,2025-05-30,2025-05-30,,
201,S014170027F8,1,215,OP,,2025-08-31,2027-09-30,2027-09-30,,
202,S014170046D4,1,216,OP,,2023-04-30,2025-05-30,2025-05-30,,
203,S014170496D5,1,217,OP,,2023-05-31,2025-06-30,2025-06-30,,
204,S014170027D4,1,218,OP,,2023-04-30,2025-05-30,2025-05-30,,
205,S014170405D4,1,219,OP,,2023-04-30,2025-05-30,2025-05-30,,
206,S014170247D4,1,220,OP,,2023-04-30,2025-05-30,2025-05-30,,
207,S014170022F8,1,221,OP,,2025-08-31,2027-09-30,2027-09-30,,
208,S014170463D5,1,222,OP,,2023-05-31,2025-06-30,2025-06-30,,
209,S014170131F8,1,224,OP,,2025-08-31,2027-09-30,2027-09-30,,
210,S014170226D5,1,225,OP,,2023-05-31,2025-06-30,2025-06-30,,
211,S014170101D4,1,227,OP,,2023-04-30,2025-05-30,2025-05-30,,
212,S014170133D5,1,228,OP,,2023-05-31,2025-06-30,2025-06-30,,
213,S014170477D5,1,229,OP,,2023-05-31,2025-06-30,2025-06-30,,
214,S014170129D5,1,230,OP,,2023-05-31,2025-06-30,2025-06-30,,
215,S014170240D4,1,231,OP,,2023-04-30,2025-05-30,2025-05-30,,
216,S014170170D4,1,232,OP,,2023-04-30,2025-05-30,2025-05-30,,
217,S014170403D5,1,233,OP,,2023-05-31,2025-06-30,2025-06-30,,
218,S014170137D4,1,234,OP,,2023-04-30,2025-05-30,2025-05-30,,
219,S014170268D4,1,235,OP,,2023-04-30,2025-05-30,2025-05-30,,
220,S014170232D5,1,237,OP,,2023-05-31,2025-06-30,2025-06-30,,
221,S014170054D4,1,238,OP,,2023-04-30,2025-05-30,2025-05-30,,
222,S014170123D4,1,239,OP,,2023-04-30,2025-05-30,2025-05-30,,
223,S014170487D5,1,240,OP,,2023-05-31,2025-06-30,2025-06-30,,
224,S014170128D5,1,241,OP,,2023-05-31,2025-06-30,2025-06-30,,
225,S014170353D5,1,242,OP,,2023-05-31,2025-06-30,2025-06-30,,
226,S014170146D5,1,243,OP,,2023-05-31,2025-06-30,2025-06-30,,
227,S014170090D4,1,244,OP,,2023-04-30,2025-05-30,2025-05-30,,
228,S014170155D4,1,245,OP,,2023-04-30,2025-05-30,2025-05-30,,
229,S014170251D5,1,246,OP,,2023-05-31,2025-06-30,2025-06-30,,
230,S014170077D4,1,247,OP,,2023-04-30,2025-05-30,2025-05-30,,
231,S014170233D5,1,248,OP,,2023-05-31,2025-06-30,2025-06-30,,
232,S014170193D4,1,249,OP,,2023-04-30,2025-05-30,2025-05-30,,
233,S014170478D5,1,251,OP,,2023-05-31,2025-06-30,2025-06-30,,
234,S014170008F8,1,252,OP,,2025-08-31,2027-09-30,2027-09-30,,
235,S014170241D4,1,254,OP,,2023-04-30,2025-05-30,2025-05-30,,
236,S014170263D4,1,255,OP,,2023-04-30,2025-05-30,2025-05-30,,
237,S014170224D4,1,256,OP,,2023-04-30,2025-05-30,2025-05-30,,
238,S014170407D4,1,257,OP,,2023-04-30,2025-05-30,2025-05-30,,
239,S014170141D5,1,258,OP,,2023-05-31,2025-06-30,2025-06-30,,
240,S014170127F8,1,259,OP,,2025-08-31,2027-09-30,2027-09-30,,
241,S014170028D4,1,261,OP,,2023-04-30,2025-05-30,2025-05-30,,
242,S014170193F2,1,262,OP,,2025-02-28,2027-03-28,2027-03-28,,
243,S014170173D4,1,264,OP,,2023-04-30,2025-05-30,2025-05-30,,
244,S014170282D4,1,265,OP,,2023-04-30,2025-05-30,2025-05-30,,
245,S014170480D5,1,266,OP,,2023-05-31,2025-06-30,2025-06-30,,
246,S014170281D4,1,268,OP,,2023-04-30,2025-05-30,2025-05-30,,
247,S014170109D4,1,269,OP,,2023-04-30,2025-05-30,2025-05-30,,
248,S014170075D4,1,270,OP,,2023-04-30,2025-05-30,2025-05-30,,
249,S014170184D5,1,271,OP,,2023-05-31,2025-06-30,2025-06-30,,
250,S014170174D4,1,272,OP,,2023-04-30,2025-05-30,2025-05-30,,
251,S014170067D4,1,273,OP,,2023-04-30,2025-05-30,2025-05-30,,
252,S014170495D5,1,274,OP,,2023-05-31,2025-06-30,2025-06-30,,
253,S014170083D4,1,276,OP,,2023-04-30,2025-05-30,2025-05-30,,
254,S014170006F8,1,277,OP,,2025-08-31,2027-09-30,2027-09-30,,
255,S014170088D4,1,278,OP,,2023-04-30,2025-05-30,2025-05-30,,
256,S014170493D5,1,279,OP,,2023-05-31,2025-06-30,2025-06-30,,
257,S014170060D4,1,280,OP,,2023-04-30,2025-05-30,2025-05-30,,
258,S014170254D4,1,281,OP,,2023-04-30,2025-05-30,2025-05-30,,
259,S014170248D4,1,284,OP,,2023-04-30,2025-05-30,2025-05-30,,
260,S014170172D4,1,286,OP,,2023-04-30,2025-05-30,2025-05-30,,
261,S014170150D4,1,287,OP,,2023-04-30,2025-05-30,2025-05-30,,
262,S014170187D4,1,288,OP,,2023-04-30,2025-05-30,2025-05-30,,
263,S014170227D5,1,289,OP,,2023-05-31,2025-06-30,2025-06-30,,
264,S014170128D4,1,290,OP,,2023-04-30,2025-05-30,2025-05-30,,
265,S014170112D4,1,291,OP,,2023-04-30,2025-05-30,2025-05-30,,
266,S014170129D4,1,292,OP,,2023-04-30,2025-05-30,2025-05-30,,
267,S014170125D5,1,293,OP,,2023-05-31,2025-06-30,2025-06-30,,
268,S014170286D4,1,294,OP,,2023-04-30,2025-05-30,2025-05-30,,
269,S014170297D4,1,295,OP,,2023-04-30,2025-05-30,2025-05-30,,
270,S014170231D4,1,296,OP,,2023-04-30,2025-05-30,2025-05-30,,
271,S014170456D5,1,297,OP,,2023-05-31,2025-06-30,2025-06-30,,
272,S014170141D4,1,298,OP,,2023-04-30,2025-05-30,2025-05-30,,
273,S014170004D4,1,299,OP,,2023-04-30,2025-05-30,2025-05-30,,
274,S014170236D4,1,300,OP,,2023-04-30,2025-05-30,2025-05-30,,
275,S014170204D4,1,301,OP,,2023-04-30,2025-05-30,2025-05-30,,
276,S014170210D4,1,302,OP,,2023-04-30,2025-05-30,2025-05-30,,
277,S014170029F8,1,303,OP,,2025-08-31,2027-09-30,2027-09-30,,
278,S014170372D5,1,304,OP,,2023-05-31,2025-06-30,2025-06-30,,
279,S014170039D4,1,305,OP,,2023-04-30,2025-05-30,2025-05-30,,
280,S014170277D4,1,306,OP,,2023-04-30,2025-05-30,2025-05-30,,
281,S014170223D5,1,307,OP,,2023-05-31,2025-06-30,2025-06-30,,
282,S014170278D4,1,308,OP,,2023-04-30,2025-05-30,2025-05-30,,
283,S014170135D5,1,309,DC,,2023-05-31,2025-06-30,2025-06-30,,2026-05-19
284,S014170130D5,1,311,OP,,2023-05-31,2025-06-30,2025-06-30,,
285,S014170385D5,1,312,OP,,2023-05-31,2025-06-30,2025-06-30,,
286,S014170191D4,1,313,OP,,2023-04-30,2025-05-30,2025-05-30,,
287,S014170441D5,1,315,OP,,2023-05-31,2025-06-30,2025-06-30,,
288,S014170406D5,1,316,OP,,2023-05-31,2025-06-30,2025-06-30,,
289,S014170130D4,1,317,OP,,2023-04-30,2025-05-30,2025-05-30,,
290,S014170203D5,1,318,OP,,2023-05-31,2025-06-30,2025-06-30,,
291,S014170321D5,1,319,OP,,2023-05-31,2025-06-30,2025-06-30,,
292,S014170134D4,1,320,OP,,2023-04-30,2025-05-30,2025-05-30,,
293,S014170114D4,1,321,OP,,2023-04-30,2025-05-30,2025-05-30,,
294,S014170235D4,1,322,OP,,2023-04-30,2025-05-30,2025-05-30,,
295,S014170279D4,1,323,OP,,2023-04-30,2025-05-30,2025-05-30,,
296,S014170136D4,1,324,OP,,2023-04-30,2025-05-30,2025-05-30,,
297,S014170215D4,1,325,OP,,2023-04-30,2025-05-30,2025-05-30,,
298,S014170382D4,1,326,OP,,2023-04-30,2025-05-30,2025-05-30,,
299,S014170225D4,1,327,OP,,2023-04-30,2025-05-30,2025-05-30,,
300,S014170267D4,1,328,OP,,2023-04-30,2025-05-30,2025-05-30,,
301,S014170051F8,1,329,OP,,2025-08-31,2027-09-30,2027-09-30,,
302,S014170147D4,1,331,OP,,2023-04-30,2025-05-30,2025-05-30,,
303,S014170214D4,1,332,OP,,2023-04-30,2025-05-30,2025-05-30,,
304,S014170055D4,1,333,OP,,2023-04-30,2025-05-30,2025-05-30,,
305,S014170185D4,1,334,OP,,2023-04-30,2025-05-30,2025-05-30,,
306,S014170078D4,1,335,OP,,2023-04-30,2025-05-30,2025-05-30,,
307,S014170066C2,1,336,OP,,2022-02-28,2024-03-28,2024-03-28,,
308,S014170218D4,1,337,OP,,2023-04-30,2025-05-30,2025-05-30,,
309,S014170156D4,1,338,OP,,2023-04-30,2025-05-30,2025-05-30,,
310,S014170495E7,1,339,OP,,2024-07-31,2026-08-31,2026-08-31,,
311,S014170171D4,1,340,OP,,2023-04-30,2025-05-30,2025-05-30,,
312,S014170227D4,1,342,OP,,2023-04-30,2025-05-30,2025-05-30,,
313,S014170151D4,1,343,OP,,2023-04-30,2025-05-30,2025-05-30,,
314,S014170117D4,1,344,OP,,2023-04-30,2025-05-30,2025-05-30,,
315,S014170190D4,1,345,OP,,2023-04-30,2025-05-30,2025-05-30,,
316,S014170264D4,1,346,OP,,2023-04-30,2025-05-30,2025-05-30,,
317,S014170121D5,1,347,OP,,2023-05-31,2025-06-30,2025-06-30,,
318,S014170207D4,1,348,OP,,2023-04-30,2025-05-30,2025-05-30,,
319,S014170132D4,1,349,OP,,2023-04-30,2025-05-30,2025-05-30,,
320,S014170164D4,1,350,OP,,2023-04-30,2025-05-30,2025-05-30,,
321,S014170437D5,1,351,OP,,2023-05-31,2025-06-30,2025-06-30,,
322,S014170261D4,1,352,OP,,2023-04-30,2025-05-30,2025-05-30,,
323,S014170450D5,1,353,OP,,2023-05-31,2025-06-30,2025-06-30,,
324,S014170370D5,1,354,OP,,2023-05-31,2025-06-30,2025-06-30,,
325,S014170408D5,1,355,OP,,2023-05-31,2025-06-30,2025-06-30,,
326,S014170166D4,1,356,OP,,2023-04-30,2025-05-30,2025-05-30,,
327,S014170464D5,1,357,OP,,2023-05-31,2025-06-30,2025-06-30,,
328,S014170104D4,1,358,OP,,2023-04-30,2025-05-30,2025-05-30,,
329,S014170253D4,1,359,OP,,2023-04-30,2025-05-30,2025-05-30,,
330,S014170266D4,1,360,OP,,2023-04-30,2025-05-30,2025-05-30,,
331,S014170119D4,1,361,OP,,2023-04-30,2025-05-30,2025-05-30,,
332,S014170188D4,1,362,OP,,2023-04-30,2025-05-30,2025-05-30,,
333,S014170239D4,1,363,OP,,2023-04-30,2025-05-30,2025-05-30,,
334,S014170120D5,1,364,OP,,2023-05-31,2025-06-30,2025-06-30,,
335,S014170138D4,1,365,OP,,2023-04-30,2025-05-30,2025-05-30,,
336,S014170406D4,1,366,OP,,2023-04-30,2025-05-30,2025-05-30,,
337,S014170378D5,1,367,OP,,2023-05-31,2025-06-30,2025-06-30,,
338,S014170157D5,1,368,OP,,2023-05-31,2025-06-30,2025-06-30,,
339,S014170281D5,1,369,OP,,2023-05-31,2025-06-30,2025-06-30,,
340,S014170126D5,1,370,OP,,2023-05-31,2025-06-30,2025-06-30,,
341,S014170137D5,1,371,OP,,2023-05-31,2025-06-30,2025-06-30,,
342,S014170354D5,1,372,OP,,2023-05-31,2025-06-30,2025-06-30,,
343,S014170352D5,1,373,OP,,2023-05-31,2025-06-30,2025-06-30,,
344,S014170224D5,1,374,OP,,2023-05-31,2025-06-30,2025-06-30,,
345,S014170298D5,1,375,OP,,2023-05-31,2025-06-30,2025-06-30,,
346,S014170138D5,1,376,OP,,2023-05-31,2025-06-30,2025-06-30,,
347,S014170123D5,1,377,OP,,2023-05-31,2025-06-30,2025-06-30,,
348,S014170225D5,1,378,OP,,2023-05-31,2025-06-30,2025-06-30,,
349,S014170371D5,1,380,OP,,2023-05-31,2025-06-30,2025-06-30,,
350,S014170252D4,1,381,OP,,2023-04-30,2025-05-30,2025-05-30,,
351,S014170086D4,1,382,OP,,2023-04-30,2025-05-30,2025-05-30,,
352,S014170180D5,1,383,OP,,2023-05-31,2025-06-30,2025-06-30,,
353,S014170369D5,1,384,OP,,2023-05-31,2025-06-30,2025-06-30,,
354,S014170186D5,1,385,OP,,2023-05-31,2025-06-30,2025-06-30,,
355,S014170290D4,1,386,OP,,2023-04-30,2025-05-30,2025-05-30,,
356,S014170099D4,1,387,OP,,2023-04-30,2025-05-30,2025-05-30,,
357,S014170155D5,1,388,OP,,2023-05-31,2025-06-30,2025-06-30,,
358,S014170192D5,1,389,OP,,2023-05-31,2025-06-30,2025-06-30,,
359,S014170131D5,1,390,DC,,2023-05-31,2025-06-30,2025-06-30,,2026-05-19
360,S014170220D5,1,391,OP,,2023-05-31,2025-06-30,2025-06-30,,
361,S014170127D5,1,392,OP,,2023-05-31,2025-06-30,2025-06-30,,
362,S014170404D5,1,393,OP,,2023-05-31,2025-06-30,2025-06-30,,
363,S014170238D5,1,394,OP,,2023-05-31,2025-06-30,2025-06-30,,
364,S014170320D5,1,395,OP,,2023-05-31,2025-06-30,2025-06-30,,
365,S014170222D5,1,396,OP,,2023-05-31,2025-06-30,2025-06-30,,
366,S014170312D5,1,397,OP,,2023-05-31,2025-06-30,2025-06-30,,
367,S014170145D5,1,398,OP,,2023-05-31,2025-06-30,2025-06-30,,
368,S014170185D5,1,399,DC,,2023-05-31,2025-06-30,2025-06-30,,2026-05-19
369,S014170299D5,1,400,OP,,2023-05-31,2025-06-30,2025-06-30,,
370,S014170458D5,1,401,OP,,2023-05-31,2025-06-30,2025-06-30,,
371,S014170380E7,1,402,OP,,2024-07-31,2026-08-31,2026-08-31,,
372,S014170491E7,1,403,OP,,2024-07-31,2026-08-31,2026-08-31,,
373,S014170058D4,1,404,OP,,2023-04-30,2025-05-30,2025-05-30,,
374,S014170438D5,1,405,DC,,2023-05-31,2025-06-30,2025-06-30,,2026-05-19
375,S014170378E7,1,406,OP,,2024-07-31,2026-08-31,2026-08-31,,
376,S014170342BB,1,407,OP,,2021-11-30,2023-12-30,2023-12-30,,
377,S014170367D5,1,408,OP,,2023-05-31,2025-06-30,2025-06-30,,
378,S014170093D4,1,409,OP,,2023-04-30,2025-05-30,2025-05-30,,
379,S014170448D5,1,410,OP,,2023-05-31,2025-06-30,2025-06-30,,
380,S014170453E7,1,411,OP,,2024-07-31,2026-08-31,2026-08-31,,
381,S014170534E7,1,412,OP,,2024-07-31,2026-08-31,2026-08-31,,
382,S014170417E7,1,413,OP,,2024-07-31,2026-08-31,2026-08-31,,
383,S014170057EA,1,414,OP,,2024-10-31,2026-11-30,2026-11-30,,
384,S014170018EA,1,415,OP,,2024-10-31,2026-11-30,2026-11-30,,
385,S014170038EA,1,416,OP,,2024-10-31,2026-11-30,2026-11-30,,
386,S014170002EA,1,417,OP,,2024-10-31,2026-11-30,2026-11-30,,
387,S014170017EA,1,418,OP,,2024-10-31,2026-11-30,2026-11-30,,
388,S014170037EA,1,419,OP,,2024-10-31,2026-11-30,2026-11-30,,
389,S014170017E8,1,420,OP,,2024-08-31,2026-09-30,2026-09-30,,
390,S014170012EA,1,421,OP,,2024-10-31,2026-11-30,2026-11-30,,
391,S014170003EA,1,422,OP,,2024-10-31,2026-11-30,2026-11-30,,
392,S014170010EA,1,423,OP,,2024-10-31,2026-11-30,2026-11-30,,
393,S014170001EA,1,424,OP,,2024-10-31,2026-11-30,2026-11-30,,
394,S014170011EA,1,425,OP,,2024-10-31,2026-11-30,2026-11-30,,
395,S014170009EA,1,426,OP,,2024-10-31,2026-11-30,2026-11-30,,
396,S014170039EA,1,427,OP,,2024-10-31,2026-11-30,2026-11-30,,
397,S014170029EA,1,428,OP,,2024-10-31,2026-11-30,2026-11-30,,
398,S014170040EA,1,429,OP,,2024-10-31,2026-11-30,2026-11-30,,
399,S014170294D5,1,430,OP,,2023-05-31,2025-06-30,2025-06-30,,
400,S014170151D5,1,431,OP,,2023-05-31,2025-06-30,2025-06-30,,
401,S014170054F8,1,432,OP,,2025-08-31,2027-09-30,2027-09-30,,
402,S014170037A4,1,433,OP,,2020-04-30,2022-05-30,2022-05-30,,
403,S014170122F8,1,434,OP,,2025-08-31,2027-09-30,2027-09-30,,
404,S014170073EA,1,435,OP,,2024-10-31,2026-11-30,2026-11-30,,
405,S014170053EA,1,436,OP,,2024-10-31,2026-11-30,2026-11-30,,
406,S031404047EA,1,437,OP,,2024-10-31,2026-11-30,2026-11-30,,
407,S014170050EA,1,438,OP,,2024-10-31,2026-11-30,2026-11-30,,
408,S014170375D5,1,439,OP,,2023-05-31,2025-06-30,2025-06-30,,
409,S014170096D4,1,440,OP,,2023-04-30,2025-05-30,2025-05-30,,
410,S014170196D5,1,441,OP,,2023-05-31,2025-06-30,2025-06-30,,
411,S014170169F4,1,443,OP,,2025-04-30,2027-05-30,2027-05-30,,
412,S014170144F4,1,444,OP,,2025-04-30,2027-05-30,2027-05-30,,
413,S014170108F4,1,445,OP,,2025-04-30,2027-05-30,2027-05-30,,
414,S014170103F4,1,446,OP,,2025-04-30,2027-05-30,2027-05-30,,
415,S014170105F4,1,447,OP,,2025-04-30,2027-05-30,2027-05-30,,
416,S014170147F4,1,448,OP,,2025-04-30,2027-05-30,2027-05-30,,
417,S014170116F4,1,449,OP,,2025-04-30,2027-05-30,2027-05-30,,
418,S014170165F4,1,450,OP,,2025-04-30,2027-05-30,2027-05-30,,
419,S014170091F4,1,451,OP,,2025-04-30,2027-05-30,2027-05-30,,
420,S014170102F4,1,452,OP,,2025-04-30,2027-05-30,2027-05-30,,
421,S014170101F4,1,453,OP,,2025-04-30,2027-05-30,2027-05-30,,
422,S014170104F4,1,454,OP,,2025-04-30,2027-05-30,2027-05-30,,
423,S014170201F4,1,455,OP,,2025-04-30,2027-05-30,2027-05-30,,
424,S014170168F4,1,456,OP,,2025-04-30,2027-05-30,2027-05-30,,
425,S014170113F4,1,457,OP,,2025-04-30,2027-05-30,2027-05-30,,
426,S014170146F4,1,458,OP,,2025-04-30,2027-05-30,2027-05-30,,
427,S014170122F4,1,459,OP,,2025-04-30,2027-05-30,2027-05-30,,
428,S014170115F4,1,460,OP,,2025-04-30,2027-05-30,2027-05-30,,
429,S014170114F4,1,461,OP,,2025-04-30,2027-05-30,2027-05-30,,
430,S014170170F4,1,462,OP,,2025-04-30,2027-05-30,2027-05-30,,
431,S014170149F4,1,463,OP,,2025-04-30,2027-05-30,2027-05-30,,
432,S014170148F4,1,464,OP,,2025-04-30,2027-05-30,2027-05-30,,
433,S014170088F4,1,465,OP,,2025-04-30,2027-05-30,2027-05-30,,
434,S014170098F4,1,466,OP,,2025-04-30,2027-05-30,2027-05-30,,
435,S014170166F4,1,467,OP,,2025-04-30,2027-05-30,2027-05-30,,
436,S014170202D5,1,468,OP,,2023-05-31,2025-06-30,2025-06-30,,
437,S014170165F2,1,469,OP,,2025-02-28,2027-03-28,2027-03-28,,
438,S014170236F2,1,470,OP,,2025-02-28,2027-03-28,2027-03-28,,
439,S014170240F2,1,471,OP,,2025-02-28,2027-03-28,2027-03-28,,
440,S014170283F2,1,472,OP,,2025-02-28,2027-03-28,2027-03-28,,
441,S014170237F2,1,473,OP,,2025-02-28,2027-03-28,2027-03-28,,
442,S014170204F2,1,474,OP,,2025-02-28,2027-03-28,2027-03-28,,
443,S014170158F2,1,475,OP,,2025-02-28,2027-03-28,2027-03-28,,
444,S014170194F2,1,476,OP,,2025-02-28,2027-03-28,2027-03-28,,
445,S014170068T6,1,477,OP,,1900-06-30,1902-07-30,1902-07-30,,
446,S014170379E7,1,478,OP,,2024-07-31,2026-08-31,2026-08-31,,
447,S014170048AB,1,479,OP,,2020-11-30,2022-12-30,2022-12-30,,
448,S014170672BC,1,480,OP,,2021-12-31,2024-01-31,2024-01-31,,
449,S014170040D4,1,481,OP,,2023-04-30,2025-05-30,2025-05-30,,
450,S014170249WB,1,482,OP,,1900-11-30,1902-12-30,1902-12-30,,
451,S014170868BC,1,483,OP,,2021-12-31,2024-01-31,2024-01-31,,
452,S014170021A4,1,485,OP,,2020-04-30,2022-05-30,2022-05-30,,
453,S014170898BC,1,487,OP,,2021-12-31,2024-01-31,2024-01-31,,
454,S014170027AC,1,488,OP,,2020-12-31,2023-01-31,2023-01-31,,
455,S014170567W7,1,489,OP,,1900-07-31,1902-08-31,1902-08-31,,
456,S014170566W7,1,490,OP,,1900-07-31,1902-08-31,1902-08-31,,
457,S014170028A4,1,491,OP,,2020-04-30,2022-05-30,2022-05-30,,
458,S014170038A4,1,492,OP,,2020-04-30,2022-05-30,2022-05-30,,
459,S014170022A4,1,493,OP,,2020-04-30,2022-05-30,2022-05-30,,
460,S014170569W7,1,494,OP,,1900-07-31,1902-08-31,1902-08-31,,
461,S014170028AC,1,495,OP,,2020-12-31,2023-01-31,2023-01-31,,
462,S014170030BC,1,496,OP,,2021-12-31,2024-01-31,2024-01-31,,
463,S014170559W7,1,497,OP,,1900-07-31,1902-08-31,1902-08-31,,
464,S014170545BC,1,498,OP,,2021-12-31,2024-01-31,2024-01-31,,
465,S014170019AC,1,499,OP,,2020-12-31,2023-01-31,2023-01-31,,
466,S014170730BC,1,500,OP,,2021-12-31,2024-01-31,2024-01-31,,
467,S014170792BC,1,501,OP,,2021-12-31,2024-01-31,2024-01-31,,
468,S014170731BC,1,502,OP,,2021-12-31,2024-01-31,2024-01-31,,
469,S014170568W7,1,503,OP,,1900-07-31,1902-08-31,1902-08-31,,
470,S014170014AC,1,504,OP,,2020-12-31,2023-01-31,2023-01-31,,
471,S014170677BC,1,505,OP,,2021-12-31,2024-01-31,2024-01-31,,
472,S014170515BC,1,506,OP,,2021-12-31,2024-01-31,2024-01-31,,
473,S014170836BC,1,507,OP,,2021-12-31,2024-01-31,2024-01-31,,
474,S014170023AC,1,508,OP,,2020-12-31,2023-01-31,2023-01-31,,
475,S014170029AC,1,509,OP,,2020-12-31,2023-01-31,2023-01-31,,
476,S014170247W8,1,510,OP,,1900-08-31,1902-09-30,1902-09-30,,
477,S014170026AC,1,511,OP,,2020-12-31,2023-01-31,2023-01-31,,
478,S014170672BB,1,512,OP,,2026-11-30,2028-12-30,2028-12-30,,
479,S014170024A5,1,513,OP,,2020-05-31,2022-06-30,2022-06-30,,
480,S014170556W8,1,514,OP,,1900-08-31,1902-09-30,1902-09-30,,
481,S014170561W8,1,515,OP,,1900-08-31,1902-09-30,1902-09-30,,
482,S014170027A5,1,516,OP,,2020-05-31,2022-06-30,2022-06-30,,
483,S014170023A4,1,517,OP,,2020-04-30,2022-05-30,2022-05-30,,
484,S014170516BC,1,518,OP,,2021-12-31,2024-01-31,2024-01-31,,
485,S014170040A4,1,519,OP,,2020-04-30,2022-05-30,2022-05-30,,
486,S014170011AB,1,520,OP,,2020-11-30,2022-12-30,2022-12-30,,
487,S014170834BC,1,521,OP,,2021-12-31,2024-01-31,2024-01-31,,
488,S014170012AC,1,522,OP,,2020-12-31,2023-01-31,2023-01-31,,
489,S014170017AC,1,523,OP,,2020-12-31,2023-01-31,2023-01-31,,
490,S014170172U7,1,524,OP,,1900-07-31,1902-08-31,1902-08-31,,
491,S014170018AC,1,525,OP,,2020-12-31,2023-01-31,2023-01-31,,
492,S014170126D4,1,526,OP,,2023-04-30,2025-05-30,2025-05-30,,
493,S014170122D5,1,527,OP,,2023-05-31,2025-06-30,2025-06-30,,
494,S014170234D5,1,528,OP,,2023-05-31,2025-06-30,2025-06-30,,
495,S014170230D4,1,529,OP,,2023-04-30,2025-05-30,2025-05-30,,
496,S014170221D5,1,530,OP,,2023-05-31,2025-06-30,2025-06-30,,
497,S014170514D5,1,531,OP,,2023-05-31,2025-06-30,2025-06-30,,
498,S014170181D5,1,532,OP,,2023-05-31,2025-06-30,2025-06-30,,
499,S014170376D5,1,533,OP,,2023-05-31,2025-06-30,2025-06-30,,
500,S014170201D4,1,534,OP,,2023-04-30,2025-05-30,2025-05-30,,
501,S014170368D5,1,535,OP,,2023-05-31,2025-06-30,2025-06-30,,
502,S014170188D5,1,536,OP,,2023-05-31,2025-06-30,2025-06-30,,
503,S014170132D5,1,537,OP,,2023-05-31,2025-06-30,2025-06-30,,
504,S014170228D5,1,539,OP,,2023-05-31,2025-06-30,2025-06-30,,
505,S014170187D5,1,540,OP,,2023-05-31,2025-06-30,2025-06-30,,
506,S014170235D5,1,541,OP,,2023-05-31,2025-06-30,2025-06-30,,
507,S014170195D5,1,542,OP,,2023-05-31,2025-06-30,2025-06-30,,
508,S014170342D4,1,543,OP,,2023-04-30,2025-05-30,2025-05-30,,
509,S014170219D5,1,544,OP,,2023-05-31,2025-06-30,2025-06-30,,
510,S014170183D5,1,545,OP,,2023-05-31,2025-06-30,2025-06-30,,
511,S014170459D5,1,546,OP,,2023-05-31,2025-06-30,2025-06-30,,
512,S014170117D5,1,547,OP,,2023-05-31,2025-06-30,2025-06-30,,
513,S014170020D4,1,548,OP,,2023-04-30,2025-05-30,2025-05-30,,
514,S014170147D5,1,549,OP,,2023-05-31,2025-06-30,2025-06-30,,
515,S014170005EA,1,550,OP,,2024-10-31,2026-11-30,2026-11-30,,
516,S014170035EA,1,551,OP,,2024-10-31,2026-11-30,2026-11-30,,
517,S014170079EA,1,552,OP,,2024-10-31,2026-11-30,2026-11-30,,
518,S014170069EA,1,553,OP,,2024-10-31,2026-11-30,2026-11-30,,
519,S014170056EA,1,554,OP,,2024-10-31,2026-11-30,2026-11-30,,
520,S014170043EA,1,555,OP,,2024-10-31,2026-11-30,2026-11-30,,
521,S014170072EA,1,556,OP,,2024-10-31,2026-11-30,2026-11-30,,
522,S014170063EA,1,557,OP,,2024-10-31,2026-11-30,2026-11-30,,
523,S014170046EA,1,558,OP,,2024-10-31,2026-11-30,2026-11-30,,
524,S014170064EA,1,559,OP,,2024-10-31,2026-11-30,2026-11-30,,
525,S014170052EA,1,560,OP,,2024-10-31,2026-11-30,2026-11-30,,
526,S014170054EA,1,561,OP,,2024-10-31,2026-11-30,2026-11-30,,
527,S014170136D5,1,562,OP,,2023-05-31,2025-06-30,2025-06-30,,
528,S014170503D5,1,563,OP,,2023-05-31,2025-06-30,2025-06-30,,
529,S014170062EA,1,564,OP,,2024-10-31,2026-11-30,2026-11-30,,
530,S014170041EA,1,565,OP,,2024-10-31,2026-11-30,2026-11-30,,
531,S014170058EA,1,566,OP,,2024-10-31,2026-11-30,2026-11-30,,
532,S014170013EA,1,567,OP,,2024-10-31,2026-11-30,2026-11-30,,
533,S014170042EA,1,568,OP,,2024-10-31,2026-11-30,2026-11-30,,
534,S014170071EA,1,569,OP,,2024-10-31,2026-11-30,2026-11-30,,
535,S014170036EA,1,570,OP,,2024-10-31,2026-11-30,2026-11-30,,
536,S014170070EA,1,572,OP,,2024-10-31,2026-11-30,2026-11-30,,
537,S014170022EA,1,573,OP,,2024-10-31,2026-11-30,2026-11-30,,
538,S014170074EA,1,574,OP,,2024-10-31,2026-11-30,2026-11-30,,
539,S014170080EA,1,575,OP,,2024-10-31,2026-11-30,2026-11-30,,
540,S014170044EA,1,576,OP,,2024-10-31,2026-11-30,2026-11-30,,
541,S014170007EA,1,577,OP,,2024-10-31,2026-11-30,2026-11-30,,
542,S014170061EA,1,578,OP,,2024-10-31,2026-11-30,2026-11-30,,
543,S014170049EA,1,579,OP,,2024-10-31,2026-11-30,2026-11-30,,
544,S014170004EA,1,580,OP,,2024-10-31,2026-11-30,2026-11-30,,
545,S014170026F8,1,581,OP,,2025-08-31,2027-09-30,2027-09-30,,
546,S014170125F8,1,582,OP,,2025-08-31,2027-09-30,2027-09-30,,
547,S014170010F8,1,583,DC,,2025-08-31,2027-09-30,2027-09-30,,2026-05-11
548,S014170231D5,1,584,OP,,2023-05-31,2025-06-30,2025-06-30,,
549,S014170018E8,1,585,OP,,2024-08-31,2026-09-30,2026-09-30,,
550,S014170051EA,1,586,OP,,2024-10-31,2026-11-30,2026-11-30,,
551,S022040201E9,2,1,OP,,2024-09-30,2026-10-30,2026-10-30,,
552,S022040046E7,2,2,OP,,2024-07-31,2026-08-31,2026-08-31,,
553,S022040418E9,2,3,OP,,2024-09-30,2026-10-30,2026-10-30,,
554,S022040296E9,2,4,OP,,2024-09-30,2026-10-30,2026-10-30,,
555,S022040235E9,2,6,OP,,2024-09-30,2026-10-30,2026-10-30,,
556,S022040351E9,2,7,OP,,2024-09-30,2026-10-30,2026-10-30,,
557,S022040526E9,2,8,OP,,2024-09-30,2026-10-30,2026-10-30,,
558,S022040334E9,2,9,OP,,2024-09-30,2026-10-30,2026-10-30,,
559,S022040063E7,2,10,OP,,2024-07-31,2026-08-31,2026-08-31,,
560,S022040067E5,2,11,OP,,2024-05-31,2026-06-30,2026-06-30,,
561,S022040076E7,2,12,OP,,2024-07-31,2026-08-31,2026-08-31,,
562,S022040402E9,2,13,OP,,2024-09-30,2026-10-30,2026-10-30,,
563,S022040490E9,2,14,OP,,2024-09-30,2026-10-30,2026-10-30,,
564,S022040433E9,2,15,OP,,2024-09-30,2026-10-30,2026-10-30,,
565,S022040146E9,2,16,OP,,2024-09-30,2026-10-30,2026-10-30,,
566,S022040175E9,2,17,OP,,2024-09-30,2026-10-30,2026-10-30,,
567,S0220404195E9,2,18,OP,,2024-09-30,2026-10-30,2026-10-30,,
568,S022040124E9,2,19,OP,,2024-09-30,2026-10-30,2026-10-30,,
569,S022040285E9,2,20,OP,,2024-09-30,2026-10-30,2026-10-30,,
570,S022040158E9,2,21,OP,,2024-09-30,2026-10-30,2026-10-30,,
571,S022040157E9,2,22,OP,,2024-09-30,2026-10-30,2026-10-30,,
572,S022040274E9,2,23,OP,,2024-09-30,2026-10-30,2026-10-30,,
573,S022040159E9,2,24,OP,,2024-09-30,2026-10-30,2026-10-30,,
574,S022040495E9,2,25,OP,,2024-09-30,2026-10-30,2026-10-30,,
575,S022040054E7,2,26,OP,,2024-07-31,2026-08-31,2026-08-31,,
576,SO22040310D5,2,27,OP,,2023-05-31,2025-06-30,2025-06-30,,
577,S022040538E9,2,28,OP,,2024-09-30,2026-10-30,2026-10-30,,
578,S022040518E9,2,29,OP,,2024-09-30,2026-10-30,2026-10-30,,
579,S022040502E9,2,30,OP,,2024-09-30,2026-10-30,2026-10-30,,
580,S022040489E9,2,32,OP,,2024-09-30,2026-10-30,2026-10-30,,
581,S022040267E9,2,33,OP,,2024-09-30,2026-10-30,2026-10-30,,
582,S022040153E9,2,34,OP,,2024-09-30,2026-10-30,2026-10-30,,
583,S022040127E9,2,35,OP,,2024-09-30,2026-10-30,2026-10-30,,
584,S022040286E9,2,36,OP,,2024-09-30,2026-10-30,2026-10-30,,
585,S022040217E9,2,37,OP,,2024-09-30,2026-10-30,2026-10-30,,
586,S022040203E9,2,38,OP,,2024-09-30,2026-10-30,2026-10-30,,
587,S022040190E9,2,39,OP,,2024-09-30,2026-10-30,2026-10-30,,
588,S022040293E9,2,40,OP,,2024-09-30,2026-10-30,2026-10-30,,
589,S022040219E9,2,41,OP,,2024-09-30,2026-10-30,2026-10-30,,
590,S022040060E7,2,42,OP,,2024-07-31,2026-08-31,2026-08-31,,
591,S022040039E7,2,43,OP,,2024-07-31,2026-08-31,2026-08-31,,
592,S022040301E9,2,44,OP,,2024-09-30,2026-10-30,2026-10-30,,
593,S022040277E9,2,45,OP,,2024-09-30,2026-10-30,2026-10-30,,
594,S022040390E9,2,46,OP,,2024-09-30,2026-10-30,2026-10-30,,
595,S022040052E7,2,47,OP,,2024-07-31,2026-08-31,2026-08-31,,
596,S022040016E7,2,48,OP,,2024-07-31,2026-08-31,2026-08-31,,
597,S022040419E9,2,49,OP,,2024-09-30,2026-10-30,2026-10-30,,
598,S022040598E9,2,50,OP,,2024-09-30,2026-10-30,2026-10-30,,
599,S022040416E9,2,51,OP,,2024-09-30,2026-10-30,2026-10-30,,
600,S022040408E9,2,52,OP,,2024-09-30,2026-10-30,2026-10-30,,
601,S022040343E9,2,53,OP,,2024-09-30,2026-10-30,2026-10-30,,
602,S022040499E9,2,54,DC,,2024-09-30,2026-10-30,2026-10-30,,2026-04-22
603,S022040026E7,2,55,OP,,2024-07-31,2026-08-31,2026-08-31,,
604,S022040209E9,2,56,OP,,2024-09-30,2026-10-30,2026-10-30,,
605,S022040118F6,2,57,OP,,2025-06-30,2027-07-30,2027-07-30,,
606,S022040276E9,2,58,OP,,2024-09-30,2026-10-30,2026-10-30,,
607,S022040272E9,2,59,OP,,2024-09-30,2026-10-30,2026-10-30,,
608,S022040239E9,2,60,OP,,2024-09-30,2026-10-30,2026-10-30,,
609,S022040218E9,2,62,OP,,2024-09-30,2026-10-30,2026-10-30,,
610,S022040297E9,2,63,OP,,2024-09-30,2026-10-30,2026-10-30,,
611,S022040131F6,2,65,OP,,2025-06-30,2027-07-30,2027-07-30,,
612,S022040323E9,2,66,OP,,2024-09-30,2026-10-30,2026-10-30,,
613,S022040440E9,2,68,OP,,2024-09-30,2026-10-30,2026-10-30,,
614,S022040556E9,2,69,OP,,2024-09-30,2026-10-30,2026-10-30,,
615,S022040303E9,2,70,OP,,2024-09-30,2026-10-30,2026-10-30,,
616,S022040134E9,2,71,OP,,2024-09-30,2026-10-30,2026-10-30,,
617,S022040185E9,2,72,OP,,2024-09-30,2026-10-30,2026-10-30,,
618,S022040142E9,2,73,OP,,2024-09-30,2026-10-30,2026-10-30,,
619,S022040216E9,2,74,OP,,2024-09-30,2026-10-30,2026-10-30,,
620,S022040503E9,2,75,OP,,2024-09-30,2026-10-30,2026-10-30,,
621,S022040506E9,2,76,OP,,2024-09-30,2026-10-30,2026-10-30,,
622,S022040019E7,2,77,OP,,2024-07-31,2026-08-31,2026-08-31,,
623,S022040396E9,2,78,OP,,2024-09-30,2026-10-30,2026-10-30,,
624,S022040261E9,2,79,OP,,2024-09-30,2026-10-30,2026-10-30,,
625,S022040366E9,2,80,OP,,2024-09-30,2026-10-30,2026-10-30,,
626,S022040257E9,2,81,OP,,2024-09-30,2026-10-30,2026-10-30,,
627,S022040473E9,2,82,OP,,2024-09-30,2026-10-30,2026-10-30,,
628,S022040344E9,2,83,OP,,2024-09-30,2026-10-30,2026-10-30,,
629,S022040104E9,2,84,OP,,2024-09-30,2026-10-30,2026-10-30,,
630,S022040254E9,2,86,OP,,2024-09-30,2026-10-30,2026-10-30,,
631,S022040544E9,2,87,OP,,2024-09-30,2026-10-30,2026-10-30,,
632,S022040125E9,2,88,OP,,2024-09-30,2026-10-30,2026-10-30,,
633,S022040263E9,2,89,OP,,2024-09-30,2026-10-30,2026-10-30,,
634,S022040227E9,2,90,OP,,2024-09-30,2026-10-30,2026-10-30,,
635,S022040534E9,2,91,OP,,2024-09-30,2026-10-30,2026-10-30,,
636,S022040152F9,2,92,OP,,2025-09-30,2027-10-30,2027-10-30,,
637,S022040126E9,2,93,OP,,2024-09-30,2026-10-30,2026-10-30,,
638,S022040577E9,2,94,OP,,2024-09-30,2026-10-30,2026-10-30,,
639,S022040226E9,2,95,OP,,2024-09-30,2026-10-30,2026-10-30,,
640,S022040193E9,2,96,OP,,2024-09-30,2026-10-30,2026-10-30,,
641,S022040237E9,2,97,OP,,2024-09-30,2026-10-30,2026-10-30,,
642,S022040298E9,2,98,OP,,2024-09-30,2026-10-30,2026-10-30,,
643,S022040305E9,2,99,OP,,2024-09-30,2026-10-30,2026-10-30,,
644,S022040527E9,2,100,OP,,2024-09-30,2026-10-30,2026-10-30,,
645,S022040002E6,2,101,OP,,2024-06-30,2026-07-30,2026-07-30,,
646,S022040302E9,2,102,OP,,2024-09-30,2026-10-30,2026-10-30,,
647,S022040236E9,2,103,OP,,2024-09-30,2026-10-30,2026-10-30,,
648,S022040412E9,2,104,OP,,2024-09-30,2026-10-30,2026-10-30,,
649,S022040476E9,2,105,OP,,2024-09-30,2026-10-30,2026-10-30,,
650,S022040595E9,2,106,OP,,2024-09-30,2026-10-30,2026-10-30,,
651,S022040310E9,2,107,OP,,2024-09-30,2026-10-30,2026-10-30,,
652,S022040590E9,2,108,OP,,2024-09-30,2026-10-30,2026-10-30,,
653,S022040436E9,2,109,OP,,2024-09-30,2026-10-30,2026-10-30,,
654,S022040592E9,2,110,OP,,2024-09-30,2026-10-30,2026-10-30,,
655,S022040574E9,2,111,OP,,2024-09-30,2026-10-30,2026-10-30,,
656,S022040430E9,2,112,OP,,2024-09-30,2026-10-30,2026-10-30,,
657,S022040001E7,2,113,OP,,2024-07-31,2026-08-31,2026-08-31,,
658,S022040508E9,2,114,OP,,2024-09-30,2026-10-30,2026-10-30,,
659,S022040136E9,2,115,OP,,2024-09-30,2026-10-30,2026-10-30,,
660,S022040363E9,2,116,OP,,2024-09-30,2026-10-30,2026-10-30,,
661,S022040531E9,2,117,OP,,2024-09-30,2026-10-30,2026-10-30,,
662,S022040177E9,2,118,OP,,2024-09-30,2026-10-30,2026-10-30,,
663,S022040029E7,2,119,OP,,2024-07-31,2026-08-31,2026-08-31,,
664,S022040287E9,2,121,OP,,2024-09-30,2026-10-30,2026-10-30,,
665,S022040156E9,2,122,OP,,2024-09-30,2026-10-30,2026-10-30,,
666,S022040107E9,2,123,OP,,2024-09-30,2026-10-30,2026-10-30,,
667,S022040369E9,2,124,OP,,2024-09-30,2026-10-30,2026-10-30,,
668,S022040266E9,2,125,OP,,2024-09-30,2026-10-30,2026-10-30,,
669,S022040469E9,2,126,OP,,2024-09-30,2026-10-30,2026-10-30,,
670,S022040204E9,2,127,OP,,2024-09-30,2026-10-30,2026-10-30,,
671,S022040471E9,2,128,OP,,2024-09-30,2026-10-30,2026-10-30,,
672,S022040139E9,2,129,OP,,2024-09-30,2026-10-30,2026-10-30,,
673,S022040159F9,2,130,OP,,2025-09-30,2027-10-30,2027-10-30,,
674,S022040199E9,2,131,OP,,2024-09-30,2026-10-30,2026-10-30,,
675,S022040165F9,2,132,OP,,2025-09-30,2027-10-30,2027-10-30,,
676,S022040455E9,2,133,OP,,2024-09-30,2026-10-30,2026-10-30,,
677,S022040111E9,2,134,OP,,2024-09-30,2026-10-30,2026-10-30,,
678,S022040186E9,2,135,OP,,2024-09-30,2026-10-30,2026-10-30,,
679,S022040317F9,2,136,OP,,2025-09-30,2027-10-30,2027-10-30,,
680,S022040234E9,2,137,OP,,2024-09-30,2026-10-30,2026-10-30,,
681,S022040283F6,2,139,OP,,2025-06-30,2027-07-30,2027-07-30,,
682,S022040356E9,2,140,OP,,2024-09-30,2026-10-30,2026-10-30,,
683,S022040605E9,2,141,OP,,2024-09-30,2026-10-30,2026-10-30,,
684,S022040242E9,2,142,OP,,2024-09-30,2026-10-30,2026-10-30,,
685,S022040491E9,2,143,OP,,2024-09-30,2026-10-30,2026-10-30,,
686,S022040497E9,2,144,OP,,2024-09-30,2026-10-30,2026-10-30,,
687,S022040437E9,2,145,OP,,2024-09-30,2026-10-30,2026-10-30,,
688,S022040184E9,2,146,OP,,2024-09-30,2026-10-30,2026-10-30,,
689,S022040524E9,2,147,OP,,2024-09-30,2026-10-30,2026-10-30,,
690,S022040194E9,2,148,OP,,2024-09-30,2026-10-30,2026-10-30,,
691,S022040249E9,2,150,OP,,2024-09-30,2026-10-30,2026-10-30,,
692,S022040233E9,2,151,OP,,2024-09-30,2026-10-30,2026-10-30,,
693,S022040168E9,2,152,OP,,2024-09-30,2026-10-30,2026-10-30,,
694,S022040007E6,2,153,OP,,2024-06-30,2026-07-30,2026-07-30,,
695,S022040021E7,2,154,OP,,2024-07-31,2026-08-31,2026-08-31,,
696,S022040566E9,2,155,OP,,2024-09-30,2026-10-30,2026-10-30,,
697,S022040205E9,2,156,OP,,2024-09-30,2026-10-30,2026-10-30,,
698,S022040220E9,2,157,OP,,2024-09-30,2026-10-30,2026-10-30,,
699,S022040160E9,2,160,OP,,2024-09-30,2026-10-30,2026-10-30,,
700,S022040009E7,2,162,OP,,2024-07-31,2026-08-31,2026-08-31,,
701,S022040027E7,2,163,OP,,2024-07-31,2026-08-31,2026-08-31,,
702,S022040130E9,2,164,OP,,2024-09-30,2026-10-30,2026-10-30,,
703,S022040316E9,2,165,OP,,2024-09-30,2026-10-30,2026-10-30,,
704,S022040158F9,2,166,OP,,2025-09-30,2027-10-30,2027-10-30,,
705,S022040129E9,2,167,OP,,2024-09-30,2026-10-30,2026-10-30,,
706,S022040160F9,2,168,OP,,2025-09-30,2027-10-30,2027-10-30,,
707,S022040459E9,2,170,OP,,2024-09-30,2026-10-30,2026-10-30,,
708,S022040304E9,2,171,OP,,2024-09-30,2026-10-30,2026-10-30,,
709,S022040014E7,2,172,OP,,2024-07-31,2026-08-31,2026-08-31,,
710,S022040448E9,2,173,OP,,2024-09-30,2026-10-30,2026-10-30,,
711,S022040396D5,2,174,OP,,2023-05-31,2025-06-30,2025-06-30,,
712,S022040123E9,2,175,OP,,2024-09-30,2026-10-30,2026-10-30,,
713,S022040225E9,2,176,OP,,2024-09-30,2026-10-30,2026-10-30,,
714,S022040372E9,2,177,OP,,2024-09-30,2026-10-30,2026-10-30,,
715,S022040321E9,2,178,OP,,2024-09-30,2026-10-30,2026-10-30,,
716,S022040266D4,2,179,DC,,2023-04-30,2025-05-30,2025-05-30,,2026-04-22
717,S022040458E9,2,180,OP,,2024-09-30,2026-10-30,2026-10-30,,
718,S022040101E9,2,181,OP,,2024-09-30,2026-10-30,2026-10-30,,
719,S022040404E9,2,182,OP,,2024-09-30,2026-10-30,2026-10-30,,
720,S022040379E9,2,183,OP,,2024-09-30,2026-10-30,2026-10-30,,
721,S022040245E9,2,184,OP,,2024-09-30,2026-10-30,2026-10-30,,
722,S022040182E9,2,185,OP,,2024-09-30,2026-10-30,2026-10-30,,
723,S022040290E9,2,186,OP,,2024-09-30,2026-10-30,2026-10-30,,
724,S022040118E9,2,188,OP,,2024-09-30,2026-10-30,2026-10-30,,
725,S022040552E9,2,189,OP,,2024-09-30,2026-10-30,2026-10-30,,
726,S022040006E7,2,190,OP,,2024-07-31,2026-08-31,2026-08-31,,
727,S022040102E9,2,191,OP,,2024-09-30,2026-10-30,2026-10-30,,
728,S022040480E9,2,192,OP,,2024-09-30,2026-10-30,2026-10-30,,
729,S022040248E9,2,195,OP,,2024-09-30,2026-10-30,2026-10-30,,
730,S022040462E9,2,196,OP,,2024-09-30,2026-10-30,2026-10-30,,
731,S022040161E9,2,197,OP,,2024-09-30,2026-10-30,2026-10-30,,
732,S022040335E9,2,198,OP,,2024-09-30,2026-10-30,2026-10-30,,
733,S022040174E9,2,199,OP,,2024-09-30,2026-10-30,2026-10-30,,
734,S022040467E9,2,200,OP,,2024-09-30,2026-10-30,2026-10-30,,
735,S022040322E9,2,201,OP,,2024-09-30,2026-10-30,2026-10-30,,
736,S022040064E7,2,202,OP,,2024-07-31,2026-08-31,2026-08-31,,
737,S022040049E7,2,203,OP,,2024-07-31,2026-08-31,2026-08-31,,
738,S022040583E9,2,204,OP,,2024-09-30,2026-10-30,2026-10-30,,
739,S022040306E9,2,205,OP,,2024-09-30,2026-10-30,2026-10-30,,
740,S022040051E7,2,206,OP,,2024-07-31,2026-08-31,2026-08-31,,
741,S022040442E9,2,207,OP,,2024-09-30,2026-10-30,2026-10-30,,
742,S022040251E9,2,208,OP,,2024-09-30,2026-10-30,2026-10-30,,
743,S022040607E9,2,209,OP,,2024-09-30,2026-10-30,2026-10-30,,
744,S022040357E9,2,210,OP,,2024-09-30,2026-10-30,2026-10-30,,
745,S022040151E9,2,211,OP,,2024-09-30,2026-10-30,2026-10-30,,
746,S022040164E9,2,212,OP,,2024-09-30,2026-10-30,2026-10-30,,
747,S022040409E9,2,213,OP,,2024-09-30,2026-10-30,2026-10-30,,
748,S022040180E9,2,214,OP,,2024-09-30,2026-10-30,2026-10-30,,
749,S022040244E9,2,215,OP,,2024-09-30,2026-10-30,2026-10-30,,
750,S022040535E9,2,216,OP,,2024-09-30,2026-10-30,2026-10-30,,
751,S022040411E9,2,217,OP,,2024-09-30,2026-10-30,2026-10-30,,
752,S022040189E9,2,218,OP,,2024-09-30,2026-10-30,2026-10-30,,
753,S022040573E9,2,219,OP,,2024-09-30,2026-10-30,2026-10-30,,
754,S022040106E9,2,220,OP,,2024-09-30,2026-10-30,2026-10-30,,
755,S022040268E9,2,221,OP,,2024-09-30,2026-10-30,2026-10-30,,
756,S022040173E9,2,222,OP,,2024-09-30,2026-10-30,2026-10-30,,
757,S022040146E6,2,224,OP,,2024-06-30,2026-07-30,2026-07-30,,
758,S022040307E9,2,225,OP,,2024-09-30,2026-10-30,2026-10-30,,
759,S022040200E9,2,227,OP,,2024-09-30,2026-10-30,2026-10-30,,
760,S022040109E9,2,228,OP,,2024-09-30,2026-10-30,2026-10-30,,
761,S022040492E9,2,229,OP,,2024-09-30,2026-10-30,2026-10-30,,
762,S022040141E9,2,230,OP,,2024-09-30,2026-10-30,2026-10-30,,
763,S022040166E9,2,231,OP,,2024-09-30,2026-10-30,2026-10-30,,
764,S022040585E9,2,232,OP,,2024-09-30,2026-10-30,2026-10-30,,
765,S022040380E9,2,233,OP,,2024-09-30,2026-10-30,2026-10-30,,
766,S022040057E7,2,234,OP,,2024-07-31,2026-08-31,2026-08-31,,
767,S022040066E7,2,235,OP,,2024-07-31,2026-08-31,2026-08-31,,
768,S022040033E7,2,237,OP,,2024-07-31,2026-08-31,2026-08-31,,
769,S022040525E9,2,238,OP,,2024-09-30,2026-10-30,2026-10-30,,
770,S022040314E9,2,240,OP,,2024-09-30,2026-10-30,2026-10-30,,
771,S022040223E9,2,241,OP,,2024-09-30,2026-10-30,2026-10-30,,
772,S022040046F7,2,242,OP,,2025-07-31,2027-08-31,2027-08-31,,
773,S022040504E9,2,243,OP,,2024-09-30,2026-10-30,2026-10-30,,
774,S022040395E9,2,244,OP,,2024-09-30,2026-10-30,2026-10-30,,
775,S022040148E9,2,245,OP,,2024-09-30,2026-10-30,2026-10-30,,
776,S022040013E7,2,246,OP,,2024-07-31,2026-08-31,2026-08-31,,
777,S022040429E9,2,247,OP,,2024-09-30,2026-10-30,2026-10-30,,
778,S022040528E9,2,248,OP,,2024-09-30,2026-10-30,2026-10-30,,
779,S022040313E9,2,249,OP,,2024-09-30,2026-10-30,2026-10-30,,
780,S022040079f6,2,251,OP,,2025-06-30,2027-07-30,2027-07-30,,
781,S022040111F6,2,252,OP,,2025-06-30,2027-07-30,2027-07-30,,
782,S022040431E9,2,254,OP,,2024-09-30,2026-10-30,2026-10-30,,
783,S022040569E9,2,255,OP,,2024-09-30,2026-10-30,2026-10-30,,
784,S022404601E9,2,256,OP,,2024-09-30,2026-10-30,2026-10-30,,
785,S022040119E9,2,257,OP,,2024-09-30,2026-10-30,2026-10-30,,
786,S022040289E9,2,258,OP,,2024-09-30,2026-10-30,2026-10-30,,
787,S022040456E9,2,259,OP,,2024-09-30,2026-10-30,2026-10-30,,
788,S022040028E7,2,261,OP,,2024-07-31,2026-08-31,2026-08-31,,
789,S022040037E7,2,262,OP,,2024-07-31,2026-08-31,2026-08-31,,
790,S022040214E9,2,264,OP,,2024-09-30,2026-10-30,2026-10-30,,
791,S022040017E7,2,265,OP,,2024-07-31,2026-08-31,2026-08-31,,
792,S022040561E9,2,266,OP,,2024-09-30,2026-10-30,2026-10-30,,
793,S022040299E9,2,268,OP,,2024-09-30,2026-10-30,2026-10-30,,
794,S022040120E9,2,269,OP,,2024-09-30,2026-10-30,2026-10-30,,
795,S022040042E7,2,270,OP,,2024-07-31,2026-08-31,2026-08-31,,
796,S022040144E9,2,271,OP,,2024-09-30,2026-10-30,2026-10-30,,
797,S022040034E7,2,272,OP,,2024-07-31,2026-08-31,2026-08-31,,
798,S022040308E9,2,273,OP,,2024-09-30,2026-10-30,2026-10-30,,
799,S022040589E9,2,274,OP,,2024-09-30,2026-10-30,2026-10-30,,
800,S022040202E9,2,276,OP,,2024-09-30,2026-10-30,2026-10-30,,
801,S022040166F9,2,277,OP,,2025-09-30,2027-10-30,2027-10-30,,
802,S022040260E9,2,278,OP,,2024-09-30,2026-10-30,2026-10-30,,
803,S022040256E9,2,279,OP,,2024-09-30,2026-10-30,2026-10-30,,
804,S022040258E9,2,280,OP,,2024-09-30,2026-10-30,2026-10-30,,
805,S022040198E9,2,281,OP,,2024-09-30,2026-10-30,2026-10-30,,
806,S022040560E9,2,284,OP,,2024-09-30,2026-10-30,2026-10-30,,
807,S022040179E9,2,286,OP,,2024-09-30,2026-10-30,2026-10-30,,
808,S022040047E7,2,287,OP,,2024-07-31,2026-08-31,2026-08-31,,
809,S022040077E7,2,288,OP,,2024-07-31,2026-08-31,2026-08-31,,
810,S022040143E9,2,289,OP,,2024-09-30,2026-10-30,2026-10-30,,
811,S022040428E9,2,290,OP,,2024-09-30,2026-10-30,2026-10-30,,
812,S022040434EB,2,291,OP,,2024-11-30,2026-12-30,2026-12-30,,
813,S022040403E9,2,292,OP,,2024-09-30,2026-10-30,2026-10-30,,
814,S022040264E9,2,293,OP,,2024-09-30,2026-10-30,2026-10-30,,
815,S022040529E9,2,295,OP,,2024-09-30,2026-10-30,2026-10-30,,
816,S022040170E9,2,296,OP,,2024-09-30,2026-10-30,2026-10-30,,
817,S022040564E9,2,297,OP,,2024-09-30,2026-10-30,2026-10-30,,
818,S022040602E9,2,298,OP,,2024-09-30,2026-10-30,2026-10-30,,
819,S022040486E9,2,299,OP,,2024-09-30,2026-10-30,2026-10-30,,
820,S022040044E7,2,300,OP,,2024-07-31,2026-08-31,2026-08-31,,
821,S022040361E9,2,301,OP,,2024-09-30,2026-10-30,2026-10-30,,
822,S022040477E9,2,302,OP,,2024-09-30,2026-10-30,2026-10-30,,
823,S022040163F9,2,303,OP,,2025-09-30,2027-10-30,2027-10-30,,
824,S022040328E9,2,304,OP,,2024-09-30,2026-10-30,2026-10-30,,
825,S022040516E9,2,305,OP,,2024-09-30,2026-10-30,2026-10-30,,
826,S022040485E9,2,306,OP,,2024-09-30,2026-10-30,2026-10-30,,
827,S022040167E9,2,307,OP,,2024-09-30,2026-10-30,2026-10-30,,
828,S022040147F6,2,308,OP,,2025-06-30,2027-07-30,2027-07-30,,
829,S022040510E9,2,309,OP,,2024-09-30,2026-10-30,2026-10-30,,
830,S022040586E9,2,311,OP,,2024-09-30,2026-10-30,2026-10-30,,
831,S022040466E9,2,312,OP,,2024-09-30,2026-10-30,2026-10-30,,
832,S022040128E9,2,313,OP,,2024-09-30,2026-10-30,2026-10-30,,
833,S022040002E7,2,315,OP,,2024-07-31,2026-08-31,2026-08-31,,
834,S022040517E9,2,316,OP,,2024-09-30,2026-10-30,2026-10-30,,
835,S022040151F9,2,317,OP,,2025-09-30,2027-10-30,2027-10-30,,
836,S022040360E9,2,318,OP,,2024-09-30,2026-10-30,2026-10-30,,
837,S022040398E9,2,319,OP,,2024-09-30,2026-10-30,2026-10-30,,
838,S022040295E9,2,320,OP,,2024-09-30,2026-10-30,2026-10-30,,
839,S022040346E9,2,321,OP,,2024-09-30,2026-10-30,2026-10-30,,
840,S022040221E9,2,322,OP,,2024-09-30,2026-10-30,2026-10-30,,
841,S022040452E9,2,323,OP,,2024-09-30,2026-10-30,2026-10-30,,
842,S022040008E7,2,324,OP,,2024-07-31,2026-08-31,2026-08-31,,
843,S022040498E9,2,325,OP,,2024-09-30,2026-10-30,2026-10-30,,
844,S022040345E9,2,326,OP,,2024-09-30,2026-10-30,2026-10-30,,
845,S022040110E9,2,327,OP,,2024-09-30,2026-10-30,2026-10-30,,
846,S022040385E9,2,328,OP,,2024-09-30,2026-10-30,2026-10-30,,
847,S022040003F7,2,329,OP,,2025-07-31,2027-08-31,2027-08-31,,
848,S022040397E9,2,331,OP,,2024-09-30,2026-10-30,2026-10-30,,
849,S022040415E9,2,332,OP,,2024-09-30,2026-10-30,2026-10-30,,
850,S022040021D4,2,333,OP,,2023-04-30,2025-05-30,2025-05-30,,
851,S022040340E9,2,334,OP,,2024-09-30,2026-10-30,2026-10-30,,
852,S022040250E9,2,335,OP,,2024-09-30,2026-10-30,2026-10-30,,
853,S022040041E7,2,336,OP,,2024-07-31,2026-08-31,2026-08-31,,
854,S022040563E9,2,337,OP,,2024-09-30,2026-10-30,2026-10-30,,
855,S022040309E9,2,338,OP,,2024-09-30,2026-10-30,2026-10-30,,
856,S022040308E7,2,339,OP,,2024-07-31,2026-08-31,2026-08-31,,
857,S022040424E9,2,340,OP,,2024-09-30,2026-10-30,2026-10-30,,
858,S022040549E9,2,341,OP,,2024-09-30,2026-10-30,2026-10-30,,
859,S022040259E9,2,342,OP,,2024-09-30,2026-10-30,2026-10-30,,
860,S022040271F6,2,343,OP,,2025-06-30,2027-07-30,2027-07-30,,
861,S022040331E9,2,344,OP,,2024-09-30,2026-10-30,2026-10-30,,
862,S022040224E9,2,345,OP,,2024-09-30,2026-10-30,2026-10-30,,
863,S022040145E9,2,346,OP,,2024-09-30,2026-10-30,2026-10-30,,
864,S022040472E9,2,347,OP,,2024-09-30,2026-10-30,2026-10-30,,
865,S022040464E9,2,348,OP,,2024-09-30,2026-10-30,2026-10-30,,
866,S022040207E9,2,349,OP,,2024-09-30,2026-10-30,2026-10-30,,
867,S022040320E9,2,350,OP,,2024-09-30,2026-10-30,2026-10-30,,
868,S022040162E9,2,351,OP,,2024-09-30,2026-10-30,2026-10-30,,
869,S022040292E9,2,352,OP,,2024-09-30,2026-10-30,2026-10-30,,
870,S022040488E9,2,353,OP,,2024-09-30,2026-10-30,2026-10-30,,
871,S022040009F7,2,354,OP,,2025-07-31,2027-08-31,2027-08-31,,
872,S022040463E9,2,355,OP,,2024-09-30,2026-10-30,2026-10-30,,
873,S022040253E9,2,356,OP,,2024-09-30,2026-10-30,2026-10-30,,
874,S022040027E6,2,357,OP,,2024-06-30,2026-07-30,2026-07-30,,
875,S022040511E9,2,358,OP,,2024-09-30,2026-10-30,2026-10-30,,
876,S022040371E9,2,359,OP,,2024-09-30,2026-10-30,2026-10-30,,
877,S022040443E9,2,360,OP,,2024-09-30,2026-10-30,2026-10-30,,
878,S022040169E9,2,361,OP,,2024-09-30,2026-10-30,2026-10-30,,
879,S022040315E9,2,362,OP,,2024-09-30,2026-10-30,2026-10-30,,
880,S022040133E9,2,363,OP,,2024-09-30,2026-10-30,2026-10-30,,
881,S022040103E9,2,364,OP,,2024-09-30,2026-10-30,2026-10-30,,
882,S022040040E7,2,365,OP,,2024-07-31,2026-08-31,2026-08-31,,
883,S022040229E9,2,366,OP,,2024-09-30,2026-10-30,2026-10-30,,
884,S022040138E9,2,367,OP,,2024-09-30,2026-10-30,2026-10-30,,
885,S022040542E9,2,368,OP,,2024-09-30,2026-10-30,2026-10-30,,
886,S022040401E9,2,369,OP,,2024-09-30,2026-10-30,2026-10-30,,
887,S022040373E9,2,370,OP,,2024-09-30,2026-10-30,2026-10-30,,
888,S022040241E9,2,371,OP,,2024-09-30,2026-10-30,2026-10-30,,
889,S022040211E9,2,372,OP,,2024-09-30,2026-10-30,2026-10-30,,
890,S022040388E9,2,373,OP,,2024-09-30,2026-10-30,2026-10-30,,
891,S022040288E9,2,374,OP,,2024-09-30,2026-10-30,2026-10-30,,
892,S022040359E9,2,375,OP,,2024-09-30,2026-10-30,2026-10-30,,
893,S022040284E9,2,376,OP,,2024-09-30,2026-10-30,2026-10-30,,
894,S022040450E9,2,377,OP,,2024-09-30,2026-10-30,2026-10-30,,
895,S022040417E9,2,378,OP,,2024-09-30,2026-10-30,2026-10-30,,
896,S022040281E9,2,380,OP,,2024-09-30,2026-10-30,2026-10-30,,
897,S022040422E9,2,381,OP,,2024-09-30,2026-10-30,2026-10-30,,
898,S022040025E7,2,382,OP,,2024-07-31,2026-08-31,2026-08-31,,
899,S022040576E9,2,383,OP,,2024-09-30,2026-10-30,2026-10-30,,
900,S022040451E9,2,384,OP,,2024-09-30,2026-10-30,2026-10-30,,
901,S022040233F6,2,385,OP,,2025-06-30,2027-07-30,2027-07-30,,
902,S022040550E9,2,386,OP,,2024-09-30,2026-10-30,2026-10-30,,
903,S022040213E9,2,387,OP,,2024-09-30,2026-10-30,2026-10-30,,
904,S022040354E9,2,388,OP,,2024-09-30,2026-10-30,2026-10-30,,
905,S022040568E9,2,389,OP,,2024-09-30,2026-10-30,2026-10-30,,
906,S022040265E9,2,390,OP,,2024-09-30,2026-10-30,2026-10-30,,
907,S022040294E9,2,391,OP,,2024-09-30,2026-10-30,2026-10-30,,
908,S022040339E9,2,392,OP,,2024-09-30,2026-10-30,2026-10-30,,
909,S022040137E9,2,393,OP,,2024-09-30,2026-10-30,2026-10-30,,
910,S022040117E9,2,394,OP,,2024-09-30,2026-10-30,2026-10-30,,
911,S022040131E9,2,395,OP,,2024-09-30,2026-10-30,2026-10-30,,
912,S022040172E9,2,396,OP,,2024-09-30,2026-10-30,2026-10-30,,
913,S022040291E9,2,397,OP,,2024-09-30,2026-10-30,2026-10-30,,
914,S022040140E9,2,398,OP,,2024-09-30,2026-10-30,2026-10-30,,
915,S022040132E9,2,399,OP,,2024-09-30,2026-10-30,2026-10-30,,
916,S022040208E9,2,400,OP,,2024-09-30,2026-10-30,2026-10-30,,
917,S022040432E9,2,401,OP,,2024-09-30,2026-10-30,2026-10-30,,
918,S022040396E7,2,402,OP,,2024-07-31,2026-08-31,2026-08-31,,
919,S022040405E7,2,403,OP,,2024-07-31,2026-08-31,2026-08-31,,
920,S022040039E6,2,404,OP,,2024-06-30,2026-07-30,2026-07-30,,
921,S022040029E6,2,405,OP,,2024-06-30,2026-07-30,2026-07-30,,
922,S022040594E7,2,406,OP,,2024-07-31,2026-08-31,2026-08-31,,
923,S022040335D5,2,407,OP,,2023-05-31,2025-06-30,2025-06-30,,
924,S022040088D8,2,408,OP,,2023-08-31,2025-09-30,2025-09-30,,
925,S0220405554E9,2,409,OP,,2024-09-30,2026-10-30,2026-10-30,,
926,S022040028E6,2,411,OP,,2024-06-30,2026-07-30,2026-07-30,,
927,S022040199E7,2,412,OP,,2024-07-31,2026-08-31,2026-08-31,,
928,S022040600E7,2,413,OP,,2024-07-31,2026-08-31,2026-08-31,,
929,S022040682E9,2,414,OP,,2024-09-30,2026-10-30,2026-10-30,,
930,S022040095EA,2,415,OP,,2024-10-31,2026-11-30,2026-11-30,,
931,S022040679E9,2,416,OP,,2024-09-30,2026-10-30,2026-10-30,,
932,S022040643E9,2,417,OP,,2024-09-30,2026-10-30,2026-10-30,,
933,S022040091EA,2,418,OP,,2024-10-31,2026-11-30,2026-11-30,,
934,S022040650E9,2,419,OP,,2024-09-30,2026-10-30,2026-10-30,,
935,S022040646E9,2,420,OP,,2024-09-30,2026-10-30,2026-10-30,,
936,S022040656E9,2,421,OP,,2024-09-30,2026-10-30,2026-10-30,,
937,S022040635E9,2,422,OP,,2024-09-30,2026-10-30,2026-10-30,,
938,S022040092EA,2,423,OP,,2024-10-31,2026-11-30,2026-11-30,,
939,S022040645E9,2,424,OP,,2024-09-30,2026-10-30,2026-10-30,,
940,S022040089EA,2,425,OP,,2024-10-31,2026-11-30,2026-11-30,,
941,S022040081EA,2,426,OP,,2024-10-31,2026-11-30,2026-11-30,,
942,S022040616E9,2,427,OP,,2024-09-30,2026-10-30,2026-10-30,,
943,S022040640E9,2,428,OP,,2024-09-30,2026-10-30,2026-10-30,,
944,S022040662E9,2,429,OP,,2024-09-30,2026-10-30,2026-10-30,,
945,S022040441E9,2,430,OP,,2024-09-30,2026-10-30,2026-10-30,,
946,S022040349E9,2,431,OP,,2024-09-30,2026-10-30,2026-10-30,,
947,S022040059E6,2,432,OP,,2024-06-30,2026-07-30,2026-07-30,,
948,S022040038E6,2,433,OP,,2024-06-30,2026-07-30,2026-07-30,,
949,S022040393E9,2,434,OP,,2024-09-30,2026-10-30,2026-10-30,,
950,S022040042EA,2,435,DC,,2024-10-31,2026-11-30,2026-11-30,,2026-05-19
951,S022040045EA,2,436,DC,,2024-10-31,2026-11-30,2026-11-30,,2026-05-19
952,S022040063EA,2,437,OP,,2024-10-31,2026-11-30,2026-11-30,,
953,S022040065EA,2,438,OP,,2024-10-31,2026-11-30,2026-11-30,,
954,S022040246E9,2,439,OP,,2024-09-30,2026-10-30,2026-10-30,,
955,S022040228E9,2,440,OP,,2024-09-30,2026-10-30,2026-10-30,,
956,S022040231E9,2,441,OP,,2024-09-30,2026-10-30,2026-10-30,,
957,S022040262E9,2,442,OP,,2024-09-30,2026-10-30,2026-10-30,,
958,S022040013F4,2,443,OP,,2025-04-30,2027-05-30,2027-05-30,,
959,S022040079F4,2,444,OP,,2025-04-30,2027-05-30,2027-05-30,,
960,S022040010F4,2,445,OP,,2025-04-30,2027-05-30,2027-05-30,,
961,S022040036F4,2,446,OP,,2025-04-30,2027-05-30,2027-05-30,,
962,S022040021F4,2,447,OP,,2025-04-30,2027-05-30,2027-05-30,,
963,S022040037F4,2,448,OP,,2025-04-30,2027-05-30,2027-05-30,,
964,S022040050F4,2,449,OP,,2025-04-30,2027-05-30,2027-05-30,,
965,S022040068F4,2,450,OP,,2025-04-30,2027-05-30,2027-05-30,,
966,S022040018F4,2,451,OP,,2025-04-30,2027-05-30,2027-05-30,,
967,S022040118F4,2,452,OP,,2025-04-30,2027-05-30,2027-05-30,,
968,S022040100F4,2,453,OP,,2025-04-30,2027-05-30,2027-05-30,,
969,S022040077F4,2,454,OP,,2025-04-30,2027-05-30,2027-05-30,,
970,S022040080F4,2,455,OP,,2025-04-30,2027-05-30,2027-05-30,,
971,S022040017F4,2,456,OP,,2025-04-30,2027-05-30,2027-05-30,,
972,S022040094F4,2,457,OP,,2025-04-30,2027-05-30,2027-05-30,,
973,S022040061F4,2,458,OP,,2025-04-30,2027-05-30,2027-05-30,,
974,S022040052F4,2,459,OP,,2025-04-30,2027-05-30,2027-05-30,,
975,S022040062F4,2,460,OP,,2025-04-30,2027-05-30,2027-05-30,,
976,S022040002F4,2,461,OP,,2025-04-30,2027-05-30,2027-05-30,,
977,S022040088F4,2,462,OP,,2025-04-30,2027-05-30,2027-05-30,,
978,S022040047F4,2,463,OP,,2025-04-30,2027-05-30,2027-05-30,,
979,S022040012F4,2,464,OP,,2025-04-30,2027-05-30,2027-05-30,,
980,S022040048F4,2,465,OP,,2025-04-30,2027-05-30,2027-05-30,,
981,S022040128F4,2,466,OP,,2025-04-30,2027-05-30,2027-05-30,,
982,S022040003F6,2,467,DC,,2025-06-30,2027-07-30,2027-07-30,,2026-04-22
983,S022040191E9,2,468,OP,,2024-09-30,2026-10-30,2026-10-30,,
984,S022040259F6,2,469,OP,,2025-06-30,2027-07-30,2027-07-30,,
985,S022040061F6,2,470,OP,,2025-06-30,2027-07-30,2027-07-30,,
986,S022040216F6,2,471,OP,,2025-06-30,2027-07-30,2027-07-30,,
987,S022040087F6,2,472,OP,,2025-06-30,2027-07-30,2027-07-30,,
988,S022040251F6,2,473,OP,,2025-06-30,2027-07-30,2027-07-30,,
989,S022040296F6,2,474,OP,,2025-06-30,2027-07-30,2027-07-30,,
990,S022040209F6,2,475,OP,,2025-06-30,2027-07-30,2027-07-30,,
991,S022040240F6,2,476,OP,,2025-06-30,2027-07-30,2027-07-30,,
992,S022040085T6,2,477,OP,,1900-06-30,1902-07-30,1902-07-30,,
993,S022040160E7,2,478,OP,,2024-07-31,2026-08-31,2026-08-31,,
994,S022040012AB,2,479,OP,,2020-11-30,2022-12-30,2022-12-30,,
995,S022040129BC,2,480,OP,,2021-12-31,2024-01-31,2024-01-31,,
996,S022040496E9,2,481,OP,,2024-09-30,2026-10-30,2026-10-30,,
997,S022040225F6,2,482,OP,,2025-06-30,2027-07-30,2027-07-30,,
998,S022040826BC,2,483,OP,,2021-12-31,2024-01-31,2024-01-31,,
999,S022040740A3,2,485,OP,,2020-03-31,2022-04-30,2022-04-30,,
1000,S022040781BC,2,487,OP,,2021-12-31,2024-01-31,2024-01-31,,
1001,S022040094AC,2,488,OP,,2020-12-31,2023-01-31,2023-01-31,,
1002,S022040349CB,2,489,OP,,2022-11-30,2024-12-30,2024-12-30,,
1003,S022040155AB,2,490,OP,,2020-11-30,2022-12-30,2022-12-30,,
1004,S022040628A3,2,491,OP,,2020-03-31,2022-04-30,2022-04-30,,
1005,S022040512A3,2,492,OP,,2020-03-31,2022-04-30,2022-04-30,,
1006,S022040593A3,2,493,OP,,2020-03-31,2022-04-30,2022-04-30,,
1007,S022040620AB,2,494,OP,,2020-11-30,2022-12-30,2022-12-30,,
1008,S022040135AC,2,495,OP,,2020-12-31,2023-01-31,2023-01-31,,
1009,S022040821BC,2,496,OP,,2021-12-31,2024-01-31,2024-01-31,,
1010,S022040032D2,2,497,OP,,2023-02-28,2025-03-28,2025-03-28,,
1011,S022040761BC,2,498,OP,,2021-12-31,2024-01-31,2024-01-31,,
1012,S022040112AC,2,499,OP,,2020-12-31,2023-01-31,2023-01-31,,
1013,S022040802BC,2,500,OP,,2021-12-31,2024-01-31,2024-01-31,,
1014,S022040767BC,2,501,OP,,2021-12-31,2024-01-31,2024-01-31,,
1015,S022040701BC,2,502,OP,,2021-12-31,2024-01-31,2024-01-31,,
1016,S022040733AB,2,503,OP,,2020-11-30,2022-12-30,2022-12-30,,
1017,S022040069AC,2,504,OP,,2020-12-31,2023-01-31,2023-01-31,,
1018,S022040350CB,2,505,OP,,2022-11-30,2024-12-30,2024-12-30,,
1019,S022040775BC,2,506,OP,,2021-12-31,2024-01-31,2024-01-31,,
1020,S022040438BC,2,507,OP,,2021-12-31,2024-01-31,2024-01-31,,
1021,S022040033AC,2,508,OP,,2020-12-31,2023-01-31,2023-01-31,,
1022,S022040071AC,2,509,OP,,2020-12-31,2023-01-31,2023-01-31,,
1023,S022040647W7,2,510,OP,,1900-07-31,1902-08-31,1902-08-31,,
1024,S022040057AC,2,511,OP,,2020-12-31,2023-01-31,2023-01-31,,
1025,S022040830A4,2,513,OP,,2020-04-30,2022-05-30,2022-05-30,,
1026,S022040066AC,2,514,OP,,2020-12-31,2023-01-31,2023-01-31,,
1027,S022040139AB,2,515,OP,,2020-11-30,2022-12-30,2022-12-30,,
1028,S022040719A3,2,516,OP,,2020-03-31,2022-04-30,2022-04-30,,
1029,S022040763A3,2,517,OP,,2020-03-31,2022-04-30,2022-04-30,,
1030,S022040784BC,2,518,OP,,2021-12-31,2024-01-31,2024-01-31,,
1031,S022040461A4,2,519,OP,,2020-04-30,2022-05-30,2022-05-30,,
1032,S022040193AC,2,520,OP,,2020-12-31,2023-01-31,2023-01-31,,
1033,S022040827BC,2,521,OP,,2021-12-31,2024-01-31,2024-01-31,,
1034,S022040102AC,2,522,OP,,2020-12-31,2023-01-31,2023-01-31,,
1035,S022040047AC,2,523,OP,,2020-12-31,2023-01-31,2023-01-31,,
1036,S022041902U6,2,524,OP,,1900-06-30,1902-07-30,1902-07-30,,
1037,S022040038D2,2,525,OP,,2023-02-28,2025-03-28,2025-03-28,,
1038,S022040453E9,2,526,OP,,2024-09-30,2026-10-30,2026-10-30,,
1039,S022040222E9,2,528,OP,,2024-09-30,2026-10-30,2026-10-30,,
1040,S022040149E9,2,529,OP,,2024-09-30,2026-10-30,2026-10-30,,
1041,S022040183E9,2,530,OP,,2024-09-30,2026-10-30,2026-10-30,,
1042,S022040122E9,2,531,OP,,2024-09-30,2026-10-30,2026-10-30,,
1043,S022040604E9,2,532,OP,,2024-09-30,2026-10-30,2026-10-30,,
1044,S022040300E9,2,533,OP,,2024-09-30,2026-10-30,2026-10-30,,
1045,S022040326E9,2,534,OP,,2024-09-30,2026-10-30,2026-10-30,,
1046,S022040113E9,2,535,OP,,2024-09-30,2026-10-30,2026-10-30,,
1047,S022040187E9,2,536,OP,,2024-09-30,2026-10-30,2026-10-30,,
1048,S022040410E9,2,538,OP,,2024-09-30,2026-10-30,2026-10-30,,
1049,S022040275E9,2,539,OP,,2024-09-30,2026-10-30,2026-10-30,,
1050,S022040279E9,2,541,OP,,2024-09-30,2026-10-30,2026-10-30,,
1051,S022040188E9,2,542,OP,,2024-09-30,2026-10-30,2026-10-30,,
1052,S022040176E9,2,543,OP,,2024-09-30,2026-10-30,2026-10-30,,
1053,S022040278E9,2,544,OP,,2024-09-30,2026-10-30,2026-10-30,,
1054,S022040210E9,2,545,OP,,2024-09-30,2026-10-30,2026-10-30,,
1055,S022040178E9,2,546,OP,,2024-09-30,2026-10-30,2026-10-30,,
1056,S022040163E9,2,547,OP,,2024-09-30,2026-10-30,2026-10-30,,
1057,S022040247E9,2,548,OP,,2024-09-30,2026-10-30,2026-10-30,,
1058,S033040494E9,2,549,OP,,2024-09-30,2026-10-30,2026-10-30,,
1059,S022040633E9,2,550,OP,,2024-09-30,2026-10-30,2026-10-30,,
1060,S022040629E9,2,551,OP,,2024-09-30,2026-10-30,2026-10-30,,
1061,S022040074EA,2,552,OP,,2024-10-31,2026-11-30,2026-11-30,,
1062,S022040016EA,2,553,OP,,2024-10-31,2026-11-30,2026-11-30,,
1063,S022040027EA,2,554,OP,,2024-10-31,2026-11-30,2026-11-30,,
1064,S022040078EA,2,555,OP,,2024-10-31,2026-11-30,2026-11-30,,
1065,S022040022EA,2,556,OP,,2024-10-31,2026-11-30,2026-11-30,,
1066,S022040062EA,2,557,OP,,2024-10-31,2026-11-30,2026-11-30,,
1067,S022040068EA,2,558,OP,,2024-10-31,2026-11-30,2026-11-30,,
1068,S022040035EA,2,559,OP,,2024-10-31,2026-11-30,2026-11-30,,
1069,S022040046EB,2,560,OP,,2024-11-30,2026-12-30,2026-12-30,,
1070,S022040017EA,2,561,OP,,2024-10-31,2026-11-30,2026-11-30,,
1071,S022040167F9,2,562,OP,,2025-09-30,2027-10-30,2027-10-30,,
1072,S022040522E9,2,563,OP,,2024-09-30,2026-10-30,2026-10-30,,
1073,S022040067EA,2,564,OP,,2024-10-31,2026-11-30,2026-11-30,,
1074,S022040046EA,2,565,DC,,2024-10-31,2026-11-30,2026-11-30,,2026-05-04
1075,S022040121F6,2,566,OP,,2025-06-30,2027-07-30,2027-07-30,,
1076,S022040089FA,2,567,OP,,2025-10-31,2027-11-30,2027-11-30,,
1077,S022040026EA,2,568,OP,,2024-10-31,2026-11-30,2026-11-30,,
1078,S022040021FA,2,569,OP,,2025-10-31,2027-11-30,2027-11-30,,
1079,S022040667E9,2,570,OP,,2024-09-30,2026-10-30,2026-10-30,,
1080,S022040037EA,2,572,OP,,2024-10-31,2026-11-30,2026-11-30,,
1081,S022040647E9,2,573,OP,,2024-09-30,2026-10-30,2026-10-30,,
1082,S022040093EA,2,574,OP,,2024-10-31,2026-11-30,2026-11-30,,
1083,S022040023EA,2,575,OP,,2024-10-31,2026-11-30,2026-11-30,,
1084,S022040054EA,2,576,DC,,2024-10-31,2026-11-30,2026-11-30,,2026-05-19
1085,S022040669E9,2,577,OP,,2024-09-30,2026-10-30,2026-10-30,,
1086,S022040052EA,2,578,OP,,2024-10-31,2026-11-30,2026-11-30,,
1087,S022040080EA,2,579,OP,,2024-10-31,2026-11-30,2026-11-30,,
1088,S022040665E9,2,580,OP,,2024-09-30,2026-10-30,2026-10-30,,
1089,S022040164F9,2,581,OP,,2025-09-30,2027-10-30,2027-10-30,,
1090,S022040006F7,2,582,OP,,2025-07-31,2027-08-31,2027-08-31,,
1091,S022040156F9,2,583,OP,,2025-09-30,2027-10-30,2027-10-30,,
1092,S022040155F9,2,584,OP,,2025-09-30,2027-10-30,2027-10-30,,
1093,S022040627E9,2,585,OP,,2024-09-30,2026-10-30,2026-10-30,,
1094,S022040066FA,2,586,OP,,2025-10-31,2027-11-30,2027-11-30,,
1095,S032560173D4,3,1,OP,,2023-04-30,2025-05-30,2025-05-30,,
1096,S032560495D4,3,2,OP,,2023-04-30,2025-05-30,2025-05-30,,
1097,S032560493D4,3,3,OP,,2023-04-30,2025-05-30,2025-05-30,,
1098,S032560162D4,3,4,OP,,2023-04-30,2025-05-30,2025-05-30,,
1099,S032560642D4,3,6,OP,,2023-04-30,2025-05-30,2025-05-30,,
1100,S032560634D4,3,7,OP,,2023-04-30,2025-05-30,2025-05-30,,
1101,S032560661D4,3,8,DC,,2023-04-30,2025-05-30,2025-05-30,,2026-05-18
1102,S032560018D4,3,9,OP,,2023-04-30,2025-05-30,2025-05-30,,
1103,S032560386D4,3,10,OP,,2023-04-30,2025-05-30,2025-05-30,,
1104,S032560187D4,3,11,OP,,2023-04-30,2025-05-30,2025-05-30,,
1105,S032560486D4,3,12,OP,,2023-04-30,2025-05-30,2025-05-30,,
1106,S032560613D4,3,13,OP,,2023-04-30,2025-05-30,2025-05-30,,
1107,S032560468C3,3,14,OP,,2022-03-31,2024-04-30,2024-04-30,,
1108,S032560454D4,3,15,OP,,2023-04-30,2025-05-30,2025-05-30,,
1109,S032560449D4,3,16,OP,,2023-04-30,2025-05-30,2025-05-30,,
1110,S032560574D4,3,17,OP,,2023-04-30,2025-05-30,2025-05-30,,
1111,S032560527D4,3,18,DC,,2023-04-30,2025-05-30,2025-05-30,,2026-05-19
1112,S032560435D4,3,19,OP,,2023-04-30,2025-05-30,2025-05-30,,
1113,S032560099D4,3,20,OP,,2023-04-30,2025-05-30,2025-05-30,,
1114,S032560200D4,3,21,OP,,2023-04-30,2025-05-30,2025-05-30,,
1115,S032560326D4,3,22,OP,,2023-04-30,2025-05-30,2025-05-30,,
1116,S032560557D4,3,23,OP,,2023-04-30,2025-05-30,2025-05-30,,
1117,S032560378D4,3,24,OP,,2023-04-30,2025-05-30,2025-05-30,,
1118,S032560503D4,3,25,OP,,2023-04-30,2025-05-30,2025-05-30,,
1119,S032560061D4,3,26,OP,,2023-04-30,2025-05-30,2025-05-30,,
1120,S032560643D4,3,27,OP,,2023-04-30,2025-05-30,2025-05-30,,
1121,S032560075D5,3,28,OP,,2023-05-31,2025-06-30,2025-06-30,,
1122,S032560584D4,3,29,OP,,2023-04-30,2025-05-30,2025-05-30,,
1123,S032560261D4,3,30,OP,,2023-04-30,2025-05-30,2025-05-30,,
1124,S032560185D4,3,32,OP,,2023-04-30,2025-05-30,2025-05-30,,
1125,S032560481D4,3,33,OP,,2023-04-30,2025-05-30,2025-05-30,,
1126,S032560328D4,3,34,OP,,2023-04-30,2025-05-30,2025-05-30,,
1127,S032560329D4,3,35,OP,,2023-04-30,2025-05-30,2025-05-30,,
1128,S032560516D4,3,36,OP,,2023-04-30,2025-05-30,2025-05-30,,
1129,S032560271D4,3,37,OP,,2023-04-30,2025-05-30,2025-05-30,,
1130,S032560241D4,3,38,OP,,2023-04-30,2025-05-30,2025-05-30,,
1131,S032560144D4,3,39,OP,,2023-04-30,2025-05-30,2025-05-30,,
1132,S032560036D4,3,40,OP,,2023-04-30,2025-05-30,2025-05-30,,
1133,S032560170D4,3,41,OP,,2023-04-30,2025-05-30,2025-05-30,,
1134,S032560583D4,3,42,OP,,2023-04-30,2025-05-30,2025-05-30,,
1135,S032560432D4,3,43,OP,,2023-04-30,2025-05-30,2025-05-30,,
1136,S032560390D4,3,44,OP,,2023-04-30,2025-05-30,2025-05-30,,
1137,S032560566D4,3,45,OP,,2023-04-30,2025-05-30,2025-05-30,,
1138,S032560546D4,3,46,OP,,2023-04-30,2025-05-30,2025-05-30,,
1139,S032560357D4,3,47,OP,,2023-04-30,2025-05-30,2025-05-30,,
1140,S032560483D4,3,48,OP,,2023-04-30,2025-05-30,2025-05-30,,
1141,S032560003D4,3,49,OP,,2023-04-30,2025-05-30,2025-05-30,,
1142,S032560573D4,3,50,OP,,2023-04-30,2025-05-30,2025-05-30,,
1143,S032560011D4,3,51,DC,,2023-04-30,2025-05-30,2025-05-30,,2026-05-19
1144,S032560007E3,3,52,OP,,2024-03-31,2026-04-30,2026-04-30,,
1145,S032560501D4,3,53,OP,,2023-04-30,2025-05-30,2025-05-30,,
1146,S032560259D4,3,54,OP,,2023-04-30,2025-05-30,2025-05-30,,
1147,S032560505D4,3,55,OP,,2023-04-30,2025-05-30,2025-05-30,,
1148,S032560245D4,3,56,OP,,2023-04-30,2025-05-30,2025-05-30,,
1149,S032560547D4,3,57,OP,,2023-04-30,2025-05-30,2025-05-30,,
1150,S032560123D4,3,58,OP,,2023-04-30,2025-05-30,2025-05-30,,
1151,S032560494D4,3,59,OP,,2023-04-30,2025-05-30,2025-05-30,,
1152,S032560492D4,3,60,OP,,2023-04-30,2025-05-30,2025-05-30,,
1153,S032560255D4,3,62,OP,,2023-04-30,2025-05-30,2025-05-30,,
1154,S032560387D4,3,63,OP,,2023-04-30,2025-05-30,2025-05-30,,
1155,S032560182D4,3,65,OP,,2023-04-30,2025-05-30,2025-05-30,,
1156,S032560177D4,3,66,OP,,2023-04-30,2025-05-30,2025-05-30,,
1157,S032560308D4,3,68,OP,,2023-04-30,2025-05-30,2025-05-30,,
1158,S032560266D4,3,69,OP,,2023-04-30,2025-05-30,2025-05-30,,
1159,S032560446D4,3,70,OP,,2023-04-30,2025-05-30,2025-05-30,,
1160,S032560023D4,3,71,OP,,2023-04-30,2025-05-30,2025-05-30,,
1161,S032560230D4,3,72,OP,,2023-04-30,2025-05-30,2025-05-30,,
1162,S032560286D4,3,73,OP,,2023-04-30,2025-05-30,2025-05-30,,
1163,S032560614D4,3,74,OP,,2023-04-30,2025-05-30,2025-05-30,,
1164,S032560348D4,3,75,OP,,2023-04-30,2025-05-30,2025-05-30,,
1165,S032560203D4,3,76,OP,,2023-04-30,2025-05-30,2025-05-30,,
1166,S032560651D4,3,77,OP,,2023-04-30,2025-05-30,2025-05-30,,
1167,S032560445D4,3,78,OP,,2023-04-30,2025-05-30,2025-05-30,,
1168,S032560604D4,3,79,OP,,2023-04-30,2025-05-30,2025-05-30,,
1169,S032560020D4,3,80,OP,,2023-04-30,2025-05-30,2025-05-30,,
1170,S032560019D4,3,81,OP,,2023-04-30,2025-05-30,2025-05-30,,
1171,S032560563D4,3,82,OP,,2023-04-30,2025-05-30,2025-05-30,,
1172,S032560106D4,3,83,OP,,2023-04-30,2025-05-30,2025-05-30,,
1173,S032560223D4,3,84,OP,,2023-04-30,2025-05-30,2025-05-30,,
1174,S032560029F8,3,85,OP,,2025-08-31,2027-09-30,2027-09-30,,
1175,S032560016D4,3,86,OP,,2023-04-30,2025-05-30,2025-05-30,,
1176,S032560167D4,3,87,OP,,2023-04-30,2025-05-30,2025-05-30,,
1177,S032560525D4,3,88,OP,,2023-04-30,2025-05-30,2025-05-30,,
1178,S032560249D4,3,89,OP,,2023-04-30,2025-05-30,2025-05-30,,
1179,S032560663D4,3,90,OP,,2023-04-30,2025-05-30,2025-05-30,,
1180,S032560332D4,3,91,OP,,2023-04-30,2025-05-30,2025-05-30,,
1181,S032560027F8,3,92,OP,,2025-08-31,2027-09-30,2027-09-30,,
1182,S032560111AB,3,93,OP,,2020-11-30,2022-12-30,2022-12-30,,
1183,S032560270D4,3,94,DC,,2023-04-30,2025-05-30,2025-05-30,,2026-05-19
1184,S032560458D4,3,95,OP,,2023-04-30,2025-05-30,2025-05-30,,
1185,S032560109D4,3,96,OP,,2023-04-30,2025-05-30,2025-05-30,,
1186,S032560531D4,3,97,OP,,2023-04-30,2025-05-30,2025-05-30,,
1187,S032560312D4,3,98,OP,,2023-04-30,2025-05-30,2025-05-30,,
1188,S032560296D4,3,99,OP,,2023-04-30,2025-05-30,2025-05-30,,
1189,S032560662D4,3,100,OP,,2023-04-30,2025-05-30,2025-05-30,,
1190,S032560603D4,3,101,OP,,2023-04-30,2025-05-30,2025-05-30,,
1191,S032560015F8,3,102,OP,,2025-08-31,2027-09-30,2027-09-30,,
1192,S032560375D4,3,103,OP,,2023-04-30,2025-05-30,2025-05-30,,
1193,S032560159D4,3,104,OP,,2023-04-30,2025-05-30,2025-05-30,,
1194,S032560514D4,3,105,OP,,2023-04-30,2025-05-30,2025-05-30,,
1195,S032560660D4,3,106,OP,,2023-04-30,2025-05-30,2025-05-30,,
1196,S032560093D4,3,107,OP,,2023-04-30,2025-05-30,2025-05-30,,
1197,S032560265D4,3,108,OP,,2023-04-30,2025-05-30,2025-05-30,,
1198,S032560075D4,3,109,OP,,2023-04-30,2025-05-30,2025-05-30,,
1199,S032560405D4,3,110,OP,,2023-04-30,2025-05-30,2025-05-30,,
1200,S032560425D4,3,111,OP,,2023-04-30,2025-05-30,2025-05-30,,
1201,S032560638D4,3,112,DC,,2023-04-30,2025-05-30,2025-05-30,,2026-05-19
1202,S032560212D4,3,113,DC,,2023-04-30,2025-05-30,2025-05-30,,2026-05-19
1203,S032560487D4,3,114,OP,,2023-04-30,2025-05-30,2025-05-30,,
1204,S032560581D4,3,115,OP,,2023-04-30,2025-05-30,2025-05-30,,
1205,S032560538D4,3,116,OP,,2023-04-30,2025-05-30,2025-05-30,,
1206,S032560535D4,3,117,OP,,2023-04-30,2025-05-30,2025-05-30,,
1207,S032560355D4,3,118,OP,,2023-04-30,2025-05-30,2025-05-30,,
1208,S032560217D4,3,119,OP,,2023-04-30,2025-05-30,2025-05-30,,
1209,S032560303D4,3,121,OP,,2023-04-30,2025-05-30,2025-05-30,,
1210,S032560057D4,3,122,OP,,2023-04-30,2025-05-30,2025-05-30,,
1211,S032560664D4,3,123,OP,,2023-04-30,2025-05-30,2025-05-30,,
1212,S032560115D4,3,124,OP,,2023-04-30,2025-05-30,2025-05-30,,
1213,S032560369D4,3,125,OP,,2023-04-30,2025-05-30,2025-05-30,,
1214,S032560409D4,3,126,OP,,2023-04-30,2025-05-30,2025-05-30,,
1215,S032560418D4,3,127,OP,,2023-04-30,2025-05-30,2025-05-30,,
1216,S032560147D4,3,128,OP,,2023-04-30,2025-05-30,2025-05-30,,
1217,S032560444D4,3,129,OP,,2023-04-30,2025-05-30,2025-05-30,,
1218,S032560003F8,3,130,OP,,2025-08-31,2027-09-30,2027-09-30,,
1219,S032560239D4,3,131,OP,,2023-04-30,2025-05-30,2025-05-30,,
1220,S032560006F8,3,132,OP,,2025-08-31,2027-09-30,2027-09-30,,
1221,S032560451D4,3,133,OP,,2023-04-30,2025-05-30,2025-05-30,,
1222,S032560550D4,3,134,OP,,2023-04-30,2025-05-30,2025-05-30,,
1223,S032560372D4,3,135,OP,,2023-04-30,2025-05-30,2025-05-30,,
1224,S032560015F7,3,136,OP,,2025-07-31,2027-08-31,2027-08-31,,
1225,S032560512D4,3,137,OP,,2023-04-30,2025-05-30,2025-05-30,,
1226,S032560181D4,3,139,OP,,2023-04-30,2025-05-30,2025-05-30,,
1227,S032560028D5,3,140,OP,,2023-05-31,2025-06-30,2025-06-30,,
1228,S032560263D4,3,141,DC,,2023-04-30,2025-05-30,2025-05-30,,2026-05-19
1229,S032560416D4,3,142,OP,,2023-04-30,2025-05-30,2025-05-30,,
1230,S032560141D4,3,143,OP,,2023-04-30,2025-05-30,2025-05-30,,
1231,S032560431D4,3,144,OP,,2023-04-30,2025-05-30,2025-05-30,,
1232,S032560552D4,3,145,OP,,2023-04-30,2025-05-30,2025-05-30,,
1233,S032560243D4,3,146,OP,,2023-04-30,2025-05-30,2025-05-30,,
1234,S032560617D4,3,147,OP,,2023-04-30,2025-05-30,2025-05-30,,
1235,S032560032D5,3,148,OP,,2023-05-31,2025-06-30,2025-06-30,,
1236,S032560126D4,3,150,OP,,2023-04-30,2025-05-30,2025-05-30,,
1237,S032560467D4,3,151,OP,,2023-04-30,2025-05-30,2025-05-30,,
1238,S032560186D5,3,152,OP,,2023-05-31,2025-06-30,2025-06-30,,
1239,S032560608D4,3,153,OP,,2023-04-30,2025-05-30,2025-05-30,,
1240,S032560489D4,3,154,OP,,2023-04-30,2025-05-30,2025-05-30,,
1241,S032560569D4,3,155,OP,,2023-04-30,2025-05-30,2025-05-30,,
1242,S032560346D4,3,156,DC,,2023-04-30,2025-05-30,2025-05-30,,2026-05-19
1243,S032560288D4,3,157,OP,,2023-04-30,2025-05-30,2025-05-30,,
1244,S032560256D4,3,160,OP,,2023-04-30,2025-05-30,2025-05-30,,
1245,S032560515D4,3,162,OP,,2023-04-30,2025-05-30,2025-05-30,,
1246,S032560195D4,3,163,OP,,2023-04-30,2025-05-30,2025-05-30,,
1247,S032560518D4,3,164,OP,,2023-04-30,2025-05-30,2025-05-30,,
1248,S032560488D4,3,165,OP,,2023-04-30,2025-05-30,2025-05-30,,
1249,S032560009F7,3,166,OP,,2025-07-31,2027-08-31,2027-08-31,,
1250,S032560382D4,3,167,OP,,2023-04-30,2025-05-30,2025-05-30,,
1251,S032560049F9,3,168,OP,,2025-09-30,2027-10-30,2027-10-30,,
1252,S032560652D4,3,170,OP,,2023-04-30,2025-05-30,2025-05-30,,
1253,S032560555D4,3,171,OP,,2023-04-30,2025-05-30,2025-05-30,,
1254,S032560028D4,3,172,OP,,2023-04-30,2025-05-30,2025-05-30,,
1255,S032560180D4,3,173,OP,,2023-04-30,2025-05-30,2025-05-30,,
1256,S032560333D4,3,174,OP,,2023-04-30,2025-05-30,2025-05-30,,
1257,S032560471D4,3,175,OP,,2023-04-30,2025-05-30,2025-05-30,,
1258,S032560118D4,3,176,OP,,2023-04-30,2025-05-30,2025-05-30,,
1259,S032560002D5,3,177,OP,,2023-05-31,2025-06-30,2025-06-30,,
1260,S032560260D4,3,178,OP,,2023-04-30,2025-05-30,2025-05-30,,
1261,S032560521D4,3,179,OP,,2023-04-30,2025-05-30,2025-05-30,,
1262,S032560237D4,3,180,OP,,2023-04-30,2025-05-30,2025-05-30,,
1263,S032560394D4,3,181,OP,,2023-04-30,2025-05-30,2025-05-30,,
1264,S032560066F7,3,182,OP,,2025-07-31,2027-08-31,2027-08-31,,
1265,S032560318D4,3,183,OP,,2023-04-30,2025-05-30,2025-05-30,,
1266,S032560479D4,3,184,OP,,2023-04-30,2025-05-30,2025-05-30,,
1267,S032560397D4,3,185,OP,,2023-04-30,2025-05-30,2025-05-30,,
1268,S032560653D4,3,186,OP,,2023-04-30,2025-05-30,2025-05-30,,
1269,S032560211D4,3,187,OP,,2023-04-30,2025-05-30,2025-05-30,,
1270,S032560606D4,3,188,OP,,2023-04-30,2025-05-30,2025-05-30,,
1271,S032560659D4,3,189,OP,,2023-04-30,2025-05-30,2025-05-30,,
1272,S032560362D4,3,190,OP,,2023-04-30,2025-05-30,2025-05-30,,
1273,S032560396D4,3,191,OP,,2023-04-30,2025-05-30,2025-05-30,,
1274,S032560047D4,3,192,OP,,2023-04-30,2025-05-30,2025-05-30,,
1275,S032560413D4,3,195,OP,,2023-04-30,2025-05-30,2025-05-30,,
1276,S032560225D4,3,196,OP,,2023-04-30,2025-05-30,2025-05-30,,
1277,S032560199D4,3,197,OP,,2023-04-30,2025-05-30,2025-05-30,,
1278,S032560072D4,3,198,OP,,2023-04-30,2025-05-30,2025-05-30,,
1279,S032560576D4,3,199,OP,,2023-04-30,2025-05-30,2025-05-30,,
1280,S032560272D4,3,200,OP,,2023-04-30,2025-05-30,2025-05-30,,
1281,S032560558D4,3,201,OP,,2023-04-30,2025-05-30,2025-05-30,,
1282,S032560385D4,3,202,OP,,2023-04-30,2025-05-30,2025-05-30,,
1283,S032560013D4,3,203,OP,,2023-04-30,2025-05-30,2025-05-30,,
1284,S032560646D4,3,204,OP,,2023-04-30,2025-05-30,2025-05-30,,
1285,S032560392D4,3,205,OP,,2023-04-30,2025-05-30,2025-05-30,,
1286,S032560624D4,3,206,OP,,2023-04-30,2025-05-30,2025-05-30,,
1287,S032560229D4,3,207,OP,,2023-04-30,2025-05-30,2025-05-30,,
1288,S032560143D4,3,208,OP,,2023-04-30,2025-05-30,2025-05-30,,
1289,S032560491D4,3,209,OP,,2023-04-30,2025-05-30,2025-05-30,,
1290,S032560234D4,3,210,OP,,2023-04-30,2025-05-30,2025-05-30,,
1291,S032560077AB,3,211,OP,,2020-11-30,2022-12-30,2022-12-30,,
1292,S032560334D4,3,212,OP,,2023-04-30,2025-05-30,2025-05-30,,
1293,S032560058D5,3,213,OP,,2023-05-31,2025-06-30,2025-06-30,,
1294,S032560571D4,3,214,OP,,2023-04-30,2025-05-30,2025-05-30,,
1295,S032560019F8,3,215,OP,,2025-08-31,2027-09-30,2027-09-30,,
1296,S032560052D4,3,216,OP,,2023-04-30,2025-05-30,2025-05-30,,
1297,S032560082D4,3,217,OP,,2023-04-30,2025-05-30,2025-05-30,,
1298,S03256035D4,3,218,OP,,2023-04-30,2025-05-30,2025-05-30,,
1299,S032560133D4,3,219,OP,,2023-04-30,2025-05-30,2025-05-30,,
1300,S032560196D4,3,220,OP,,2023-04-30,2025-05-30,2025-05-30,,
1301,S032560021F7,3,221,OP,,2025-07-31,2027-08-31,2027-08-31,,
1302,S032560041D4,3,222,OP,,2023-04-30,2025-05-30,2025-05-30,,
1303,S032560005F7,3,224,OP,,2025-07-31,2027-08-31,2027-08-31,,
1304,S032560443D4,3,225,OP,,2023-04-30,2025-05-30,2025-05-30,,
1305,S032560537D4,3,227,OP,,2023-04-30,2025-05-30,2025-05-30,,
1306,S032560327D4,3,228,OP,,2023-04-30,2025-05-30,2025-05-30,,
1307,S032560040D4,3,229,OP,,2023-04-30,2025-05-30,2025-05-30,,
1308,S032560048D5,3,230,OP,,2023-05-31,2025-06-30,2025-06-30,,
1309,S032560666D4,3,231,OP,,2023-04-30,2025-05-30,2025-05-30,,
1310,S032560657D4,3,232,OP,,2023-04-30,2025-05-30,2025-05-30,,
1311,S032560482D4,3,233,OP,,2023-04-30,2025-05-30,2025-05-30,,
1312,S032560017D4,3,234,OP,,2023-04-30,2025-05-30,2025-05-30,,
1313,S032560314D4,3,235,OP,,2023-04-30,2025-05-30,2025-05-30,,
1314,S032560007D5,3,237,OP,,2023-05-31,2025-06-30,2025-06-30,,
1315,S032560116D4,3,238,OP,,2023-04-30,2025-05-30,2025-05-30,,
1316,S032560582D4,3,239,OP,,2023-04-30,2025-05-30,2025-05-30,,
1317,S032560389D4,3,240,OP,,2023-04-30,2025-05-30,2025-05-30,,
1318,S032560096D5,3,241,OP,,2023-05-31,2025-06-30,2025-06-30,,
1319,S032560258D4,3,242,OP,,2023-04-30,2025-05-30,2025-05-30,,
1320,S032560208D4,3,243,OP,,2023-04-30,2025-05-30,2025-05-30,,
1321,S032560188D4,3,244,OP,,2023-04-30,2025-05-30,2025-05-30,,
1322,S032560030D4,3,245,OP,,2023-04-30,2025-05-30,2025-05-30,,
1323,S032560373D4,3,246,OP,,2023-04-30,2025-05-30,2025-05-30,,
1324,S032560086D4,3,247,OP,,2023-04-30,2025-05-30,2025-05-30,,
1325,S032560528D4,3,248,OP,,2023-04-30,2025-05-30,2025-05-30,,
1326,S032560089D4,3,249,OP,,2023-04-30,2025-05-30,2025-05-30,,
1327,S032560035D4,3,251,OP,,2023-04-30,2025-05-30,2025-05-30,,
1328,S032560018F9,3,252,OP,,2025-09-30,2027-10-30,2027-10-30,,
1329,S032560008D4,3,254,OP,,2023-04-30,2025-05-30,2025-05-30,,
1330,S032560337D4,3,255,OP,,2023-04-30,2025-05-30,2025-05-30,,
1331,S032560114D4,3,256,OP,,2023-04-30,2025-05-30,2025-05-30,,
1332,S032560001D4,3,257,OP,,2023-04-30,2025-05-30,2025-05-30,,
1333,S032560450D4,3,258,OP,,2023-04-30,2025-05-30,2025-05-30,,
1334,S032560001F8,3,259,OP,,2025-08-31,2027-09-30,2027-09-30,,
1335,S032560120D4,3,261,OP,,2023-04-30,2025-05-30,2025-05-30,,
1336,S032560248D4,3,262,OP,,2023-04-30,2025-05-30,2025-05-30,,
1337,S032560466D4,3,264,OP,,2023-04-30,2025-05-30,2025-05-30,,
1338,S032560238D4,3,265,OP,,2023-04-30,2025-05-30,2025-05-30,,
1339,S032560164D4,3,268,OP,,2023-04-30,2025-05-30,2025-05-30,,
1340,S032560226D4,3,269,OP,,2023-04-30,2025-05-30,2025-05-30,,
1341,S032560669D4,3,270,OP,,2023-04-30,2025-05-30,2025-05-30,,
1342,S032560280D4,3,271,OP,,2023-04-30,2025-05-30,2025-05-30,,
1343,S032560647D4,3,272,OP,,2023-04-30,2025-05-30,2025-05-30,,
1344,S032560207D4,3,273,OP,,2023-04-30,2025-05-30,2025-05-30,,
1345,S032560033D4,3,274,OP,,2023-04-30,2025-05-30,2025-05-30,,
1346,S032560626D4,3,276,OP,,2023-04-30,2025-05-30,2025-05-30,,
1347,S032560028F8,3,277,OP,,2025-08-31,2027-09-30,2027-09-30,,
1348,S032560618D4,3,278,OP,,2023-04-30,2025-05-30,2025-05-30,,
1349,S032560027D4,3,279,OP,,2023-04-30,2025-05-30,2025-05-30,,
1350,S032560440D4,3,280,OP,,2023-04-30,2025-05-30,2025-05-30,,
1351,S032560287D4,3,281,OP,,2023-04-30,2025-05-30,2025-05-30,,
1352,S032560310D4,3,284,OP,,2023-04-30,2025-05-30,2025-05-30,,
1353,S032560658D4,3,286,OP,,2023-04-30,2025-05-30,2025-05-30,,
1354,S032560398D4,3,287,OP,,2023-04-30,2025-05-30,2025-05-30,,
1355,S032560213C3,3,288,OP,,2022-03-31,2024-04-30,2024-04-30,,
1356,S032560484D4,3,289,OP,,2023-04-30,2025-05-30,2025-05-30,,
1357,S032560301D4,3,290,OP,,2023-04-30,2025-05-30,2025-05-30,,
1358,S032560589D4,3,291,OP,,2023-04-30,2025-05-30,2025-05-30,,
1359,S032560524D4,3,292,OP,,2023-04-30,2025-05-30,2025-05-30,,
1360,S032560087D5,3,293,OP,,2023-05-31,2025-06-30,2025-06-30,,
1361,S032560577D4,3,294,OP,,2023-04-30,2025-05-30,2025-05-30,,
1362,S032560509D4,3,295,OP,,2023-04-30,2025-05-30,2025-05-30,,
1363,S032560587D4,3,296,OP,,2023-04-30,2025-05-30,2025-05-30,,
1364,S032560427D4,3,297,OP,,2023-04-30,2025-05-30,2025-05-30,,
1365,S032560146D4,3,298,OP,,2023-04-30,2025-05-30,2025-05-30,,
1366,S032560464D4,3,299,OP,,2023-04-30,2025-05-30,2025-05-30,,
1367,S032560295D4,3,300,OP,,2023-04-30,2025-05-30,2025-05-30,,
1368,S032560627D4,3,301,OP,,2023-04-30,2025-05-30,2025-05-30,,
1369,S032560406D4,3,302,OP,,2023-04-30,2025-05-30,2025-05-30,,
1370,S032560022F8,3,303,OP,,2025-08-31,2027-09-30,2027-09-30,,
1371,S032560619D4,3,304,OP,,2023-04-30,2025-05-30,2025-05-30,,
1372,S032560299D4,3,305,OP,,2023-04-30,2025-05-30,2025-05-30,,
1373,S032560496D4,3,306,OP,,2023-04-30,2025-05-30,2025-05-30,,
1374,S032560504D4,3,307,OP,,2023-04-30,2025-05-30,2025-05-30,,
1375,S032560622D4,3,308,OP,,2023-04-30,2025-05-30,2025-05-30,,
1376,S032560003D5,3,309,DC,,2023-05-31,2025-06-30,2025-06-30,,2026-05-19
1377,S032560081D5,3,311,OP,,2023-05-31,2025-06-30,2025-06-30,,
1378,S032560038D4,3,313,OP,,2023-04-30,2025-05-30,2025-05-30,,
1379,S032560367D4,3,315,OP,,2023-04-30,2025-05-30,2025-05-30,,
1380,S032560155D4,3,316,OP,,2023-04-30,2025-05-30,2025-05-30,,
1381,S032560510D4,3,317,OP,,2023-04-30,2025-05-30,2025-05-30,,
1382,S032560119D4,3,318,OP,,2023-04-30,2025-05-30,2025-05-30,,
1383,S032560086D5,3,319,OP,,2023-05-31,2025-06-30,2025-06-30,,
1384,S032560088D4,3,320,OP,,2023-04-30,2025-05-30,2025-05-30,,
1385,S032560656D4,3,321,OP,,2023-04-30,2025-05-30,2025-05-30,,
1386,S032560165D4,3,322,OP,,2023-04-30,2025-05-30,2025-05-30,,
1387,S032560189D4,3,323,OP,,2023-04-30,2025-05-30,2025-05-30,,
1388,S032560421D4,3,324,OP,,2023-04-30,2025-05-30,2025-05-30,,
1389,S032560508D4,3,325,OP,,2023-04-30,2025-05-30,2025-05-30,,
1390,S032560281D4,3,326,OP,,2023-04-30,2025-05-30,2025-05-30,,
1391,S032560485D4,3,327,OP,,2023-04-30,2025-05-30,2025-05-30,,
1392,S032560374D4,3,328,OP,,2023-04-30,2025-05-30,2025-05-30,,
1393,S032560004F8,3,329,OP,,2025-08-31,2027-09-30,2027-09-30,,
1394,S032560094D4,3,331,OP,,2023-04-30,2025-05-30,2025-05-30,,
1395,S032560665D4,3,332,OP,,2023-04-30,2025-05-30,2025-05-30,,
1396,S032560455D4,3,333,OP,,2023-04-30,2025-05-30,2025-05-30,,
1397,S032560024D4,3,334,OP,,2023-04-30,2025-05-30,2025-05-30,,
1398,S032560279D4,3,335,OP,,2023-04-30,2025-05-30,2025-05-30,,
1399,S032560276D4,3,336,OP,,2023-04-30,2025-05-30,2025-05-30,,
1400,S032560567D4,3,337,OP,,2023-04-30,2025-05-30,2025-05-30,,
1401,S032560029D4,3,338,OP,,2023-04-30,2025-05-30,2025-05-30,,
1402,S032560620E7,3,339,OP,,2024-07-31,2026-08-31,2026-08-31,,
1403,S032560667D4,3,340,OP,,2023-04-30,2025-05-30,2025-05-30,,
1404,S032560520D4,3,342,OP,,2023-04-30,2025-05-30,2025-05-30,,
1405,S032560079D4,3,343,OP,,2023-04-30,2025-05-30,2025-05-30,,
1406,S032560668D4,3,344,OP,,2023-04-30,2025-05-30,2025-05-30,,
1407,S032560592D4,3,345,OP,,2023-04-30,2025-05-30,2025-05-30,,
1408,S032560549D4,3,346,OP,,2023-04-30,2025-05-30,2025-05-30,,
1409,S032560593D4,3,347,OP,,2023-04-30,2025-05-30,2025-05-30,,
1410,S032560588D4,3,348,OP,,2023-04-30,2025-05-30,2025-05-30,,
1411,S032560056E9,3,350,OP,,2024-09-30,2026-10-30,2026-10-30,,
1412,S032560616D4,3,351,OP,,2023-04-30,2025-05-30,2025-05-30,,
1413,S032560112D4,3,352,OP,,2023-04-30,2025-05-30,2025-05-30,,
1414,S032560447D4,3,353,OP,,2023-04-30,2025-05-30,2025-05-30,,
1415,S032560283D4,3,354,OP,,2023-04-30,2025-05-30,2025-05-30,,
1416,S032560262D4,3,355,OP,,2023-04-30,2025-05-30,2025-05-30,,
1417,S032560183D4,3,356,OP,,2023-04-30,2025-05-30,2025-05-30,,
1418,S032560251D4,3,357,OP,,2023-04-30,2025-05-30,2025-05-30,,
1419,S032560285D4,3,358,OP,,2023-04-30,2025-05-30,2025-05-30,,
1420,S032560434D4,3,359,OP,,2023-04-30,2025-05-30,2025-05-30,,
1421,S032560460D4,3,360,OP,,2023-04-30,2025-05-30,2025-05-30,,
1422,S032560168D4,3,361,OP,,2023-04-30,2025-05-30,2025-05-30,,
1423,S032560522D4,3,362,OP,,2023-04-30,2025-05-30,2025-05-30,,
1424,S032560544D4,3,363,OP,,2023-04-30,2025-05-30,2025-05-30,,
1425,S032560043D5,3,364,OP,,2023-05-31,2025-06-30,2025-06-30,,
1426,S032560556D4,3,365,OP,,2023-04-30,2025-05-30,2025-05-30,,
1427,S032560570D4,3,366,OP,,2023-04-30,2025-05-30,2025-05-30,,
1428,S032560393D5,3,367,OP,,2023-05-31,2025-06-30,2025-06-30,,
1429,S032560010D4,3,368,OP,,2023-04-30,2025-05-30,2025-05-30,,
1430,S032560649D4,3,369,OP,,2023-04-30,2025-05-30,2025-05-30,,
1431,S032560038D5,3,370,OP,,2023-05-31,2025-06-30,2025-06-30,,
1432,S032560277D4,3,371,OP,,2023-04-30,2025-05-30,2025-05-30,,
1433,S032560309D4,3,372,OP,,2023-04-30,2025-05-30,2025-05-30,,
1434,S032560176D4,3,373,OP,,2023-04-30,2025-05-30,2025-05-30,,
1435,S032560499D4,3,374,OP,,2023-04-30,2025-05-30,2025-05-30,,
1436,S032560612D4,3,375,OP,,2023-04-30,2025-05-30,2025-05-30,,
1437,S032560542D4,3,376,OP,,2023-04-30,2025-05-30,2025-05-30,,
1438,S032560053D5,3,377,OP,,2023-05-31,2025-06-30,2025-06-30,,
1439,S032560142D4,3,378,OP,,2023-04-30,2025-05-30,2025-05-30,,
1440,S032560615D4,3,380,OP,,2023-04-30,2025-05-30,2025-05-30,,
1441,S032560568D4,3,381,OP,,2023-04-30,2025-05-30,2025-05-30,,
1442,SO32560670D4,3,382,OP,,2023-04-30,2025-05-30,2025-05-30,,
1443,S032560009D5,3,383,OP,,2023-05-31,2025-06-30,2025-06-30,,
1444,S032560625D4,3,384,OP,,2023-04-30,2025-05-30,2025-05-30,,
1445,S032560136D4,3,385,OP,,2023-04-30,2025-05-30,2025-05-30,,
1446,S032560317D4,3,386,OP,,2023-04-30,2025-05-30,2025-05-30,,
1447,S032560342D4,3,387,OP,,2023-04-30,2025-05-30,2025-05-30,,
1448,S032560590D4,3,388,OP,,2023-04-30,2025-05-30,2025-05-30,,
1449,S032560098D4,3,389,OP,,2023-04-30,2025-05-30,2025-05-30,,
1450,S032560014D5,3,390,DC,,2023-05-31,2025-06-30,2025-06-30,,2026-05-19
1451,S032560461D4,3,391,OP,,2023-04-30,2025-05-30,2025-05-30,,
1452,S032560066D5,3,392,OP,,2023-05-31,2025-06-30,2025-06-30,,
1453,S032560349D4,3,393,OP,,2023-04-30,2025-05-30,2025-05-30,,
1454,S032560085D5,3,394,OP,,2023-05-31,2025-06-30,2025-06-30,,
1455,S032560623D4,3,395,OP,,2023-04-30,2025-05-30,2025-05-30,,
1456,S032560148D4,3,396,OP,,2023-04-30,2025-05-30,2025-05-30,,
1457,S032560585D4,3,397,OP,,2023-04-30,2025-05-30,2025-05-30,,
1458,S032560330D4,3,398,OP,,2023-04-30,2025-05-30,2025-05-30,,
1459,S032560594D4,3,399,DC,,2023-04-30,2025-05-30,2025-05-30,,2026-05-19
1460,S032560597D4,3,400,OP,,2023-04-30,2025-05-30,2025-05-30,,
1461,S032560565D4,3,401,OP,,2023-04-30,2025-05-30,2025-05-30,,
1462,S032560645E7,3,402,OP,,2024-07-31,2026-08-31,2026-08-31,,
1463,S032560543E7,3,403,OP,,2024-07-31,2026-08-31,2026-08-31,,
1464,S032560452D4,3,404,OP,,2023-04-30,2025-05-30,2025-05-30,,
1465,S032560273D4,3,405,DC,,2023-04-30,2025-05-30,2025-05-30,,2026-05-19
1466,S032560642E7,3,406,OP,,2024-07-31,2026-08-31,2026-08-31,,
1467,S032560302D4,3,407,OP,,2023-04-30,2025-05-30,2025-05-30,,
1468,S032560083D4,3,408,OP,,2023-04-30,2025-05-30,2025-05-30,,
1469,S032560436D4,3,409,OP,,2023-04-30,2025-05-30,2025-05-30,,
1470,S032560202A4,3,410,OP,,2020-04-30,2022-05-30,2022-05-30,,
1471,S032560621E7,3,411,OP,,2024-07-31,2026-08-31,2026-08-31,,
1472,S032560607E7,3,412,OP,,2024-07-31,2026-08-31,2026-08-31,,
1473,S032560663E7,3,413,OP,,2024-07-31,2026-08-31,2026-08-31,,
1474,S032560107EA,3,414,DC,,2024-10-31,2026-11-30,2026-11-30,,2026-05-04
1475,S032560097EA,3,415,OP,,2024-10-31,2026-11-30,2026-11-30,,
1476,S032560087EA,3,416,OP,,2024-10-31,2026-11-30,2026-11-30,,
1477,S032560162EA,3,417,OP,,2024-10-31,2026-11-30,2026-11-30,,
1478,S032560122EA,3,418,OP,,2024-10-31,2026-11-30,2026-11-30,,
1479,S032560165EA,3,419,OP,,2024-10-31,2026-11-30,2026-11-30,,
1480,S032560156EA,3,420,OP,,2024-10-31,2026-11-30,2026-11-30,,
1481,S032560105EA,3,421,OP,,2024-10-31,2026-11-30,2026-11-30,,
1482,S032560025F8,3,422,OP,,2025-08-31,2027-09-30,2027-09-30,,
1483,S032560984EA,3,423,OP,,2024-10-31,2026-11-30,2026-11-30,,
1484,S032560136EA,3,424,OP,,2024-10-31,2026-11-30,2026-11-30,,
1485,S032560123E4,3,425,OP,,2024-04-30,2026-05-30,2026-05-30,,
1486,S032560125EA,3,426,OP,,2024-10-31,2026-11-30,2026-11-30,,
1487,S032560171EA,3,427,OP,,2024-10-31,2026-11-30,2026-11-30,,
1488,S032560118EA,3,428,OP,,2024-10-31,2026-11-30,2026-11-30,,
1489,S032560134EA,3,429,OP,,2024-10-31,2026-11-30,2026-11-30,,
1490,S032560071D5,3,430,OP,,2023-05-31,2025-06-30,2025-06-30,,
1491,S032560054D5,3,431,OP,,2023-05-31,2025-06-30,2025-06-30,,
1492,S032560016F8,3,432,OP,,2025-08-31,2027-09-30,2027-09-30,,
1493,S032560014F8,3,434,OP,,2025-08-31,2027-09-30,2027-09-30,,
1494,S032560005EB,3,435,OP,,2024-11-30,2026-12-30,2026-12-30,,
1495,S032560139EA,3,436,OP,,2024-10-31,2026-11-30,2026-11-30,,
1496,S032560089EA,3,437,OP,,2024-10-31,2026-11-30,2026-11-30,,
1497,S032560023EB,3,438,OP,,2024-11-30,2026-12-30,2026-12-30,,
1498,S032560152D4,3,439,OP,,2023-04-30,2025-05-30,2025-05-30,,
1499,S032560264D4,3,440,OP,,2023-04-30,2025-05-30,2025-05-30,,
1500,S032560051D4,3,441,OP,,2023-04-30,2025-05-30,2025-05-30,,
1501,S032560120AC,3,442,OP,,2020-12-31,2023-01-31,2023-01-31,,
1502,S032560070F4,3,443,OP,,2025-04-30,2027-05-30,2027-05-30,,
1503,S032560090F4,3,444,OP,,2025-04-30,2027-05-30,2027-05-30,,
1504,S032560023F4,3,445,OP,,2025-04-30,2027-05-30,2027-05-30,,
1505,S032560099F4,3,446,OP,,2025-04-30,2027-05-30,2027-05-30,,
1506,S032560124F4,3,447,OP,,2025-04-30,2027-05-30,2027-05-30,,
1507,S032560020F4,3,448,OP,,2025-04-30,2027-05-30,2027-05-30,,
1508,S032560010F4,3,449,OP,,2025-04-30,2027-05-30,2027-05-30,,
1509,S032560053F4,3,450,OP,,2025-04-30,2027-05-30,2027-05-30,,
1510,S032560054F4,3,451,OP,,2025-04-30,2027-05-30,2027-05-30,,
1511,S032560088F4,3,452,OP,,2025-04-30,2027-05-30,2027-05-30,,
1512,S032560079F4,3,453,OP,,2025-04-30,2027-05-30,2027-05-30,,
1513,S032560045F4,3,454,OP,,2025-04-30,2027-05-30,2027-05-30,,
1514,S032560063F4,3,455,OP,,2025-04-30,2027-05-30,2027-05-30,,
1515,S032560072F4,3,456,OP,,2025-04-30,2027-05-30,2027-05-30,,
1516,S032560047F4,3,457,OP,,2025-04-30,2027-05-30,2027-05-30,,
1517,S032560019F4,3,458,OP,,2025-04-30,2027-05-30,2027-05-30,,
1518,S032560084F4,3,459,OP,,2025-04-30,2027-05-30,2027-05-30,,
1519,S032560018F4,3,460,OP,,2025-04-30,2027-05-30,2027-05-30,,
1520,S032560048F4,3,461,OP,,2025-04-30,2027-05-30,2027-05-30,,
1521,S032560056F4,3,462,OP,,2025-04-30,2027-05-30,2027-05-30,,
1522,S032560006F4,3,463,OP,,2025-04-30,2027-05-30,2027-05-30,,
1523,S032560017F4,3,464,OP,,2025-04-30,2027-05-30,2027-05-30,,
1524,S032560055F4,3,465,OP,,2025-04-30,2027-05-30,2027-05-30,,
1525,S032560098F4,3,466,OP,,2025-04-30,2027-05-30,2027-05-30,,
1526,S032560097F4,3,467,OP,,2025-04-30,2027-05-30,2027-05-30,,
1527,S032560640D4,3,468,OP,,2023-04-30,2025-05-30,2025-05-30,,
1528,S032560059F3,3,469,OP,,2025-03-31,2027-04-30,2027-04-30,,
1529,S032560045F3,3,470,OP,,2025-03-31,2027-04-30,2027-04-30,,
1530,S032560067F3,3,471,OP,,2025-03-31,2027-04-30,2027-04-30,,
1531,S032560058F3,3,472,OP,,2025-03-31,2027-04-30,2027-04-30,,
1532,S032560003F3,3,473,OP,,2025-03-31,2027-04-30,2027-04-30,,
1533,S032560054F3,3,474,OP,,2025-03-31,2027-04-30,2027-04-30,,
1534,S032560052F3,3,475,OP,,2025-03-31,2027-04-30,2027-04-30,,
1535,S032560041F3,3,476,OP,,2025-03-31,2027-04-30,2027-04-30,,
1536,S032560332T6,3,477,OP,,1900-06-30,1902-07-30,1902-07-30,,
1537,S032560535E7,3,478,OP,,2024-07-31,2026-08-31,2026-08-31,,
1538,S032560210AB,3,479,OP,,2020-11-30,2022-12-30,2022-12-30,,
1539,S032560009C1,3,480,OP,,2022-01-31,2024-02-29,2024-02-29,,
1540,S032560276BB,3,481,OP,,2021-11-30,2023-12-30,2023-12-30,,
1541,S032560012F3,3,482,OP,,2025-03-31,2027-04-30,2027-04-30,,
1542,S032560032C1,3,483,OP,,2022-01-31,2024-02-29,2024-02-29,,
1543,S032560058A4,3,485,OP,,2020-04-30,2022-05-30,2022-05-30,,
1544,S032560045C1,3,487,OP,,2022-01-31,2024-02-29,2024-02-29,,
1545,S032560183AC,3,488,OP,,2020-12-31,2023-01-31,2023-01-31,,
1546,S032560652W7,3,489,OP,,1900-07-31,1902-08-31,1902-08-31,,
1547,S032560688W7,3,490,OP,,1900-07-31,1902-08-31,1902-08-31,,
1548,S032560016A3,3,491,OP,,2020-03-31,2022-04-30,2022-04-30,,
1549,S032560119A3,3,492,OP,,2020-03-31,2022-04-30,2022-04-30,,
1550,S032560109A3,3,493,OP,,2020-03-31,2022-04-30,2022-04-30,,
1551,S032560675W7,3,494,OP,,1900-07-31,1902-08-31,1902-08-31,,
1552,S032560664AC,3,495,OP,,2020-12-31,2023-01-31,2023-01-31,,
1553,S032560007C1,3,496,OP,,2022-01-31,2024-02-29,2024-02-29,,
1554,S032560689W7,3,497,OP,,1900-07-31,1902-08-31,1902-08-31,,
1555,S032560019C1,3,498,OP,,2022-01-31,2024-02-29,2024-02-29,,
1556,S032560099AC,3,499,OP,,2020-12-31,2023-01-31,2023-01-31,,
1557,S032560028C1,3,500,OP,,2022-01-31,2024-02-29,2024-02-29,,
1558,S032560010C1,3,501,OP,,2022-01-31,2024-02-29,2024-02-29,,
1559,S032560340BC,3,502,OP,,2021-12-31,2024-01-31,2024-01-31,,
1560,S032560647W7,3,503,OP,,1900-07-31,1902-08-31,1902-08-31,,
1561,S032560011AC,3,504,OP,,2020-12-31,2023-01-31,2023-01-31,,
1562,S032560025C1,3,505,OP,,2022-01-31,2024-02-29,2024-02-29,,
1563,S032560011C1,3,506,OP,,2022-01-31,2024-02-29,2024-02-29,,
1564,S032560012C1,3,507,OP,,2022-01-31,2024-02-29,2024-02-29,,
1565,S032560177AC,3,508,OP,,2020-12-31,2023-01-31,2023-01-31,,
1566,S032560024AC,3,509,OP,,2020-12-31,2023-01-31,2023-01-31,,
1567,S032560979W7,3,510,OP,,1900-07-31,1902-08-31,1902-08-31,,
1568,S032560093AC,3,511,OP,,2020-12-31,2023-01-31,2023-01-31,,
1569,S032560021A5,3,513,OP,,2020-05-31,2022-06-30,2022-06-30,,
1570,S032560628W7,3,514,OP,,1900-07-31,1902-08-31,1902-08-31,,
1571,S032560705W7,3,515,OP,,1900-07-31,1902-08-31,1902-08-31,,
1572,S032560118A4,3,516,OP,,2020-04-30,2022-05-30,2022-05-30,,
1573,S032560084A3,3,517,OP,,2020-03-31,2022-04-30,2022-04-30,,
1574,S032560341BC,3,518,OP,,2021-12-31,2024-01-31,2024-01-31,,
1575,S032560037A4,3,519,OP,,2020-04-30,2022-05-30,2022-05-30,,
1576,S032560098AC,3,520,OP,,2020-12-31,2023-01-31,2023-01-31,,
1577,S032560013C1,3,521,OP,,2022-01-31,2024-02-29,2024-02-29,,
1578,S032560127AC,3,522,OP,,2020-12-31,2023-01-31,2023-01-31,,
1579,S032560105AC,3,523,OP,,2020-12-31,2023-01-31,2023-01-31,,
1580,S032561415U6,3,524,OP,,1900-06-30,1902-07-30,1902-07-30,,
1581,S032560021AC,3,525,OP,,2020-12-31,2023-01-31,2023-01-31,,
1582,S032560085D4,3,526,OP,,2023-04-30,2025-05-30,2025-05-30,,
1583,S032560313D4,3,527,OP,,2023-04-30,2025-05-30,2025-05-30,,
1584,S032560340D4,3,528,OP,,2023-04-30,2025-05-30,2025-05-30,,
1585,S032560366D4,3,529,OP,,2023-04-30,2025-05-30,2025-05-30,,
1586,S032560523D4,3,530,OP,,2023-04-30,2025-05-30,2025-05-30,,
1587,S032560039D4,3,531,OP,,2023-04-30,2025-05-30,2025-05-30,,
1588,S032560278D4,3,532,OP,,2023-04-30,2025-05-30,2025-05-30,,
1589,S032560595D4,3,533,OP,,2023-04-30,2025-05-30,2025-05-30,,
1590,S032560209D4,3,534,OP,,2023-04-30,2025-05-30,2025-05-30,,
1591,S032560637D4,3,536,OP,,2023-04-30,2025-05-30,2025-05-30,,
1592,S032560031D5,3,537,OP,,2023-05-31,2025-06-30,2025-06-30,,
1593,S032560050D5,3,538,OP,,2023-05-31,2025-06-30,2025-06-30,,
1594,S032560108D4,3,539,OP,,2023-04-30,2025-05-30,2025-05-30,,
1595,S032560539D4,3,540,OP,,2023-04-30,2025-05-30,2025-05-30,,
1596,S032560415D4,3,541,OP,,2023-04-30,2025-05-30,2025-05-30,,
1597,S032560404D4,3,542,OP,,2023-04-30,2025-05-30,2025-05-30,,
1598,S032560242D4,3,543,OP,,2023-04-30,2025-05-30,2025-05-30,,
1599,S032560399D4,3,544,OP,,2023-04-30,2025-05-30,2025-05-30,,
1600,S032560430D4,3,545,OP,,2023-04-30,2025-05-30,2025-05-30,,
1601,S032560353D4,3,546,OP,,2023-04-30,2025-05-30,2025-05-30,,
1602,S032560105D4,3,547,OP,,2023-04-30,2025-05-30,2025-05-30,,
1603,S032560058D4,3,548,OP,,2023-04-30,2025-05-30,2025-05-30,,
1604,S032560050D4,3,549,OP,,2023-04-30,2025-05-30,2025-05-30,,
1605,S032560137EA,3,550,OP,,2024-10-31,2026-11-30,2026-11-30,,
1606,S032560166EA,3,551,OP,,2024-10-31,2026-11-30,2026-11-30,,
1607,S032560026EB,3,552,OP,,2024-11-30,2026-12-30,2026-12-30,,
1608,S032560088EA,3,553,OP,,2024-10-31,2026-11-30,2026-11-30,,
1609,S032560040EB,3,554,OP,,2024-11-30,2026-12-30,2026-12-30,,
1610,S032560029EB,3,555,OP,,2024-11-30,2026-12-30,2026-12-30,,
1611,S032560006EB,3,556,OP,,2024-11-30,2026-12-30,2026-12-30,,
1612,S032560109EA,3,557,OP,,2024-10-31,2026-11-30,2026-11-30,,
1613,S032560110EA,3,558,OP,,2024-10-31,2026-11-30,2026-11-30,,
1614,S032560151EA,3,559,OP,,2024-10-31,2026-11-30,2026-11-30,,
1615,S032560021EB,3,560,OP,,2024-11-30,2026-12-30,2026-12-30,,
1616,S032560158EA,3,561,OP,,2024-10-31,2026-11-30,2026-11-30,,
1617,S032560040D5,3,562,OP,,2023-05-31,2025-06-30,2025-06-30,,
1618,S032560002D4,3,563,OP,,2023-04-30,2025-05-30,2025-05-30,,
1619,S032560078EA,3,564,OP,,2024-10-31,2026-11-30,2026-11-30,,
1620,S032560027EB,3,565,OP,,2024-11-30,2026-12-30,2026-12-30,,
1621,S032560116EA,3,566,OP,,2024-10-31,2026-11-30,2026-11-30,,
1622,S032560113EA,3,567,OP,,2024-10-31,2026-11-30,2026-11-30,,
1623,S032560011EB,3,568,OP,,2024-11-30,2026-12-30,2026-12-30,,
1624,S032560007EB,3,569,OP,,2024-11-30,2026-12-30,2026-12-30,,
1625,S032560131EA,3,570,OP,,2024-10-31,2026-11-30,2026-11-30,,
1626,S032560050EB,3,572,OP,,2024-11-30,2026-12-30,2026-12-30,,
1627,S032560094EA,3,573,OP,,2024-10-31,2026-11-30,2026-11-30,,
1628,S032560030EB,3,574,OP,,2024-11-30,2026-12-30,2026-12-30,,
1629,S032560017EB,3,575,OP,,2024-11-30,2026-12-30,2026-12-30,,
1630,S032560015EB,3,576,OP,,2024-11-30,2026-12-30,2026-12-30,,
1631,S032560132EA,3,577,OP,,2024-10-31,2026-11-30,2026-11-30,,
1632,S032560034EB,3,578,OP,,2024-11-30,2026-12-30,2026-12-30,,
1633,S032560002EB,3,579,OP,,2024-11-30,2026-12-30,2026-12-30,,
1634,S032560154EA,3,580,OP,,2024-10-31,2026-11-30,2026-11-30,,
1635,S032560024F8,3,581,OP,,2025-08-31,2027-09-30,2027-09-30,,
1636,S032560031F7,3,582,OP,,2025-07-31,2027-08-31,2027-08-31,,
1637,S032560052F7,3,583,DC,,2025-07-31,2027-08-31,2027-08-31,,2026-05-11
1638,S032560074D5,3,584,OP,,2023-05-31,2025-06-30,2025-06-30,,
1639,S032560141EA,3,585,OP,,2024-10-31,2026-11-30,2026-11-30,,
1640,S032560049EB,3,586,OP,,2024-11-30,2026-12-30,2026-12-30,,
1641,S032460043F6,4,1,OP,,2025-06-30,2026-07-30,2027-01-30,,
1642,S032460123F9,4,2,OP,,2025-09-30,2026-10-30,2027-04-30,,
1643,S032460083EB,4,3,OP,,2024-11-30,2025-12-30,2026-06-30,,
1644,S032460001F4,4,4,OP,,2025-04-30,2026-05-30,2026-11-30,,
1645,S032460047F4,4,6,OP,,2025-04-30,2026-05-30,2026-11-30,,
1646,S032460029F4,4,7,OP,,2025-04-30,2026-05-30,2026-11-30,,
1647,S032460005F7,4,8,DC,,2025-07-31,2026-08-31,2027-02-28,,2026-05-11
1648,S032460004F4,4,9,OP,,2025-04-30,2026-05-30,2026-11-30,,
1649,S032460010F4,4,10,OP,,2025-04-30,2026-05-30,2026-11-30,,
1650,S032460092EB,4,11,OP,,2024-11-30,2025-12-30,2026-06-30,,
1651,S032460005E9,4,12,OP,,2024-09-30,2025-10-30,2026-04-30,,
1652,S032460016D4,4,13,OP,,2023-04-30,2024-05-30,2024-11-30,,
1653,S032460031F4,4,14,OP,,2025-04-30,2026-05-30,2026-11-30,,
1654,S032460058EB,4,15,OP,,2024-11-30,2025-12-30,2026-06-30,,
1655,S032460054E8,4,16,OP,,2024-08-31,2025-09-30,2026-03-31,,
1656,S032460042F7,4,17,OP,,2025-07-31,2026-08-31,2027-02-28,,
1657,S032460030F4,4,18,DC,,2025-04-30,2026-05-30,2026-11-30,,2026-05-19
1658,S032460012F6,4,19,OP,,2025-06-30,2026-07-30,2027-01-30,,
1659,S032460014F3,4,21,OP,,2025-03-31,2026-04-30,2026-10-31,,
1660,S032460009F6,4,22,OP,,2025-06-30,2026-07-30,2027-01-30,,
1661,S032460037F3,4,23,OP,,2025-03-31,2026-04-30,2026-10-31,,
1662,S032460019F4,4,24,OP,,2025-04-30,2026-05-30,2026-11-30,,
1663,S032460060E8,4,25,OP,,2024-08-31,2025-09-30,2026-03-31,,
1664,S032460154F9,4,26,OP,,2025-09-30,2026-10-30,2027-04-30,,
1665,S032460001F3,4,27,OP,,2025-03-31,2026-04-30,2026-10-31,,
1666,S032460017EB,4,28,OP,,2024-11-30,2025-12-30,2026-06-30,,
1667,S032460095EB,4,29,OP,,2024-11-30,2025-12-30,2026-06-30,,
1668,S032460121F9,4,30,OP,,2025-09-30,2026-10-30,2027-04-30,,
1669,S032460030EB,4,32,OP,,2024-11-30,2025-12-30,2026-06-30,,
1670,S032460027F4,4,33,OP,,2025-04-30,2026-05-30,2026-11-30,,
1671,S032460027FA,4,34,OP,,2025-10-31,2026-11-30,2027-05-31,,
1672,S032460034F7,4,35,OP,,2025-07-31,2026-08-31,2027-02-28,,
1673,S032460029F3,4,36,OP,,2025-03-31,2026-04-30,2026-10-31,,
1674,S032460035E8,4,37,OP,,2024-08-31,2025-09-30,2026-03-31,,
1675,S032460019F3,4,38,OP,,2025-03-31,2026-04-30,2026-10-31,,
1676,S032460003F6,4,39,OP,,2025-06-30,2026-07-30,2027-01-30,,
1677,S032460028F3,4,40,OP,,2025-03-31,2026-04-30,2026-10-31,,
1678,S032460021E9,4,41,OP,,2024-09-30,2025-10-30,2026-04-30,,
1679,S032460001F6,4,42,OP,,2025-06-30,2026-07-30,2027-01-30,,
1680,S032460094EB,4,43,OP,,2024-11-30,2025-12-30,2026-06-30,,
1681,S032460061EB,4,44,OP,,2024-11-30,2025-12-30,2026-06-30,,
1682,S032460011F4,4,45,OP,,2025-04-30,2026-05-30,2026-11-30,,
1683,S032460013F6,4,46,OP,,2025-06-30,2026-07-30,2027-01-30,,
1684,S032460016FA,4,47,OP,,2025-10-31,2026-11-30,2027-05-31,,
1685,S032460001E9,4,48,OP,,2024-09-30,2025-10-30,2026-04-30,,
1686,S032460024EB,4,49,OP,,2024-11-30,2025-12-30,2026-06-30,,
1687,S032460022EB,4,50,OP,,2024-11-30,2025-12-30,2026-06-30,,
1688,S032460055EB,4,51,DC,,2024-11-30,2025-12-30,2026-06-30,,2026-05-19
1689,S032460439D4,4,52,OP,,2023-04-30,2024-05-30,2024-11-30,,
1690,S032460019EB,4,53,OP,,2024-11-30,2025-12-30,2026-06-30,,
1691,S032460059F3,4,54,DC,,2025-03-31,2026-04-30,2026-10-31,,2026-04-22
1692,S032460031F6,4,55,OP,,2025-06-30,2026-07-30,2027-01-30,,
1693,S032460292D4,4,56,OP,,2023-04-30,2024-05-30,2024-11-30,,
1694,S032460042F4,4,57,OP,,2025-04-30,2026-05-30,2026-11-30,,
1695,S032460003E8,4,58,OP,,2024-08-31,2025-09-30,2026-03-31,,
1696,S032460058F7,4,59,OP,,2025-07-31,2026-08-31,2027-02-28,,
1697,S032460205D4,4,60,OP,,2023-04-30,2024-05-30,2024-11-30,,
1698,S032460052F7,4,62,OP,,2025-07-31,2026-08-31,2027-02-28,,
1699,S032460018F6,4,63,OP,,2025-06-30,2026-07-30,2027-01-30,,
1700,S032460032F6,4,65,OP,,2025-06-30,2026-07-30,2027-01-30,,
1701,S032460062F7,4,66,OP,,2025-07-31,2026-08-31,2027-02-28,,
1702,S032460067EB,4,68,OP,,2024-11-30,2025-12-30,2026-06-30,,
1703,S032460041F7,4,69,OP,,2025-07-31,2026-08-31,2027-02-28,,
1704,S032460062EB,4,70,OP,,2024-11-30,2025-12-30,2026-06-30,,
1705,S032460366D4,4,71,OP,,2023-04-30,2024-05-30,2024-11-30,,
1706,S032460064F3,4,72,OP,,2025-03-31,2026-04-30,2026-10-31,,
1707,S032460028F4,4,73,OP,,2025-04-30,2026-05-30,2026-11-30,,
1708,S032460058F3,4,74,OP,,2025-03-31,2026-04-30,2026-10-31,,
1709,S032460023EB,4,75,OP,,2024-11-30,2025-12-30,2026-06-30,,
1710,S032460014EB,4,76,OP,,2024-11-30,2025-12-30,2026-06-30,,
1711,S032460149F9,4,77,OP,,2025-09-30,2026-10-30,2027-04-30,,
1712,S032460145F9,4,78,OP,,2025-09-30,2026-10-30,2027-04-30,,
1713,S032460261F4,4,79,OP,,2025-04-30,2026-05-30,2026-11-30,,
1714,S032460012F7,4,80,OP,,2025-07-31,2026-08-31,2027-02-28,,
1715,S032460023F7,4,81,OP,,2025-07-31,2026-08-31,2027-02-28,,
1716,S032460045F7,4,82,OP,,2025-07-31,2026-08-31,2027-02-28,,
1717,S032460013F7,4,84,OP,,2025-07-31,2026-08-31,2027-02-28,,
1718,S032460024F5,4,85,OP,,2025-05-31,2026-06-30,2026-12-31,,
1719,S032460003F4,4,86,OP,,2025-04-30,2026-05-30,2026-11-30,,
1720,S032460020F7,4,87,OP,,2025-07-31,2026-08-31,2027-02-28,,
1721,S032460271D4,4,88,OP,,2023-04-30,2024-05-30,2024-11-30,,
1722,S032460136D4,4,89,OP,,2023-04-30,2024-05-30,2024-11-30,,
1723,S032460039F4,4,90,OP,,2025-04-30,2026-05-30,2026-11-30,,
1724,S032460044F6,4,91,OP,,2025-06-30,2026-07-30,2027-01-30,,
1725,S032460448D4,4,92,OP,,2023-04-30,2024-05-30,2024-11-30,,
1726,S032460026E8,4,93,OP,,2024-08-31,2025-09-30,2026-03-31,,
1727,S032460063EB,4,94,DC,,2024-11-30,2025-12-30,2026-06-30,,2026-05-19
1728,S032460044F4,4,95,OP,,2025-04-30,2026-05-30,2026-11-30,,
1729,S032460260D4,4,96,OP,,2023-04-30,2024-05-30,2024-11-30,,
1730,S032460023F3,4,97,OP,,2025-03-31,2026-04-30,2026-10-31,,
1731,S032460409D4,4,98,OP,,2023-04-30,2024-05-30,2024-11-30,,
1732,S032560069D4,4,99,OP,,2023-04-30,2024-05-30,2024-11-30,,
1733,S032460066F7,4,100,OP,,2025-07-31,2026-08-31,2027-02-28,,
1734,S032460057EB,4,101,OP,,2024-11-30,2025-12-30,2026-06-30,,
1735,S032460055F3,4,102,OP,,2025-03-31,2026-04-30,2026-10-31,,
1736,S032460035F4,4,103,OP,,2025-04-30,2026-05-30,2026-11-30,,
1737,S032460009EB,4,104,OP,,2024-11-30,2025-12-30,2026-06-30,,
1738,S032460046F4,4,105,OP,,2025-04-30,2026-05-30,2026-11-30,,
1739,S032460004EB,4,106,OP,,2024-11-30,2025-12-30,2026-06-30,,
1740,S032460221E9,4,107,OP,,2024-09-30,2025-10-30,2026-04-30,,
1741,S032460010EB,4,108,OP,,2024-11-30,2025-12-30,2026-06-30,,
1742,S032460229D4,4,109,OP,,2023-04-30,2024-05-30,2024-11-30,,
1743,S032460025EB,4,110,OP,,2024-11-30,2025-12-30,2026-06-30,,
1744,S032460163F9,4,111,OP,,2025-09-30,2026-10-30,2027-04-30,,
1745,S032460049F7,4,112,OP,,2025-07-31,2026-08-31,2027-02-28,,
1746,S032460070EB,4,113,DC,,2024-11-30,2025-12-30,2026-06-30,,2026-05-19
1747,S032460018F3,4,114,OP,,2025-03-31,2026-04-30,2026-10-31,,
1748,S032460018F4,4,115,OP,,2025-04-30,2026-05-30,2026-11-30,,
1749,S032460166F9,4,116,OP,,2025-09-30,2026-10-30,2027-04-30,,
1750,S032460042EB,4,117,OP,,2024-11-30,2025-12-30,2026-06-30,,
1751,S032460067F3,4,118,OP,,2025-03-31,2026-04-30,2026-10-31,,
1752,S032460022E9,4,119,OP,,2024-09-30,2025-10-30,2026-04-30,,
1753,S032460080D4,4,121,OP,,2023-04-30,2024-05-30,2024-11-30,,
1754,S032460157F9,4,122,OP,,2025-09-30,2026-10-30,2027-04-30,,
1755,S032460024F7,4,123,OP,,2025-07-31,2026-08-31,2027-02-28,,
1756,S032460037F7,4,124,OP,,2025-07-31,2026-08-31,2027-02-28,,
1757,S032460218D4,4,125,OP,,2023-04-30,2024-05-30,2024-11-30,,
1758,S032460005F4,4,127,OP,,2025-04-30,2026-05-30,2026-11-30,,
1759,S032460011EB,4,128,OP,,2024-11-30,2025-12-30,2026-06-30,,
1760,S032460040F7,4,129,OP,,2025-07-31,2026-08-31,2027-02-28,,
1761,S032460002FA,4,130,OP,,2025-10-31,2026-11-30,2027-05-31,,
1762,S032460036F6,4,131,OP,,2025-06-30,2026-07-30,2027-01-30,,
1763,S032460013FA,4,132,OP,,2025-10-31,2026-11-30,2027-05-31,,
1764,S032460034EB,4,133,OP,,2024-11-30,2025-12-30,2026-06-30,,
1765,S032460026F4,4,134,OP,,2025-04-30,2026-05-30,2026-11-30,,
1766,S032460160D4,4,135,OP,,2023-04-30,2024-05-30,2024-11-30,,
1767,S032460155F9,4,136,OP,,2025-09-30,2026-10-30,2027-04-30,,
1768,S032460295D4,4,137,OP,,2023-04-30,2024-05-30,2024-11-30,,
1769,S032460135F9,4,139,OP,,2025-09-30,2026-10-30,2027-04-30,,
1770,S032460011F8,4,140,OP,,2025-08-31,2026-09-30,2027-03-31,,
1771,S032460013EB,4,141,DC,,2024-11-30,2025-12-30,2026-06-30,,2026-05-19
1772,S032460026F3,4,142,OP,,2025-03-31,2026-04-30,2026-10-31,,
1773,S032460045EB,4,143,OP,,2024-11-30,2025-12-30,2026-06-30,,
1774,S032460029EB,4,144,OP,,2024-11-30,2025-12-30,2026-06-30,,
1775,S032460096EB,4,145,OP,,2024-11-30,2025-12-30,2026-06-30,,
1776,S032460126F9,4,146,OP,,2025-09-30,2026-10-30,2027-04-30,,
1777,S032460065EB,4,147,OP,,2024-11-30,2025-12-30,2026-06-30,,
1778,S032460030F3,4,148,OP,,2025-03-31,2026-04-30,2026-10-31,,
1779,S032460050E8,4,150,OP,,2024-08-31,2025-09-30,2026-03-31,,
1780,S032460005F3,4,151,OP,,2025-03-31,2026-04-30,2026-10-31,,
1781,S032460036F3,4,152,OP,,2025-03-31,2026-04-30,2026-10-31,,
1782,S032460372D4,4,153,OP,,2023-04-30,2024-05-30,2024-11-30,,
1783,S032460031EB,4,154,OP,,2024-11-30,2025-12-30,2026-06-30,,
1784,S032460330D4,4,155,OP,,2023-04-30,2024-05-30,2024-11-30,,
1785,S032460021F3,4,156,DC,,2025-03-31,2026-04-30,2026-10-31,,2026-05-19
1786,S032460038F4,4,157,OP,,2025-04-30,2026-05-30,2026-11-30,,
1787,S032460023E8,4,160,OP,,2024-08-31,2025-09-30,2026-03-31,,
1788,S032460049E8,4,163,OP,,2024-08-31,2025-09-30,2026-03-31,,
1789,S032460008EB,4,164,OP,,2024-11-30,2025-12-30,2026-06-30,,
1790,S032460024FA,4,165,OP,,2025-10-31,2026-11-30,2027-05-31,,
1791,S032460150F9,4,166,OP,,2025-09-30,2026-10-30,2027-04-30,,
1792,S032460044F3,4,167,OP,,2025-03-31,2026-04-30,2026-10-31,,
1793,S032460056D4,4,170,OP,,2023-04-30,2024-05-30,2024-11-30,,
1794,S032460059EB,4,171,OP,,2024-11-30,2025-12-30,2026-06-30,,
1795,S032460149F7,4,172,OP,,2025-07-31,2026-08-31,2027-02-28,,
1796,S032460039F7,4,173,OP,,2025-07-31,2026-08-31,2027-02-28,,
1797,S032460051F3,4,174,OP,,2025-03-31,2026-04-30,2026-10-31,,
1798,S032460014F4,4,175,OP,,2025-04-30,2026-05-30,2026-11-30,,
1799,S032460035F3,4,176,OP,,2025-03-31,2026-04-30,2026-10-31,,
1800,S032460347D4,4,177,OP,,2023-04-30,2024-05-30,2024-11-30,,
1801,S032460021EB,4,178,OP,,2024-11-30,2025-12-30,2026-06-30,,
1802,S032460090EB,4,179,DC,,2024-11-30,2025-12-30,2026-06-30,,2026-04-22
1803,S032460026EB,4,180,OP,,2024-11-30,2025-12-30,2026-06-30,,
1804,S032460001F7,4,181,OP,,2025-07-31,2026-08-31,2027-02-28,,
1805,S032460064EB,4,182,OP,,2024-11-30,2025-12-30,2026-06-30,,
1806,S032460054EB,4,183,OP,,2024-11-30,2025-12-30,2026-06-30,,
1807,S032460062F3,4,184,OP,,2025-03-31,2026-04-30,2026-10-31,,
1808,S032460043F4,4,185,OP,,2025-04-30,2026-05-30,2026-11-30,,
1809,S032460038F3,4,186,OP,,2025-03-31,2026-04-30,2026-10-31,,
1810,S032460005F6,4,187,OP,,2025-06-30,2026-07-30,2027-01-30,,
1811,S032460046F7,4,188,OP,,2025-07-31,2026-08-31,2027-02-28,,
1812,S032460036EB,4,189,OP,,2024-11-30,2025-12-30,2026-06-30,,
1813,S032460079EB,4,190,OP,,2024-11-30,2025-12-30,2026-06-30,,
1814,S032460002F6,4,191,OP,,2025-06-30,2026-07-30,2027-01-30,,
1815,S032460426D4,4,192,OP,,2023-04-30,2024-05-30,2024-11-30,,
1816,S032460085EB,4,193,OP,,2024-11-30,2025-12-30,2026-06-30,,
1817,S032460029F7,4,195,OP,,2025-07-31,2026-08-31,2027-02-28,,
1818,S032460066EB,4,196,OP,,2024-11-30,2025-12-30,2026-06-30,,
1819,S032460204D4,4,197,OP,,2023-04-30,2024-05-30,2024-11-30,,
1820,S032460020D4,4,198,OP,,2023-04-30,2024-05-30,2024-11-30,,
1821,S032460007F4,4,199,OP,,2025-04-30,2026-05-30,2026-11-30,,
1822,S032460049F6,4,200,OP,,2025-06-30,2026-07-30,2027-01-30,,
1823,S032460033F4,4,201,OP,,2025-04-30,2026-05-30,2026-11-30,,
1824,S032460004E8,4,202,OP,,2024-08-31,2025-09-30,2026-03-31,,
1825,S032460061F3,4,203,OP,,2025-03-31,2026-04-30,2026-10-31,,
1826,S032460122F9,4,204,OP,,2025-09-30,2026-10-30,2027-04-30,,
1827,S032460076EB,4,205,OP,,2024-11-30,2025-12-30,2026-06-30,,
1828,S032460013F8,4,206,OP,,2025-08-31,2026-09-30,2027-03-31,,
1829,S032460020EB,4,207,OP,,2024-11-30,2025-12-30,2026-06-30,,
1830,S032460437D4,4,208,OP,,2023-04-30,2024-05-30,2024-11-30,,
1831,S032460003F7,4,209,OP,,2025-07-31,2026-08-31,2027-02-28,,
1832,S032460050EB,4,210,OP,,2024-11-30,2025-12-30,2026-06-30,,
1833,S032460032F4,4,211,OP,,2025-04-30,2026-05-30,2026-11-30,,
1834,S032460054F3,4,212,OP,,2025-03-31,2026-04-30,2026-10-31,,
1835,S032460049EB,4,213,OP,,2024-11-30,2025-12-30,2026-06-30,,
1836,S032460050F4,4,214,OP,,2025-04-30,2026-05-30,2026-11-30,,
1837,S032460041F4,4,215,OP,,2025-04-30,2026-05-30,2026-11-30,,
1838,S032460054F7,4,216,OP,,2025-07-31,2026-08-31,2027-02-28,,
1839,S032460009F4,4,217,OP,,2025-04-30,2026-05-30,2026-11-30,,
1840,S032460026F6,4,218,OP,,2025-06-30,2026-07-30,2027-01-30,,
1841,S032460039EB,4,219,OP,,2024-11-30,2025-12-30,2026-06-30,,
1842,S032460017F4,4,220,OP,,2025-04-30,2026-05-30,2026-11-30,,
1843,S032460049F4,4,221,OP,,2025-04-30,2026-05-30,2026-11-30,,
1844,S032460037F6,4,222,OP,,2025-06-30,2026-07-30,2027-01-30,,
1845,S032460032F3,4,224,OP,,2025-03-31,2026-04-30,2026-10-31,,
1846,S032460046EB,4,225,OP,,2024-11-30,2025-12-30,2026-06-30,,
1847,S032460040EB,4,228,OP,,2024-11-30,2025-12-30,2026-06-30,,
1848,S032460034F3,4,229,OP,,2025-03-31,2026-04-30,2026-10-31,,
1849,S032460170F9,4,230,OP,,2025-09-30,2026-10-30,2027-04-30,,
1850,S032460032F7,4,231,OP,,2025-07-31,2026-08-31,2027-02-28,,
1851,S032460232D4,4,232,OP,,2023-04-30,2024-05-30,2024-11-30,,
1852,S032460162F9,4,233,OP,,2025-09-30,2026-10-30,2027-04-30,,
1853,S032460014E8,4,234,OP,,2024-08-31,2025-09-30,2026-03-31,,
1854,S032460009E8,4,235,OP,,2024-08-31,2025-09-30,2026-03-31,,
1855,S032460014F6,4,237,OP,,2025-06-30,2026-07-30,2027-01-30,,
1856,S032460038F7,4,238,OP,,2025-07-31,2026-08-31,2027-02-28,,
1857,S032460004F3,4,239,OP,,2025-03-31,2026-04-30,2026-10-31,,
1858,S032460027F7,4,240,OP,,2025-07-31,2026-08-31,2027-02-28,,
1859,S032460018E8,4,241,OP,,2024-08-31,2025-09-30,2026-03-31,,
1860,SO32460004F6,4,242,OP,,2025-06-30,2026-07-30,2027-01-30,,
1861,S032460341D4,4,243,OP,,2023-04-30,2024-05-30,2024-11-30,,
1862,S032460258D4,4,244,OP,,2023-04-30,2024-05-30,2024-11-30,,
1863,S032460051F7,4,245,OP,,2025-07-31,2026-08-31,2027-02-28,,
1864,S032460130F9,4,246,OP,,2025-09-30,2026-10-30,2027-04-30,,
1865,S032460018E9,4,247,OP,,2024-09-30,2025-10-30,2026-04-30,,
1866,S032460027F3,4,248,OP,,2025-03-31,2026-04-30,2026-10-31,,
1867,S032460068F7,4,249,OP,,2025-07-31,2026-08-31,2027-02-28,,
1868,S032460028EB,4,251,OP,,2024-11-30,2025-12-30,2026-06-30,,
1869,S032460045F6,4,252,OP,,2025-06-30,2026-07-30,2027-01-30,,
1870,S032460034F4,4,254,OP,,2025-04-30,2026-05-30,2026-11-30,,
1871,S032460048EB,4,255,OP,,2024-11-30,2025-12-30,2026-06-30,,
1872,S032460036F4,4,256,OP,,2025-04-30,2026-05-30,2026-11-30,,
1873,S032460015F3,4,257,OP,,2025-03-31,2026-04-30,2026-10-31,,
1874,S032460013F3,4,258,OP,,2025-03-31,2026-04-30,2026-10-31,,
1875,S032460431D4,4,259,DC,,2023-04-30,2024-05-30,2024-11-30,,2026-05-19
1876,S032460022F8,4,262,OP,,2025-08-31,2026-09-30,2027-03-31,,
1877,S032460039FA,4,264,OP,,2025-10-31,2026-11-30,2027-05-31,,
1878,S032460167F9,4,265,OP,,2025-09-30,2026-10-30,2027-04-30,,
1879,S032460019FA,4,266,OP,,2025-10-31,2026-11-30,2027-05-31,,
1880,S032460056EB,4,269,OP,,2024-11-30,2025-12-30,2026-06-30,,
1881,S032460134F9,4,270,OP,,2025-09-30,2026-10-30,2027-04-30,,
1882,S032460054D4,4,271,OP,,2023-04-30,2024-05-30,2024-11-30,,
1883,S032460024F4,4,273,OP,,2025-04-30,2026-05-30,2026-11-30,,
1884,S032460060EB,4,274,OP,,2024-11-30,2025-12-30,2026-06-30,,
1885,S032460155D4,4,276,OP,,2023-04-30,2024-05-30,2024-11-30,,
1886,S032460028F6,4,278,OP,,2025-06-30,2026-07-30,2027-01-30,,
1887,S032460417D4,4,279,OP,,2023-04-30,2024-05-30,2024-11-30,,
1888,S032460013D4,4,280,OP,,2023-04-30,2024-05-30,2024-11-30,,
1889,S032460016F3,4,281,OP,,2025-03-31,2026-04-30,2026-10-31,,
1890,S032460055F7,4,284,OP,,2025-07-31,2026-08-31,2027-02-28,,
1891,S032460013E8,4,286,OP,,2024-08-31,2025-09-30,2026-03-31,,
1892,S032460050F6,4,287,OP,,2025-06-30,2026-07-30,2027-01-30,,
1893,S032460052E8,4,289,OP,,2024-08-31,2025-09-30,2026-03-31,,
1894,S032460053F7,4,290,OP,,2025-07-31,2026-08-31,2027-02-28,,
1895,S032460006F6,4,291,OP,,2025-06-30,2026-07-30,2027-01-30,,
1896,S032460043EB,4,292,OP,,2024-11-30,2025-12-30,2026-06-30,,
1897,S032460065F3,4,293,OP,,2025-03-31,2026-04-30,2026-10-31,,
1898,S032460060F3,4,294,OP,,2025-03-31,2026-04-30,2026-10-31,,
1899,S032460074EB,4,295,OP,,2024-11-30,2025-12-30,2026-06-30,,
1900,S032460028F7,4,296,OP,,2025-07-31,2026-08-31,2027-02-28,,
1901,S032460419D4,4,297,OP,,2023-04-30,2024-05-30,2024-11-30,,
1902,S032460089EB,4,298,OP,,2024-11-30,2025-12-30,2026-06-30,,
1903,S032460009D8,4,299,OP,,2023-08-31,2024-09-30,2025-03-31,,
1904,S032460079F9,4,300,OP,,2025-09-30,2026-10-30,2027-04-30,,
1905,S032460008F7,4,301,OP,,2025-07-31,2026-08-31,2027-02-28,,
1906,S032460016F4,4,302,OP,,2025-04-30,2026-05-30,2026-11-30,,
1907,S032460143F9,4,303,OP,,2025-09-30,2026-10-30,2027-04-30,,
1908,S032460003F3,4,304,OP,,2025-03-31,2026-04-30,2026-10-31,,
1909,S032460072EB,4,305,OP,,2024-11-30,2025-12-30,2026-06-30,,
1910,S032460069F7,4,306,OP,,2025-07-31,2026-08-31,2027-02-28,,
1911,S032460017F3,4,307,OP,,2025-03-31,2026-04-30,2026-10-31,,
1912,S032460128F9,4,308,OP,,2025-09-30,2026-10-30,2027-04-30,,
1913,S032460041EB,4,309,DC,,2024-11-30,2025-12-30,2026-06-30,,2026-05-19
1914,S032460002F4,4,311,OP,,2025-04-30,2026-05-30,2026-11-30,,
1915,S032460063F3,4,312,OP,,2025-03-31,2026-04-30,2026-10-31,,
1916,S032460006F7,4,313,OP,,2025-07-31,2026-08-31,2027-02-28,,
1917,S032460017F7,4,315,OP,,2025-07-31,2026-08-31,2027-02-28,,
1918,S032460048F7,4,316,OP,,2025-07-31,2026-08-31,2027-02-28,,
1919,S032460169F9,4,317,OP,,2025-09-30,2026-10-30,2027-04-30,,
1920,S032460022F3,4,318,OP,,2025-03-31,2026-04-30,2026-10-31,,
1921,S032460078EB,4,319,OP,,2024-11-30,2025-12-30,2026-06-30,,
1922,S032460013F4,4,320,OP,,2025-04-30,2026-05-30,2026-11-30,,
1923,S032460039F6,4,321,OP,,2025-06-30,2026-07-30,2027-01-30,,
1924,S032460037E8,4,322,OP,,2024-08-31,2025-09-30,2026-03-31,,
1925,S032460251D4,4,323,OP,,2023-04-30,2024-05-30,2024-11-30,,
1926,S032460086EB,4,325,OP,,2024-11-30,2025-12-30,2026-06-30,,
1927,S032460153F9,4,326,OP,,2025-09-30,2026-10-30,2027-04-30,,
1928,S032460050F3,4,327,OP,,2025-03-31,2026-04-30,2026-10-31,,
1929,S032460136F9,4,328,OP,,2025-09-30,2026-10-30,2027-04-30,,
1930,S032460008F4,4,331,OP,,2025-04-30,2026-05-30,2026-11-30,,
1931,S032460025F4,4,332,OP,,2025-04-30,2026-05-30,2026-11-30,,
1932,S032460231D4,4,333,OP,,2023-04-30,2024-05-30,2024-11-30,,
1933,S032460008F3,4,334,OP,,2025-03-31,2026-04-30,2026-10-31,,
1934,S032460045F4,4,335,OP,,2025-04-30,2026-05-30,2026-11-30,,
1935,S032460059E8,4,336,OP,,2024-08-31,2025-09-30,2026-03-31,,
1936,S032460051D4,4,337,OP,,2023-04-30,2024-05-30,2024-11-30,,
1937,S032460088EB,4,338,OP,,2024-11-30,2025-12-30,2026-06-30,,
1938,S032460057E8,4,339,OP,,2024-08-31,2025-09-30,2026-03-31,,
1939,S032460073EB,4,340,OP,,2024-11-30,2025-12-30,2026-06-30,,
1940,S032460025F3,4,341,OP,,2025-03-31,2026-04-30,2026-10-31,,
1941,S032460056F7,4,342,OP,,2025-07-31,2026-08-31,2027-02-28,,
1942,S032460006F4,4,344,OP,,2025-04-30,2026-05-30,2026-11-30,,
1943,S032460011F7,4,345,OP,,2025-07-31,2026-08-31,2027-02-28,,
1944,S032460023F4,4,346,OP,,2025-04-30,2026-05-30,2026-11-30,,
1945,S032460051EB,4,347,OP,,2024-11-30,2025-12-30,2026-06-30,,
1946,S032460075EB,4,348,OP,,2024-11-30,2025-12-30,2026-06-30,,
1947,S032460011F3,4,349,OP,,2025-03-31,2026-04-30,2026-10-31,,
1948,S032460015EB,4,350,OP,,2024-11-30,2025-12-30,2026-06-30,,
1949,S032460060F7,4,351,OP,,2025-07-31,2026-08-31,2027-02-28,,
1950,S032460300D4,4,352,OP,,2023-04-30,2024-05-30,2024-11-30,,
1951,S032460046F6,4,353,OP,,2025-06-30,2026-07-30,2027-01-30,,
1952,S032460026FA,4,354,OP,,2025-10-31,2026-11-30,2027-05-31,,
1953,S032460022F7,4,355,OP,,2025-07-31,2026-08-31,2027-02-28,,
1954,S032460021F7,4,356,OP,,2025-07-31,2026-08-31,2027-02-28,,
1955,S032460016EB,4,358,OP,,2024-11-30,2025-12-30,2026-06-30,,
1956,S032460019F7,4,359,OP,,2025-07-31,2026-08-31,2027-02-28,,
1957,S032460071EB,4,360,OP,,2024-11-30,2025-12-30,2026-06-30,,
1958,S032460076F4,4,361,OP,,2025-04-30,2026-05-30,2026-11-30,,
1959,S032460018EB,4,362,OP,,2024-11-30,2025-12-30,2026-06-30,,
1960,S032460015F7,4,363,OP,,2025-07-31,2026-08-31,2027-02-28,,
1961,S032460053F3,4,364,OP,,2025-03-31,2026-04-30,2026-10-31,,
1962,S032460066F3,4,365,OP,,2025-03-31,2026-04-30,2026-10-31,,
1963,S032460015F4,4,366,OP,,2025-04-30,2026-05-30,2026-11-30,,
1964,S032460009F7,4,367,OP,,2025-07-31,2026-08-31,2027-02-28,,
1965,S032460035EB,4,368,OP,,2024-11-30,2025-12-30,2026-06-30,,
1966,S032460097EB,4,369,OP,,2024-11-30,2025-12-30,2026-06-30,,
1967,S032460027EB,4,370,OP,,2024-11-30,2025-12-30,2026-06-30,,
1968,S032460336D4,4,371,OP,,2023-04-30,2024-05-30,2024-11-30,,
1969,S032460360D4,4,372,OP,,2023-04-30,2024-05-30,2024-11-30,,
1970,S032460165F9,4,373,OP,,2025-09-30,2026-10-30,2027-04-30,,
1971,S032460400D4,4,374,OP,,2023-04-30,2024-05-30,2024-11-30,,
1972,S032460077EB,4,375,OP,,2024-11-30,2025-12-30,2026-06-30,,
1973,S032460048F6,4,377,OP,,2025-06-30,2026-07-30,2027-01-30,,
1974,S032460093EB,4,378,OP,,2024-11-30,2025-12-30,2026-06-30,,
1975,S032460043F3,4,380,OP,,2025-03-31,2026-04-30,2026-10-31,,
1976,S032460048F4,4,381,OP,,2025-04-30,2026-05-30,2026-11-30,,
1977,S032460005F8,4,382,OP,,2025-08-31,2026-09-30,2027-03-31,,
1978,S032460091EB,4,383,OP,,2024-11-30,2025-12-30,2026-06-30,,
1979,S032460084EB,4,384,OP,,2024-11-30,2025-12-30,2026-06-30,,
1980,S032460144F9,4,385,OP,,2025-09-30,2026-10-30,2027-04-30,,
1981,S032460087EB,4,386,OP,,2024-11-30,2025-12-30,2026-06-30,,
1982,S032460015F8,4,387,OP,,2025-08-31,2026-09-30,2027-03-31,,
1983,S032460047EB,4,388,OP,,2024-11-30,2025-12-30,2026-06-30,,
1984,S032460063F7,4,389,OP,,2025-07-31,2026-08-31,2027-02-28,,
1985,S032460038EB,4,390,DC,,2024-11-30,2025-12-30,2026-06-30,,2026-05-19
1986,S032460010F6,4,391,OP,,2025-06-30,2026-07-30,2027-01-30,,
1987,S032460044EB,4,392,OP,,2024-11-30,2025-12-30,2026-06-30,,
1988,S032460014F7,4,393,OP,,2025-07-31,2026-08-31,2027-02-28,,
1989,S032460037EB,4,394,OP,,2024-11-30,2025-12-30,2026-06-30,,
1990,S032460388D4,4,395,OP,,2023-04-30,2024-05-30,2024-11-30,,
1991,S032460037F4,4,396,OP,,2025-04-30,2026-05-30,2026-11-30,,
1992,S032460067F7,4,397,OP,,2025-07-31,2026-08-31,2027-02-28,,
1993,S032460057F7,4,398,OP,,2025-07-31,2026-08-31,2027-02-28,,
1994,S032560012F4,4,399,DC,,2025-04-30,2026-05-30,2026-11-30,,2026-05-19
1995,S032460050F7,4,400,OP,,2025-07-31,2026-08-31,2027-02-28,,
1996,S032460150D4,4,401,OP,,2023-04-30,2024-05-30,2024-11-30,,
1997,S032460043E9,4,402,OP,,2024-09-30,2025-10-30,2026-04-30,,
1998,S032460061E8,4,403,OP,,2024-08-31,2025-09-30,2026-03-31,,
1999,S032460031F3,4,404,OP,,2025-03-31,2026-04-30,2026-10-31,,
2000,S032460056F3,4,405,DC,,2025-03-31,2026-04-30,2026-10-31,,2026-05-19
2001,S032460020E8,4,406,OP,,2024-08-31,2025-09-30,2026-03-31,,
2002,S032460183D4,4,407,OP,,2023-04-30,2024-05-30,2024-11-30,,
2003,S032460332D4,4,408,OP,,2023-04-30,2024-05-30,2024-11-30,,
2004,S032460024E3,4,409,OP,,2024-03-31,2025-04-30,2025-10-31,,
2005,S032460046E8,4,410,OP,,2024-08-31,2025-09-30,2026-03-31,,
2006,S032460058E8,4,411,OP,,2024-08-31,2025-09-30,2026-03-31,,
2007,S032460001EB,4,412,OP,,2024-11-30,2025-12-30,2026-06-30,,
2008,S032460015E8,4,413,OP,,2024-08-31,2025-09-30,2026-03-31,,
2009,SO32460052EB,4,430,OP,,2024-11-30,2025-12-30,2026-06-30,,
2010,S032460032EB,4,431,OP,,2024-11-30,2025-12-30,2026-06-30,,
2011,S032460038F6,4,432,OP,,2025-06-30,2026-07-30,2027-01-30,,
2012,S032460029F6,4,433,OP,,2025-06-30,2026-07-30,2027-01-30,,
2013,S032460031F8,4,434,OP,,2025-08-31,2026-09-30,2027-03-31,,
2014,S032460021F4,4,439,OP,,2025-04-30,2026-05-30,2026-11-30,,
2015,S032460061F7,4,440,OP,,2025-07-31,2026-08-31,2027-02-28,,
2016,S032460020F4,4,441,OP,,2025-04-30,2026-05-30,2026-11-30,,
2017,S032460022F4,4,442,OP,,2025-04-30,2026-05-30,2026-11-30,,
2018,S032460021F5,4,443,OP,,2025-05-31,2026-06-30,2026-12-31,,
2019,S032460020F5,4,444,OP,,2025-05-31,2026-06-30,2026-12-31,,
2020,S032460017F5,4,445,OP,,2025-05-31,2026-06-30,2026-12-31,,
2021,S032460013F5,4,446,OP,,2025-05-31,2026-06-30,2026-12-31,,
2022,S032460124F4,4,447,OP,,2025-04-30,2026-05-30,2026-11-30,,
2023,S032460012F5,4,448,OP,,2025-05-31,2026-06-30,2026-12-31,,
2024,S032460014F5,4,449,OP,,2025-05-31,2026-06-30,2026-12-31,,
2025,S032460001F5,4,450,OP,,2025-05-31,2026-06-30,2026-12-31,,
2026,S032460023F5,4,451,OP,,2025-05-31,2026-06-30,2026-12-31,,
2027,S032460009F5,4,452,OP,,2025-05-31,2026-06-30,2026-12-31,,
2028,S032460011F5,4,453,OP,,2025-05-31,2026-06-30,2026-12-31,,
2029,S032460006F5,4,454,OP,,2025-05-31,2026-06-30,2026-12-31,,
2030,S032460040F6,4,455,OP,,2025-06-30,2026-07-30,2027-01-30,,
2031,S032460002F5,4,456,OP,,2025-05-31,2026-06-30,2026-12-31,,
2032,S032460025F5,4,457,OP,,2025-05-31,2026-06-30,2026-12-31,,
2033,S032460015F5,4,458,OP,,2025-05-31,2026-06-30,2026-12-31,,
2034,S032460005F5,4,459,OP,,2025-05-31,2026-06-30,2026-12-31,,
2035,S032460016F5,4,460,OP,,2025-05-31,2026-06-30,2026-12-31,,
2036,S032460018F5,4,461,OP,,2025-05-31,2026-06-30,2026-12-31,,
2037,S032460007F5,4,463,OP,,2025-05-31,2026-06-30,2026-12-31,,
2038,S032460010F5,4,464,OP,,2025-05-31,2026-06-30,2026-12-31,,
2039,S032460003F5,4,465,OP,,2025-05-31,2026-06-30,2026-12-31,,
2040,S032460019F5,4,466,OP,,2025-05-31,2026-06-30,2026-12-31,,
2041,S032460018F7,4,468,OP,,2025-07-31,2026-08-31,2027-02-28,,
2042,S032460035F7,4,469,OP,,2025-07-31,2026-08-31,2027-02-28,,
2043,S032460033F7,4,470,OP,,2025-07-31,2026-08-31,2027-02-28,,
2044,S032460021F6,4,471,OP,,2025-06-30,2026-07-30,2027-01-30,,
2045,S032460031F7,4,472,OP,,2025-07-31,2026-08-31,2027-02-28,,
2046,S032460064F7,4,473,OP,,2025-07-31,2026-08-31,2027-02-28,,
2047,S032460070F7,4,474,OP,,2025-07-31,2026-08-31,2027-02-28,,
2048,S032460036F7,4,475,OP,,2025-07-31,2026-08-31,2027-02-28,,
2049,S032460004F7,4,476,OP,,2025-07-31,2026-08-31,2027-02-28,,
2050,S032460006F8,4,478,OP,,2025-08-31,2026-09-30,2027-03-31,,
2051,S032460017C5,4,479,OP,,2022-05-31,2023-06-30,2023-12-31,,
2052,S032460007BC,4,480,OP,,2021-12-31,2023-01-31,2023-07-31,,
2053,S032460047F7,4,481,OP,,2025-07-31,2026-08-31,2027-02-28,,
2054,S032460025F7,4,482,OP,,2025-07-31,2026-08-31,2027-02-28,,
2055,S032460009BC,4,483,OP,,2021-12-31,2023-01-31,2023-07-31,,
2056,S032460054A3,4,485,OP,,2020-03-31,2021-04-30,2021-10-31,,
2057,S032460010BC,4,487,OP,,2021-12-31,2023-01-31,2023-07-31,,
2058,S032460545AB,4,488,OP,,2020-11-30,2021-12-30,2022-06-30,,
2059,S032460002CB,4,489,OP,,2022-11-30,2023-12-30,2024-06-30,,
2060,S032460286AB,4,490,OP,,2020-11-30,2021-12-30,2022-06-30,,
2061,S032460081A3,4,491,OP,,2020-03-31,2021-04-30,2021-10-31,,
2062,S032460060A3,4,492,OP,,2020-03-31,2021-04-30,2021-10-31,,
2063,S032460010A4,4,493,OP,,2020-04-30,2021-05-30,2021-11-30,,
2064,S032460240AB,4,494,OP,,2020-11-30,2021-12-30,2022-06-30,,
2065,S032460574AB,4,495,OP,,2020-11-30,2021-12-30,2022-06-30,,
2066,S032460012BC,4,496,OP,,2021-12-31,2023-01-31,2023-07-31,,
2067,S032460441AB,4,497,OP,,2020-11-30,2021-12-30,2022-06-30,,
2068,S032460016BC,4,498,OP,,2021-12-31,2023-01-31,2023-07-31,,
2069,S032460557AB,4,499,OP,,2020-11-30,2021-12-30,2022-06-30,,
2070,S032460018BC,4,500,OP,,2021-12-31,2023-01-31,2023-07-31,,
2071,S032460014BC,4,501,OP,,2021-12-31,2023-01-31,2023-07-31,,
2072,S032460003BC,4,502,OP,,2021-12-31,2023-01-31,2023-07-31,,
2073,S032460507AB,4,503,OP,,2020-11-30,2021-12-30,2022-06-30,,
2074,S032460018AB,4,504,OP,,2020-11-30,2021-12-30,2022-06-30,,
2075,S032460008CB,4,505,OP,,2022-11-30,2023-12-30,2024-06-30,,
2076,S032460028C1,4,506,OP,,2022-01-31,2023-02-28,2023-08-31,,
2077,S032460030C1,4,507,OP,,2022-01-31,2023-02-28,2023-08-31,,
2078,S032460013AB,4,508,OP,,2020-11-30,2021-12-30,2022-06-30,,
2079,S032460559AB,4,509,OP,,2020-11-30,2021-12-30,2022-06-30,,
2080,S032460107W7,4,510,OP,,1900-07-31,1901-08-31,1902-02-28,,
2081,S032460019AB,4,511,OP,,2020-11-30,2021-12-30,2022-06-30,,
2082,S032460055A3,4,513,OP,,2020-03-31,2021-04-30,2021-10-31,,
2083,S032460228AB,4,514,OP,,2020-11-30,2021-12-30,2022-06-30,,
2084,S032460305AC,4,515,OP,,2020-12-31,2022-01-31,2022-07-31,,
2085,S032460027A4,4,516,OP,,2020-04-30,2021-05-30,2021-11-30,,
2086,S032460038A3,4,517,OP,,2020-03-31,2021-04-30,2021-10-31,,
2087,S032460017BC,4,518,OP,,2021-12-31,2023-01-31,2023-07-31,,
2088,S032460009AB,4,519,OP,,2020-11-30,2021-12-30,2022-06-30,,
2089,S032460036AB,4,520,OP,,2020-11-30,2021-12-30,2022-06-30,,
2090,S032460015BC,4,521,OP,,2021-12-31,2023-01-31,2023-07-31,,
2091,S032460549AB,4,522,OP,,2020-11-30,2021-12-30,2022-06-30,,
2092,S032460570AB,4,523,OP,,2020-11-30,2021-12-30,2022-06-30,,
2093,S032460000AC,4,525,OP,,2020-12-31,2022-01-31,2022-07-31,,
2094,S032460030F7,4,526,OP,,2025-07-31,2026-08-31,2027-02-28,,
2095,S032460010F7,4,527,OP,,2025-07-31,2026-08-31,2027-02-28,,
2096,S032460016F7,4,528,OP,,2025-07-31,2026-08-31,2027-02-28,,
2097,S032460035D4,4,529,OP,,2023-04-30,2024-05-30,2024-11-30,,
2098,S032460369D4,4,530,OP,,2023-04-30,2024-05-30,2024-11-30,,
2099,S032460447D4,4,531,OP,,2023-04-30,2024-05-30,2024-11-30,,
2100,S032460323D4,4,532,OP,,2023-04-30,2024-05-30,2024-11-30,,
2101,S032460001D5,4,533,OP,,2023-05-31,2024-06-30,2024-12-31,,
2102,S032460198D4,4,534,OP,,2023-04-30,2024-05-30,2024-11-30,,
2103,S032460382D4,4,535,OP,,2023-04-30,2024-05-30,2024-11-30,,
2104,S032460352D4,4,536,OP,,2023-04-30,2024-05-30,2024-11-30,,
2105,S032460173D4,4,537,OP,,2023-04-30,2024-05-30,2024-11-30,,
2106,S032460397D4,4,538,OP,,2023-04-30,2024-05-30,2024-11-30,,
2107,S032460243D4,4,539,OP,,2023-04-30,2024-05-30,2024-11-30,,
2108,S032460312D4,4,540,OP,,2023-04-30,2024-05-30,2024-11-30,,
2109,S032460354D4,4,541,OP,,2023-04-30,2024-05-30,2024-11-30,,
2110,S032460358D4,4,542,OP,,2023-04-30,2024-05-30,2024-11-30,,
2111,S032460125D4,4,543,OP,,2023-04-30,2024-05-30,2024-11-30,,
2112,S032460391D4,4,544,OP,,2023-04-30,2024-05-30,2024-11-30,,
2113,S032460200D4,4,545,OP,,2023-04-30,2024-05-30,2024-11-30,,
2114,S032460434D4,4,546,OP,,2023-04-30,2024-05-30,2024-11-30,,
2115,S032460325D4,4,547,OP,,2023-04-30,2024-05-30,2024-11-30,,
2116,S032460100D4,4,548,OP,,2023-04-30,2024-05-30,2024-11-30,,
2117,S032460365D4,4,549,OP,,2023-04-30,2024-05-30,2024-11-30,,
2118,S032460168F9,4,562,OP,,2025-09-30,2026-10-30,2027-04-30,,
2119,S032460158F9,4,563,OP,,2025-09-30,2026-10-30,2027-04-30,,
2120,S032460138F9,4,581,OP,,2025-09-30,2026-10-30,2027-04-30,,
2121,S032460160F9,4,582,OP,,2025-09-30,2026-10-30,2027-04-30,,
2122,S032460197D4,4,20,OP,,2023-04-30,2025-05-30,2025-05-30,,
2123,S032550021D7,5,83,OP,,2023-07-31,2025-08-31,2025-08-31,,
2124,S032460018D7,4,162,OP,,2023-07-31,2025-08-31,2025-08-31,,
2125,S032460029D4,4,227,OP,,2023-04-30,2025-05-30,2025-05-30,,
2126,S032550003D7,5,261,OP,,2023-07-31,2025-08-31,2025-08-31,,
2127,S032460095D4,4,272,OP,,2023-04-30,2025-05-30,2025-05-30,,
2128,S032550054D7,5,288,OP,,2023-07-31,2025-08-31,2025-08-31,,
2129,S032550014D7,5,343,OP,,2023-07-31,2025-08-31,2025-08-31,,
2130,S032460392D7,4,376,OP,,2023-07-31,2025-08-31,2025-08-31,,
2131,S032550172EA,5,414,OP,,2024-10-31,2026-11-30,2026-11-30,,
2132,S032550148EA,5,415,OP,,2024-10-31,2026-11-30,2026-11-30,,
2133,S032550137EA,5,416,OP,,2024-10-31,2026-11-30,2026-11-30,,
2134,S032550140EA,5,417,OP,,2024-10-31,2026-11-30,2026-11-30,,
2135,S032550142EA,5,418,OP,,2024-10-31,2026-11-30,2026-11-30,,
2136,S032550123EA,5,419,OP,,2024-10-31,2026-11-30,2026-11-30,,
2137,S032550162EA,5,420,OP,,2024-10-31,2026-11-30,2026-11-30,,
2138,S032550167EA,5,421,OP,,2024-10-31,2026-11-30,2026-11-30,,
2139,S032550170EA,5,422,OP,,2024-10-31,2026-11-30,2026-11-30,,
2140,S032550149EA,5,423,OP,,2024-10-31,2026-11-30,2026-11-30,,
2141,S032550120EA,5,424,OP,,2024-10-31,2026-11-30,2026-11-30,,
2142,S032550130EA,5,425,OP,,2024-10-31,2026-11-30,2026-11-30,,
2143,S032550145EA,5,426,OP,,2024-10-31,2026-11-30,2026-11-30,,
2144,S032550126EA,5,427,OP,,2024-10-31,2026-11-30,2026-11-30,,
2145,S032550191EA,5,428,OP,,2024-10-31,2026-11-30,2026-11-30,,
2146,S032550152EA,5,429,OP,,2024-10-31,2026-11-30,2026-11-30,,
2147,S032460053EB,5,435,DC,,2024-11-30,2026-12-30,2026-12-30,,2026-05-19
2148,S032550303T6,5,477,OP,,1900-06-30,1902-07-30,1902-07-30,,
2149,S032550931U6,5,524,OP,,1900-06-30,1902-07-30,1902-07-30,,
2150,S032550178EA,5,550,OP,,2024-10-31,2026-11-30,2026-11-30,,
2151,S032550118EA,5,551,OP,,2024-10-31,2026-11-30,2026-11-30,,
2152,S032550050EB,5,552,OP,,2024-11-30,2026-12-30,2026-12-30,,
2153,S032550058EB,5,553,OP,,2024-11-30,2026-12-30,2026-12-30,,
2154,S032550034EB,5,554,OP,,2024-11-30,2026-12-30,2026-12-30,,
2155,S032550014EB,5,555,OP,,2024-11-30,2026-12-30,2026-12-30,,
2156,S032550033EB,5,556,OP,,2024-11-30,2026-12-30,2026-12-30,,
2157,S032550054EB,5,557,OP,,2024-11-30,2026-12-30,2026-12-30,,
2158,S032550051EB,5,558,OP,,2024-11-30,2026-12-30,2026-12-30,,
2159,S032550024EB,5,559,OP,,2024-11-30,2026-12-30,2026-12-30,,
2160,S032550021EB,5,560,OP,,2024-11-30,2026-12-30,2026-12-30,,
2161,S032550012EB,5,561,OP,,2024-11-30,2026-12-30,2026-12-30,,
2162,S032550028EB,5,564,OP,,2024-11-30,2026-12-30,2026-12-30,,
2163,S032550027EB,5,565,OP,,2024-11-30,2026-12-30,2026-12-30,,
2164,S032550168EA,5,566,OP,,2024-10-31,2026-11-30,2026-11-30,,
2165,S032550146EA,5,567,OP,,2024-10-31,2026-11-30,2026-11-30,,
2166,S032550045EB,5,568,OP,,2024-11-30,2026-12-30,2026-12-30,,
2167,S032550022EB,5,569,OP,,2024-11-30,2026-12-30,2026-12-30,,
2168,S032550195EA,5,570,OP,,2024-10-31,2026-11-30,2026-11-30,,
2169,S032550056EB,5,572,OP,,2024-11-30,2026-12-30,2026-12-30,,
2170,S032550127EA,5,573,OP,,2024-10-31,2026-11-30,2026-11-30,,
2171,S032550048EB,5,574,OP,,2024-11-30,2026-12-30,2026-12-30,,
2172,S032550038EB,5,575,OP,,2024-11-30,2026-12-30,2026-12-30,,
2173,S032550029EB,5,576,OP,,2024-11-30,2026-12-30,2026-12-30,,
2174,S032550117EA,5,577,OP,,2024-10-31,2026-11-30,2026-11-30,,
2175,S032550043EB,5,578,OP,,2024-11-30,2026-12-30,2026-12-30,,
2176,S032550055EB,5,579,OP,,2024-11-30,2026-12-30,2026-12-30,,
2177,S032550035EA,5,580,OP,,2024-10-31,2026-11-30,2026-11-30,,
2178,S032550185EA,5,585,OP,,2024-10-31,2026-11-30,2026-11-30,,
2179,S032550052EB,5,586,OP,,2024-11-30,2026-12-30,2026-12-30,,
2180,SCO3110103WC,6,587,OP,,2019-12-31,2022-01-31,2022-01-31,,
2181,SCO3110120E1,6,588,OP,,2024-01-31,2026-02-28,2026-02-28,,
2182,SC03110011C7,6,589,OP,,2022-07-31,2024-08-31,2024-08-31,,
2183,SCO3110204D3,6,590,OP,,2023-03-31,2025-04-30,2025-04-30,,
2184,SCO3110576W6,6,591,OP,,2019-06-30,2021-07-30,2021-07-30,,
2185,SC03110174WC,6,593,OP,,2019-12-31,2022-01-31,2022-01-31,,
2186,SC03110688WB,6,594,OP,,2019-11-30,2021-12-30,2021-12-30,,
2187,SC03110761Q6,6,595,OP,,2013-06-30,2015-07-30,2015-07-30,,
2188,SCO3110533A6,6,597,OP,,2020-06-30,2022-07-30,2022-07-30,,
2189,SC03110305A3,6,598,OP,,2020-03-31,2022-04-30,2022-04-30,,
2190,S014110963F2,6,602,OP,,2025-02-28,2027-03-28,2027-03-28,,
2191,SCO3420305E6,7,587,OP,,2024-06-30,2026-07-30,2026-07-30,,
2192,SC03420304E6,7,588,OP,,2024-06-30,2026-07-30,2026-07-30,,
2193,SC03420800F6,7,589,OP,,2025-06-30,2027-07-30,2027-07-30,,
2194,SCO3420323E6,7,590,OP,,2024-06-30,2026-07-30,2026-07-30,,
2195,SCO3420328E6,7,591,OP,,2024-06-30,2026-07-30,2026-07-30,,
2196,SC03420238E6,7,593,OP,,2024-06-30,2026-07-30,2026-07-30,,
2197,SC03420055C4,7,594,OP,,2022-04-30,2024-05-30,2024-05-30,,
2198,SC03420044E6,7,595,OP,,2024-06-30,2026-07-30,2026-07-30,,
2199,SCO3420667C6,7,597,OP,,2022-06-30,2024-07-30,2024-07-30,,
2200,SC03420779DC,7,598,OP,,2023-12-31,2026-01-31,2026-01-31,,
2201,SC03420657F6,7,602,OP,,2025-06-30,2027-07-30,2027-07-30,,
2202,SCO3060244Q6,9,587,OP,,2013-06-30,2015-07-30,2015-07-30,,
2203,SC03060174Q6,9,588,OP,,2013-06-30,2015-07-30,2015-07-30,,
2204,SC03060023VC,9,589,OP,,2018-12-31,2021-01-31,2021-01-31,,
2205,SCO3060247Q6,9,590,OP,,2013-06-30,2015-07-30,2015-07-30,,
2206,SCO3060182Q6,9,591,OP,,2013-06-30,2015-07-30,2015-07-30,,
2207,SC03060161Q6,9,593,OP,,2013-06-30,2015-07-30,2015-07-30,,
2208,SC03060227Q6,9,594,OP,,2013-06-30,2015-07-30,2015-07-30,,
2209,SC03060261Q6,9,595,OP,,2013-06-30,2015-07-30,2015-07-30,,
2210,SCO3060296Q6,9,597,OP,,2013-06-30,2015-07-30,2015-07-30,,
2211,SC03060238T1,9,598,OP,,2016-01-31,2018-02-28,2018-02-28,,
2212,SCO3AR0196Q6,12,587,OP,,2013-06-30,2015-07-30,2015-07-30,,
2213,SC03AR0521UC,12,588,OP,,2017-12-31,2020-01-31,2020-01-31,,
2214,SC03AR0136Q6,12,589,OP,,2013-06-30,2015-07-30,2015-07-30,,
2215,SCO3AR0252Q6,12,590,OP,,2013-06-30,2015-07-30,2015-07-30,,
2216,SC03AR0166Q6,12,591,OP,,2013-06-30,2015-07-30,2015-07-30,,
2217,SC03AR0137Q6,12,593,OP,,2013-06-30,2015-07-30,2015-07-30,,
2218,SC03AR0149Q6,12,594,OP,,2013-06-30,2015-07-30,2015-07-30,,
2219,SC03AR0135Q6,12,595,OP,,2013-06-30,2015-07-30,2015-07-30,,
2220,SCO3AR0119Q6,12,597,OP,,2013-06-30,2015-07-30,2015-07-30,,
2221,SC03AR0283R8,12,598,OP,,2014-08-31,2016-09-30,2016-09-30,,
2222,SC03110429BB,6,606,OP,,2021-11-30,2023-12-30,2023-12-30,,
2223,SC03110152F3,6,607,OP,,2025-03-31,2027-04-30,2027-04-30,,
2224,SCO3110550E5,6,608,OP,,2024-05-31,2026-06-30,2026-06-30,,
2225,SCO3110402D9,6,609,DC,,2023-09-30,2025-10-30,2025-10-30,,2026-03-22
2226,SC03110407DC,6,610,OP,,2023-12-31,2026-01-31,2026-01-31,,
2227,SC03420519E7,7,606,OP,,2024-07-31,2026-08-31,2026-08-31,,
2228,SC03450194DB,7,607,OP,,2023-11-30,2025-12-30,2025-12-30,,
2229,SCO3420646C6,7,609,DC,,2022-06-30,2024-07-30,2024-07-30,,2026-03-22
2230,SC03B50051DA,7,610,OP,,2023-10-31,2025-11-30,2025-11-30,,
2231,SC03500107F4,8,606,OP,,2025-04-30,2026-05-30,2026-05-30,,
2232,SC03500082BA,8,607,OP,,2021-10-31,2022-11-30,2022-11-30,,
2233,SCO3500045F4,8,608,OP,,2025-04-30,2026-05-30,2026-05-30,,
2234,SCO3500003B9,8,609,OP,,2021-09-30,2022-10-30,2022-10-30,,
2235,SC03500136F4,8,610,OP,,2025-04-30,2026-05-30,2026-05-30,,
2236,SC03760021F4,14,606,OP,,2025-04-30,2027-05-30,2027-05-30,,
2237,SC03760031F4,14,607,OP,,2025-04-30,2027-05-30,2027-05-30,,
2238,SCO3760028F4,14,608,OP,,2025-04-30,2027-05-30,2027-05-30,,
2239,SCO3760017A4,14,609,OP,,2020-04-30,2022-05-30,2022-05-30,,
2240,SC03760023F4,14,610,OP,,2025-04-30,2027-05-30,2027-05-30,,
2241,SC03780022D1,10,606,OP,,2023-01-31,2024-02-29,2025-02-28,,
2242,SC03780005F5,10,607,OP,,2025-05-31,2026-06-30,2027-06-30,,
2243,SCO3780012F5,10,608,OP,,2025-05-31,2026-06-30,2027-06-30,,
2244,SCO3780029B5,10,609,DC,,2021-05-31,2022-06-30,2023-06-30,,2026-03-22
2245,SC03780036F5,10,610,OP,,2025-05-31,2026-06-30,2027-06-30,,
2246,SC03110106WA,6,611,OP,,2019-10-31,2021-11-30,2021-11-30,,
2247,SC03110270EB,6,612,OP,,2024-11-30,2026-12-30,2026-12-30,,
2248,SC03110574E5,6,613,OP,,2024-05-31,2026-06-30,2026-06-30,,
2249,SC03110015F2,6,614,OP,,2025-02-28,2027-03-28,2027-03-28,,
2250,SC03110164V5,6,615,DC,,2018-05-31,2020-06-30,2020-06-30,,2026-06-01
2251,SC03110376CA,6,616,OP,,2022-10-31,2024-11-30,2024-11-30,,
2252,SC03420546FA,7,611,OP,,2025-10-31,2027-11-30,2027-11-30,,
2253,SC03420326E7,7,612,DC,,2024-07-31,2026-08-31,2026-08-31,,2026-09-03
2254,SC03421028FA,7,613,OP,,2025-10-31,2027-11-30,2027-11-30,,
2255,SC03420563C6,7,614,DC,,2022-06-30,2024-07-30,2024-07-30,,2026-06-01
2256,SC03420518E7,7,615,OP,,2024-07-31,2026-08-31,2026-08-31,,
2257,SC03420452E7,7,616,OP,,2024-07-31,2026-08-31,2026-08-31,,
2258,SC03AF0184F7,15,611,OP,,2025-07-31,2027-08-31,2027-08-31,,
2259,SC037F0011E9,15,612,OP,,2024-09-30,2026-10-30,2026-10-30,,
2260,SC03AF0007VC,15,613,OP,,2018-12-31,2021-01-31,2021-01-31,,
2261,SC03AF0008B3,15,614,OP,,2021-03-31,2023-04-30,2023-04-30,,
2262,SC03AF0021D2,15,615,OP,,2023-02-28,2025-03-28,2025-03-28,,
2263,SC03AF0158F7,15,616,OP,,2025-07-31,2027-08-31,2027-08-31,,
2264,SC03750014DB,13,611,OP,,2023-11-30,2025-12-30,2025-12-30,,
2265,SC03750011E9,13,612,OP,,2024-09-30,2026-10-30,2026-10-30,,
2266,SC03750053E9,13,613,OP,,2024-09-30,2026-10-30,2026-10-30,,
2267,SC03750009D3,13,614,OP,,2023-03-31,2025-04-30,2025-04-30,,
2268,SC03750015WC,13,615,OP,,2019-12-31,2022-01-31,2022-01-31,,
2269,SC03750148F7,13,616,OP,,2025-07-31,2027-08-31,2027-08-31,,
2270,SC03490017F9,11,611,OP,,2025-09-30,2027-10-30,2027-10-30,,
2271,SC03490034F9,11,612,OP,,2025-09-30,2027-10-30,2027-10-30,,
2272,SC03490016F9,11,613,OP,,2025-09-30,2027-10-30,2027-10-30,,
2273,SC03490024A7,11,614,DC,,2020-07-31,2022-08-31,2022-08-31,,2026-06-01
2274,SC03490052W3,11,615,OP,,2019-03-31,2021-04-30,2021-04-30,,
2275,SC03AF0238T5,11,616,OP,,2016-05-31,2018-06-30,2018-06-30,,
2276,SCO3110237E1,6,617,OP,,2024-01-31,2026-02-28,2026-02-28,,
2277,SC03110164D4,6,618,OP,,2023-04-30,2025-05-30,2025-05-30,,
2278,SC03110089F3,6,619,OP,,2025-03-31,2027-04-30,2027-04-30,,
2279,SC03110034F9,6,620,OP,,2025-09-30,2027-10-30,2027-10-30,,
2280,SC03110011E4,6,621,OP,,2024-04-30,2026-05-30,2026-05-30,,
2281,SCO3420304E6,7,617,OP,,2024-06-30,2026-07-30,2026-07-30,,
2282,SC03420520EA,7,618,OP,,2024-10-31,2026-11-30,2026-11-30,,
2283,SC03421160EA,7,619,OP,,2024-10-31,2026-11-30,2026-11-30,,
2284,SCO3420427F5,7,620,OP,,2025-05-31,2027-06-30,2027-06-30,,
2285,SC03420033F3,7,621,OP,,2025-03-31,2027-04-30,2027-04-30,,
2286,SCO3060170EB,9,617,OP,,2024-11-30,2026-12-30,2026-12-30,,
2287,SC03060585EC,9,619,OP,,2024-12-31,2027-01-31,2027-01-31,,
2288,SCO3060191F3,9,620,OP,,2025-03-31,2027-04-30,2027-04-30,,
2289,SC03060071E4,9,621,OP,,2024-04-30,2026-05-30,2026-05-30,,
2290,SC03AR0274EC,12,617,OP,,2024-12-31,2027-01-31,2027-01-31,,
2291,SC03AR0423EC,12,619,OP,,2024-12-31,2027-01-31,2027-01-31,,
2292,SC03AR0096F8,12,620,OP,,2025-08-31,2027-09-30,2027-09-30,,
2293,SC03AR0085E4,12,621,OP,,2024-04-30,2026-05-30,2026-05-30,,
2294,SC03130177W3,17,618,OP,,2019-03-31,2021-04-30,2021-04-30,,
2295,SC03A40275R4,16,617,OP,,2014-04-30,2016-05-30,2016-05-30,,
2296,SC03A40067Q7,16,618,OP,,2013-07-31,2015-08-31,2015-08-31,,
2297,SC03A40553Q5,16,619,OP,,2013-05-31,2015-06-30,2015-06-30,,
2298,SCO3A40158T9,16,620,OP,,2016-09-30,2018-10-30,2018-10-30,,
2299,SC03A40109E4,16,621,OP,,2024-04-30,2026-05-30,2026-05-30,,
2300,SC03110279E8,6,651,OP,,2024-08-31,2026-09-30,2026-09-30,,
2301,SCA3110010E6,6,652,OP,,2024-06-30,2026-07-30,2026-07-30,,
2302,SCA3110218E7,6,653,OP,,2024-07-31,2026-08-31,2026-08-31,,
2303,SCA3110345E8,6,654,OP,,2024-08-31,2026-09-30,2026-09-30,,
2304,SCA3110566E5,6,655,OP,,2024-05-31,2026-06-30,2026-06-30,,
2305,SCA3110181F7,6,656,OP,,2025-07-31,2027-08-31,2027-08-31,,
2306,SCA3110195F7,6,657,OP,,2025-07-31,2027-08-31,2027-08-31,,
2307,SCA3110174F7,6,658,OP,,2025-07-31,2027-08-31,2027-08-31,,
2308,SCA3110405E2,6,659,OP,,2024-02-28,2026-03-28,2026-03-28,,
2309,SCA3110385E2,6,660,OP,,2024-02-28,2026-03-28,2026-03-28,,
2310,SCA3110399E2,6,661,OP,,2024-02-28,2026-03-28,2026-03-28,,
2311,SCA3110388E2,6,662,OP,,2024-02-28,2026-03-28,2026-03-28,,
2312,SCA3110390E2,6,663,OP,,2024-02-28,2026-03-28,2026-03-28,,
2313,SCA3110797E1,6,664,OP,,2024-01-31,2026-02-28,2026-02-28,,
2314,SCA3110386E2,6,665,OP,,2024-02-28,2026-03-28,2026-03-28,,
2315,SCA3110787E1,6,666,OP,,2024-01-31,2026-02-28,2026-02-28,,
2316,SCA3110406E2,6,667,OP,,2024-02-28,2026-03-28,2026-03-28,,
2317,SCA3110378E2,6,668,OP,,2024-02-28,2026-03-28,2026-03-28,,
2318,SCA3110826E1,6,669,OP,,2024-01-31,2026-02-28,2026-02-28,,
2319,SCA3110802E1,6,670,OP,,2024-01-31,2026-02-28,2026-02-28,,
2320,SCA3110403E2,6,671,OP,,2024-02-28,2026-03-28,2026-03-28,,
2321,SCA3110182F7,6,672,OP,,2025-07-31,2027-08-31,2027-08-31,,
2322,SCA3110196F7,6,673,OP,,2025-07-31,2027-08-31,2027-08-31,,
2323,SCA3110372E2,6,674,OP,,2024-02-28,2026-03-28,2026-03-28,,
2324,SCA3110795E1,6,675,OP,,2024-01-31,2026-02-28,2026-02-28,,
2325,SCA3110379E2,6,676,OP,,2024-02-28,2026-03-28,2026-03-28,,
2326,SC03420135F8,7,651,OP,,2025-08-31,2027-09-30,2027-09-30,,
2327,SC03B50188EB,7,652,OP,,2024-11-30,2026-12-30,2026-12-30,,
2328,SC03B50120EA,7,653,OP,,2024-10-31,2026-11-30,2026-11-30,,
2329,SC03B50260EB,7,654,OP,,2024-11-30,2026-12-30,2026-12-30,,
2330,SCO3420128F8,7,655,OP,,2025-08-31,2027-09-30,2027-09-30,,
2331,SCA3B50007F7,7,656,OP,,2025-07-31,2027-08-31,2027-08-31,,
2332,SCA3B50014F7,7,657,OP,,2025-07-31,2027-08-31,2027-08-31,,
2333,SCA3B50006F7,7,658,OP,,2025-07-31,2027-08-31,2027-08-31,,
2334,SCA3B50153DC,7,659,OP,,2023-12-31,2026-01-31,2026-01-31,,
2335,SCA3B50062E2,7,660,OP,,2024-02-28,2026-03-28,2026-03-28,,
2336,SCA3B50044E2,7,661,OP,,2024-02-28,2026-03-28,2026-03-28,,
2337,SCA3B50057E2,7,662,OP,,2024-02-28,2026-03-28,2026-03-28,,
2338,SCA3B50163DC,7,663,OP,,2023-12-31,2026-01-31,2026-01-31,,
2339,SCA3B50201DC,7,664,OP,,2023-12-31,2026-01-31,2026-01-31,,
2340,SCA3B50156DC,7,665,OP,,2023-12-31,2026-01-31,2026-01-31,,
2341,SCA3B50150DC,7,666,OP,,2023-12-31,2026-01-31,2026-01-31,,
2342,SCA3B50027E2,7,667,OP,,2024-02-28,2026-03-28,2026-03-28,,
2343,SCA3B50045E2,7,668,OP,,2024-02-28,2026-03-28,2026-03-28,,
2344,SCA3B50178DC,7,669,OP,,2023-12-31,2026-01-31,2026-01-31,,
2345,SCA3B50181DC,7,670,OP,,2023-12-31,2026-01-31,2026-01-31,,
2346,SCA3B50070E2,7,671,OP,,2024-02-28,2026-03-28,2026-03-28,,
2347,SCA3B50002F7,7,672,OP,,2025-07-31,2027-08-31,2027-08-31,,
2348,SCA3B50017F7,7,673,OP,,2025-07-31,2027-08-31,2027-08-31,,
2349,SCA3B50064E2,7,674,OP,,2024-02-28,2026-03-28,2026-03-28,,
2350,SCA3B50165EA,7,675,OP,,2024-10-31,2026-11-30,2026-11-30,,
2351,SCA3B50055E2,7,676,OP,,2024-02-28,2026-03-28,2026-03-28,,
2352,SC03060665V3,9,651,OP,,2018-03-31,2020-04-30,2020-04-30,,
2353,SCA3060670EC,9,652,OP,,2024-12-31,2027-01-31,2027-01-31,,
2354,SCA3060086EB,9,653,OP,,2024-11-30,2026-12-30,2026-12-30,,
2355,SCA306040EB,9,654,OP,,2024-11-30,2026-12-30,2026-12-30,,
2356,SCA3060297WC,9,655,OP,,2019-12-31,2022-01-31,2022-01-31,,
2357,SCA3060469F6,9,656,OP,,2025-06-30,2027-07-30,2027-07-30,,
2358,SCA3060427F6,9,657,OP,,2025-06-30,2027-07-30,2027-07-30,,
2359,SCA3060442F6,9,658,OP,,2025-06-30,2027-07-30,2027-07-30,,
2360,SCA3060380E1,9,659,OP,,2024-01-31,2026-02-28,2026-02-28,,
2361,SCA3060224E2,9,660,DC,,2024-02-28,2026-03-28,2026-03-28,,2026-03-25
2362,SCA3060023E3,9,661,OP,,2024-03-31,2026-04-30,2026-04-30,,
2363,SCA3060188E2,9,662,OP,,2024-02-28,2026-03-28,2026-03-28,,
2364,SCA3060385E1,9,663,OP,,2024-01-31,2026-02-28,2026-02-28,,
2365,SCA3060402E1,9,664,OP,,2024-01-31,2026-02-28,2026-02-28,,
2366,SCA3060390E1,9,665,OP,,2024-01-31,2026-02-28,2026-02-28,,
2367,SCA3060422E1,9,666,OP,,2024-01-31,2026-02-28,2026-02-28,,
2368,SCA3060219E2,9,667,OP,,2024-02-28,2026-03-28,2026-03-28,,
2369,SCA3060021E3,9,668,OP,,2024-03-31,2026-04-30,2026-04-30,,
2370,SCA3060369E1,9,669,OP,,2024-01-31,2026-02-28,2026-02-28,,
2371,SCA3060419E1,9,670,OP,,2024-01-31,2026-02-28,2026-02-28,,
2372,SCA3060210E2,9,671,OP,,2024-02-28,2026-03-28,2026-03-28,,
2373,SCA3060443F6,9,672,OP,,2025-06-30,2027-07-30,2027-07-30,,
2374,SCA3060426F6,9,673,OP,,2025-06-30,2027-07-30,2027-07-30,,
2375,SCA3060019E3,9,674,OP,,2024-03-31,2026-04-30,2026-04-30,,
2376,SCA3060409E1,9,675,OP,,2024-01-31,2026-02-28,2026-02-28,,
2377,SCA3060003E3,9,676,OP,,2024-03-31,2026-04-30,2026-04-30,,
2378,SC03AR0097F5,12,651,OP,,2025-05-31,2027-06-30,2027-06-30,,
2379,SCA3AR0528EC,12,652,OP,,2024-12-31,2027-01-31,2027-01-31,,
2380,SCA3AR0548EC,12,653,OP,,2024-12-31,2027-01-31,2027-01-31,,
2381,SCA3AR0263EC,12,654,OP,,2024-12-31,2027-01-31,2027-01-31,,
2382,SC30AR0025F5,12,655,OP,,2025-05-31,2027-06-30,2027-06-30,,
2383,SCA3AR0021F7,12,656,OP,,2025-07-31,2027-08-31,2027-08-31,,
2384,SCA3AR0041F7,12,657,OP,,2025-07-31,2027-08-31,2027-08-31,,
2385,SCA3AR0026F7,12,658,OP,,2025-07-31,2027-08-31,2027-08-31,,
2386,SCA3AR0192E1,12,659,OP,,2024-01-31,2026-02-28,2026-02-28,,
2387,SCA3AR0217E1,12,660,OP,,2024-01-31,2026-02-28,2026-02-28,,
2388,SCA3AR0107E2,12,661,OP,,2024-02-28,2026-03-28,2026-03-28,,
2389,SCA3AR0232E1,12,662,OP,,2024-01-31,2026-02-28,2026-02-28,,
2390,SCA3AR0657E1,12,663,OP,,2024-01-31,2026-02-28,2026-02-28,,
2391,SCA3AR0204E1,12,664,OP,,2024-01-31,2026-02-28,2026-02-28,,
2392,SCA3AR0663E1,12,665,OP,,2024-01-31,2026-02-28,2026-02-28,,
2393,SCA3AR0235E1,12,666,OP,,2024-01-31,2026-02-28,2026-02-28,,
2394,SCA3AR0630E1,12,667,OP,,2024-01-31,2026-02-28,2026-02-28,,
2395,SCA3AR0185E2,12,668,OP,,2024-02-28,2026-03-28,2026-03-28,,
2396,SCA3AR0653E1,12,669,OP,,2024-01-31,2026-02-28,2026-02-28,,
2397,SCA3AR0197E1,12,670,OP,,2024-01-31,2026-02-28,2026-02-28,,
2398,SCA3AR0225E1,12,671,OP,,2024-01-31,2026-02-28,2026-02-28,,
2399,SCA3AR0012F7,12,672,OP,,2025-07-31,2027-08-31,2027-08-31,,
2400,SCA3AR0009F7,12,673,OP,,2025-07-31,2027-08-31,2027-08-31,,
2401,SCA3AR0150E2,12,674,OP,,2024-02-28,2026-03-28,2026-03-28,,
2402,SCA3AR0205E1,12,675,OP,,2024-01-31,2026-02-28,2026-02-28,,
2403,SCA3AR0176E2,12,676,OP,,2024-02-28,2026-03-28,2026-03-28,,
2404,SC04600070V5,18,651,OP,,2018-05-31,2020-06-30,2020-06-30,,
2405,SCA4600069WC,18,652,OP,,2019-12-31,2022-01-31,2022-01-31,,
2406,SCA4600078WC,18,653,OP,,2019-12-31,2022-01-31,2022-01-31,,
2407,SCA4600061WC,18,654,OP,,2019-12-31,2022-01-31,2022-01-31,,
2408,SCA4600060WC,18,655,OP,,2019-12-31,2022-01-31,2022-01-31,,
2409,SCA4600011F7,18,656,OP,,2025-07-31,2027-08-31,2027-08-31,,
2410,SCA4600003F7,18,657,OP,,2025-07-31,2027-08-31,2027-08-31,,
2411,SCA4600006F7,18,658,OP,,2025-07-31,2027-08-31,2027-08-31,,
2412,SCA4600021E2,18,659,OP,,2024-02-28,2026-03-28,2026-03-28,,
2413,SCA4600030E2,18,660,OP,,2024-02-28,2026-03-28,2026-03-28,,
2414,SCA4600001E3,18,661,OP,,2024-03-31,2026-04-30,2026-04-30,,
2415,SCA4600027E2,18,662,OP,,2024-02-28,2026-03-28,2026-03-28,,
2416,SCA4600017E2,18,663,OP,,2024-02-28,2026-03-28,2026-03-28,,
2417,SCA4600002E2,18,664,OP,,2024-02-28,2026-03-28,2026-03-28,,
2418,SCA4600020E2,18,665,OP,,2024-02-28,2026-03-28,2026-03-28,,
2419,SCA4600001E2,18,666,OP,,2024-02-28,2026-03-28,2026-03-28,,
2420,SCA4600029E2,18,667,OP,,2024-02-28,2026-03-28,2026-03-28,,
2421,SCA4600023E2,18,668,OP,,2024-02-28,2026-03-28,2026-03-28,,
2422,SCA4600018E2,18,669,OP,,2024-02-28,2026-03-28,2026-03-28,,
2423,SCA460007E2,18,670,OP,,2024-02-28,2026-03-28,2026-03-28,,
2424,SCA4600025E2,18,671,OP,,2024-02-28,2026-03-28,2026-03-28,,
2425,SCA4600005F7,18,672,OP,,2025-07-31,2027-08-31,2027-08-31,,
2426,SCA4600009F7,18,673,OP,,2025-07-31,2027-08-31,2027-08-31,,
2427,SCA4600026E2,18,674,OP,,2024-02-28,2026-03-28,2026-03-28,,
2428,SCA460003E2,18,675,OP,,2024-02-28,2026-03-28,2026-03-28,,
2429,SCA4600024E2,18,676,OP,,2024-02-28,2026-03-28,2026-03-28,,
2430,SC03421284EA,25,609,OP,,,2027-10-01,2027-10-01,2026-03-22,
2431,SC03780023F5,10,609,OP,,,2026-08-31,2026-08-31,2026-03-22,
2432,SC03110032F9,6,609,OP,,,2027-12-31,2027-12-31,2026-03-22,
2433,SCA3060063FA,9,660,OP,,,2027-01-31,2029-01-31,2026-03-25,
2434,S032560121G3,9,405,OP,,,2027-04-30,2028-04-01,2026-05-19,
2435,S032460026F8,4,51,OP,,,2026-08-26,2027-08-31,2026-05-19,
2436,S014170045EA,1,571,OP,,,,2026-04-14,2026-04-14,
2437,S022040091G1,2,571,OP,,,,2028-01-14,2026-04-14,
2438,S032560104EA,3,571,OP,,,,2026-11-14,2026-04-14,
2439,S032560023FC,4,399,OP,2027-03-19,,2026-03-19,2027-03-30,2026-05-19,
2440,S014170105F9,1,1080,OP,,,,2027-09-30,2026-04-14,
2441,S022040039F8,2,1080,OP,,,,2027-08-31,2026-04-14,
2442,S032560060F9,3,1080,OP,,,,2027-09-30,2026-04-14,
2443,S032460061F9,4,1080,OP,,,,2026-09-30,2026-04-14,
2444,S022040205F6,2,54,OP,,,,2028-09-30,2026-04-22,
2445,S032460008G1,4,54,OP,,,,2027-04-22,2026-04-22,
2446,S032460019G2,4,179,OP,,,2027-03-22,2027-03-22,2026-04-22,
2447,S022040465E9,2,179,OP,,,,2027-09-30,2026-04-22,
2448,S032460022F5,4,467,OP,,2027-05-31,,,2026-04-22,
2449,S022040123F6,2,467,OP,,,2027-09-30,2028-09-22,2026-04-22,
2450,S032560106G3,3,414,OP,,,2027-03-05,2028-03-05,2026-05-04,
2451,S022040255F6,2,565,OP,,,2026-07-01,2027-07-01,2026-05-04,
2452,S032460003G2,4,405,OP,,,2027-05-30,2027-05-30,2026-05-19,
2453,S032460036G2,4,8,OP,,,2027-03-01,2027-05-01,2026-05-11,
2454,S032460006G2,4,583,OP,,,2027-03-31,2027-05-01,2026-05-11,
2455,S014170028G3,1,583,OP,,,2027-04-01,2028-04-01,2026-05-11,
2456,S032560125G3,3,583,OP,,,2027-04-01,2028-03-12,2026-05-11,
2457,S014170003G3,1,8,OP,,,2027-04-19,2028-04-30,2026-05-18,
2458,S032560138G3,3,8,OP,,,2027-04-19,2028-04-19,2026-05-18,
2459,S014170070G3,1,405,OP,,,2027-04-01,2028-04-19,2026-05-19,
2460,S014170024G3,1,399,OP,,,2027-04-30,2028-05-19,2026-05-19,
2461,S032560122G3,3,399,OP,,,2027-03-31,2028-05-19,2026-05-19,
2462,S014170001G3,1,156,OP,,,2027-04-01,2028-04-19,2026-05-19,
2463,S032560111G3,3,156,OP,,,2027-04-19,2028-04-19,2026-05-19,
2464,S032460004FC,4,156,OP,,,2027-03-19,2027-04-19,2026-05-19,
2465,S014170012G3,1,141,OP,,,2027-04-19,2028-04-19,2026-05-19,
2466,S032560135G3,3,141,OP,,,2027-03-19,2028-03-19,2026-05-19,
2467,S032460027G2,4,141,OP,,,2027-02-19,2027-02-19,2026-05-19,
2468,S014170003F8,1,309,OP,,,2026-08-19,2027-08-19,2026-05-19,
2469,S032560017F8,3,309,OP,,,2027-08-19,2027-08-19,2026-05-19,
2470,S032460017G2,4,309,OP,,,2027-02-19,2027-03-19,2026-05-19,
2471,S014170002G3,1,51,OP,,,2027-04-19,2028-04-19,2026-05-19,
2472,S032560142G3,3,51,OP,,,2027-04-19,2028-04-19,2026-05-19,
2473,S014170030G3,1,94,OP,,,2027-03-31,2028-04-19,2026-05-19,
2474,S032560116G3,3,94,OP,,,2027-03-19,2028-04-19,2026-05-19,
2475,S032460010G2,4,94,OP,,,2026-02-19,2026-02-19,2026-05-19,
2476,S014170017G3,1,113,OP,,,2027-04-19,2028-04-19,2026-05-19,
2477,S032560113G3,3,113,OP,,,2027-04-19,2028-04-19,2026-05-19,
2478,S032460007FC,4,113,OP,,,2026-12-19,2026-12-19,2026-05-19,
2479,S022040300F6,2,576,OP,,,2026-07-19,2027-06-19,2026-05-19,
2480,S022040215F6,2,435,OP,,,2026-06-19,2027-06-19,2026-05-19,
2481,S022040274F6,2,436,OP,,,2026-06-19,2027-06-19,2026-05-19,
2482,S032550013EB,5,436,OP,,,2026-11-19,2027-11-30,2026-05-19,
2483,S032550053EB,5,435,OP,,,2026-11-19,2027-11-19,2026-05-19,
2484,S014170022G3,1,390,OP,,,2027-03-19,2028-03-19,2026-05-19,
2485,S032560134G3,3,390,OP,,,2027-03-19,2028-03-19,2026-05-19,
2486,S032460023G2,4,390,OP,,,2026-02-19,2027-02-19,2026-05-19,
2487,S014170013G3,1,18,OP,,,2027-03-19,2028-03-19,2026-05-19,
2488,S032560108G3,3,18,OP,,,2027-03-19,2028-03-19,2026-05-19,
2489,S032460016FC,4,18,OP,,,2026-12-19,2026-12-19,2026-05-19,
2490,S014170053G3,1,112,OP,,,2027-03-19,2028-03-19,2026-05-19,
2491,S032560141G3,3,112,OP,,,2027-03-19,2028-03-19,2026-05-19,
2492,S032460037G2,4,259,OP,,,2027-02-19,2027-02-19,2026-05-19,
2493,SC03490005G4,11,614,OP,,,2027-04-30,2028-04-01,2026-06-01,
2494,SC03B50259E8,7,614,OP,,,2027-08-01,2027-08-01,2026-06-01,
2495,SCA3110192F7,6,1084,OP,,,2026-07-01,2030-07-01,2026-06-01,
2496,SCA3B50012F7,7,1084,OP,,,2026-07-01,2028-07-01,2026-06-01,
2497,SCA3060423F6,9,1084,OP,,,2026-06-01,2030-06-01,2026-06-01,
2498,SCA3AR0032F7,12,1084,OP,,,2026-07-01,2030-07-01,2026-06-01,
2499,SCA4600002F7,18,,IS,,,2026-07-01,2030-07-01,,
2500,S014110035F7,6,615,OP,,,2026-07-01,2030-07-01,2026-06-01,
2501,SC03AF0069G3,15,,IS,,,2027-03-24,2028-03-24,,
2502,SC03421033FA,7,1106,OP,,,2026-11-01,2027-12-24,2026-07-15,
2503,SC3421883G6,7,612,OP,,,2028-08-24,2028-09-07,2026-09-03,
